review_id	score_er	artista	disco_rym	anio_rym	tipo_rym	pistas_rym	rym_href	cat_album_id	cat_titulo	cat_anio	clase	veredicto_sugerido	nota	fuente	decision
1820330	0.85695	Misantropia	Against The World Without Toilet Paper	2008	EP	0	/release/ep/misantropia_f1/against_the_world_without_toilet_paper	1411	Againts the world without toilet paper	2008	typo_probable	misma	ratio 0.974; probable typo de la misma obra	review_queue#1820330+er_decision#2533790+albums#1411+dossier-discos.jsonl	
1819268	0.85495	Alban Arthuan	Los Peligro de Jugar con una Caja de Fósforo	2005	Album	20	/release/album/alban-arthuan/los-peligro-de-jugar-con-una-caja-de-fosforo	112	Los Peligros De Jugar Con Una Caja De Fósforos	2007	typo_probable	misma	ratio 0.978; probable typo de la misma obra	review_queue#1819268+er_decision#2531253+albums#112+dossier-discos.jsonl	
1819375	0.85275	Apache	Sin afina' mucho	2009	Mixtape	32	/release/mixtape/apache/sin-afina-mucho	3020	Sin Afinar Mucho	2008	typo_probable	misma	ratio 0.968; probable typo de la misma obra	review_queue#1819375+er_decision#2531582+albums#3020+dossier-discos.jsonl	
1820421	0.84983	Retrovértigo	Idéjala! ...està triste	2003	Album	22	/release/album/retrovertigo/idejala-esta-triste	3581	Déjala! ...Está Triste	2005	typo_probable	misma	ratio 0.973; probable typo de la misma obra	review_queue#1820421+er_decision#2534121+albums#3581+dossier-discos.jsonl	
1819611	0.84487	Cardopusher	Mutant Dubstep Vol. 2	2008	EP	10	/release/ep/cardopusher/mutant-dubstep-vol-2	12801	Mutant Dubstep, Volume 2	2008	misma_escritura	misma	ratio 1.0; misma obra (puntuación/mayúsculas)	review_queue#1819611+er_decision#2532098+albums#12801+dossier-discos.jsonl	
1819640	0.83169	Majarete Sound Machine	Real, orgánico y de baile	2015	Album	22	/release/album/majarete-sound-machine/real-organico-y-de-baile	266	Real Orgánico y Baile	2012	misma_escritura	misma	ratio 0.933; misma obra (puntuación/mayúsculas)	review_queue#1819640+er_decision#2533456+albums#266+dossier-discos.jsonl	
1819636	0.82	Lado B	Rock n' Roll Show, Vol. I	2009	Album	18	/release/album/lado-b/rock-n-roll-show-vol-i	2421	Rock n' Roll Show Vol.1	2010	misma_escritura	misma	ratio 1.0; misma obra (puntuación/mayúsculas)	review_queue#1819636+er_decision#2533132+albums#2421+dossier-discos.jsonl	
1819637	0.85473	Lepster	Danko Sur-Real, Acto II	2020	Album	22	/release/album/lepster/danko-sur-real-acto-ii	15522	Danko Sur-Real Acto I	2019	secuencia	otra	ratio 0.952; secuencia distinta (vol./acto/apéndice/nº)	review_queue#1819637+er_decision#2533265+albums#15522+dossier-discos.jsonl	
1820492	0.84635	Vargas	Nada que perder 2	2025	Album	14	/release/album/vargas/nada-que-perder-2	15622	Nada que perder	2024	secuencia	otra	ratio 0.938; secuencia distinta (vol./acto/apéndice/nº)	review_queue#1820492+er_decision#2535200+albums#15622+dossier-discos.jsonl	
1819612	0.831	Cardopusher	Split 02	2014	EP	8	/release/ep/cardopusher-nehuen/split-02	12791	Split 01	2012	secuencia	otra	ratio 0.875; secuencia distinta (vol./acto/apéndice/nº)	review_queue#1819612+er_decision#2532120+albums#12791+dossier-discos.jsonl	
1819613	0.831	Cardopusher	Split 03	2015	EP	8	/release/ep/cardopusher-nehuen/split-03	12791	Split 01	2012	secuencia	otra	ratio 0.875; secuencia distinta (vol./acto/apéndice/nº)	review_queue#1819613+er_decision#2532142+albums#12791+dossier-discos.jsonl	
1819624	0.84711	Dolli	Colorado	2014	EP	6	/release/ep/dolli/colorado	15484	Coloreado	2016	dudoso	revisar	ratio 0.941	review_queue#1819624+er_decision#2532693+albums#15484+dossier-discos.jsonl	
1820587	0.83303	Zeta	Las nuevas tendencias: Apendice B: Sulphur	2012	Album	12	/release/album/zeta/las-nuevas-tendencias-apendice-b-sulphur	15643	Las nuevas tendencias: Apendice A: Aurum	2012	dudoso	revisar	ratio 0.872	review_queue#1820587+er_decision#2535845+albums#15643+dossier-discos.jsonl	
1820442	0.82309	Subliminal Code	Soldier of Hell Reborn	2016	EP	28	/release/ep/subliminal-code/soldier-of-hell-reborn	15584	Soldier of Hell	2011	dudoso	revisar	ratio 0.811	review_queue#1820442+er_decision#2534449+albums#15584+dossier-discos.jsonl	
1819327	0.82	Ananta	Night and Daydream	1978	Album	18	/release/album/ananta/night-and-daydream	117	Wheels Of Time / Night And Daydream	1978	dudoso	revisar	ratio 0.706	review_queue#1819327+er_decision#2531297+albums#117+dossier-discos.jsonl	
1819630	0.8165	Jovenes y Sexys	Bruno EP	2008	EP	8	/release/ep/jovenes-y-sexys/bruno-ep	2615	Bruno	2008	dudoso	revisar	ratio 0.769	review_queue#1819630+er_decision#2532960+albums#2615+dossier-discos.jsonl	
1820586	0.80023	Vitriol	Dead by Vitriol	2008	EP	8	/release/ep/vitriol_f6/dead_by_vitriol	1838	Death by Vitriol	2008	dudoso	revisar	ratio 0.903	review_queue#1820586+er_decision#2535795+albums#1838+dossier-discos.jsonl	
1820417	0.79632	Novo Color	Novo color vivo (En vivo)	2015	EP	10	/release/ep/novo-color/novo-color-vivo-en-vivo	15551	Novo color vivo (En vivo - centro cultural chacao 2015)	2015	dudoso	revisar	ratio 0.622	review_queue#1820417+er_decision#2533874+albums#15551+dossier-discos.jsonl	
1819374	0.79589	Apache	Territorio: Apache Vol.2 - Champion Sound	2024	Album	28	/release/album/apache/territorio-apache-vol_2-champion-sound	15429	Territorio Apache	2023	dudoso	revisar	ratio 0.586	review_queue#1819374+er_decision#2531547+albums#15429+dossier-discos.jsonl	
1819622	0.79049	Dimension Latina	Billo vs. Dimension	1976	Compilation	0	/release/comp/billos-caracas-boys-dimension-latina/billo-vs-dimension	6972	Billo's & Dimensión Colección 2020	2001	dudoso	revisar	ratio 0.654	review_queue#1819622+er_decision#2532608+albums#6972+dossier-discos.jsonl	
1819631	0.78861	Jovenes y Sexys	Bruno Remixed	2010	EP	8	/release/ep/jovenes-y-sexys/bruno-remixed	2615	Bruno	2008	dudoso	revisar	ratio 0.556	review_queue#1819631+er_decision#2532984+albums#2615+dossier-discos.jsonl	
1820524	0.78349	Vargas	Gorilla Business (En vivo, desde Recoveco Records)	2024	Single	2	/release/single/vargas/gorilla-business-en-vivo-desde-recoveco-records	15633	Gorilla Business	2024	dudoso	revisar	ratio 0.508	review_queue#1820524+er_decision#2535557+albums#15633+dossier-discos.jsonl	
1819621	0.78267	Dimension Latina	Dimension vs Billo	1975	Compilation	0	/release/comp/dimension-latina-billos-caracas-boys/dimension-vs-billo	6934	Dimensión Latina	1972	dudoso	revisar	ratio 0.647	review_queue#1819621+er_decision#2532587+albums#6934+dossier-discos.jsonl	
1819623	0.77618	Dimension Latina	Billo's vs. Dimension Latina	1977	Compilation	0	/release/comp/dimension-latina-billos-caracas-boys/billos-vs-dimension-latina	6972	Billo's & Dimensión Colección 2020	2001	dudoso	revisar	ratio 0.721	review_queue#1819623+er_decision#2532628+albums#6972+dossier-discos.jsonl	
1820620	0.77542	Zeta	V Completar 2024	2023	Single	4	/release/single/zeta/v-completar-2024	15660	Completar	2018	dudoso	revisar	ratio 0.72	review_queue#1820620+er_decision#2536294+albums#15660+dossier-discos.jsonl	
1819614	0.77171	Cardopusher	Psyops Part Two	2020	EP	8	/release/ep/cardopusher/psyops-part-two	12783	Psyops II EP	2020	dudoso	revisar	ratio 0.571	review_queue#1819614+er_decision#2532191+albums#12783+dossier-discos.jsonl	
1820516	0.76222	Vargas	Paréntesis Vol.2 Descanso en la torre	2020	Single	8	/release/single/vargas/parentesis-vol_2-descanso-en-la-torre	15625	(Paréntesis) Sesiones acústicas, Vol. 1	2019	dudoso	revisar	ratio 0.462	review_queue#1820516+er_decision#2535394+albums#15625+dossier-discos.jsonl	
1819937	0.75515	Miguel Noya	The Power of Distance	2019	Album	16	/release/album/miguel-noya-robert-jurjendal/the-power-of-distance	5689	The Sirius Expeditions	1998	dudoso	revisar	ratio 0.419	review_queue#1819937+er_decision#2533667+albums#5689+dossier-discos.jsonl	
1819618	0.74992	Dimension Latina	Salsa Brava	1975	Album	20	/release/album/dimension-latina-76/salsa-brava	12966	Sabor a Salsa	1982	dudoso	revisar	ratio 0.417	review_queue#1819618+er_decision#2532514+albums#12966+dossier-discos.jsonl	
1820530	0.74848	Vargas	Nota negra	2025	Single	2	/release/single/vargas/nota-negra	3139	Notas En Mi Habitación	2010	dudoso	revisar	ratio 0.438	review_queue#1820530+er_decision#2535643+albums#3139+dossier-discos.jsonl	
1820213	0.74524	Miguel Noya	Remixes Bizarros	2014	EP	6	/release/ep/sofia-insomnia-miguel-noya/remixes-bizarros	14582	Remix de la Obra Electronica Gran Sabana	2015	dudoso	revisar	ratio 0.429	review_queue#1820213+er_decision#2533753+albums#14582+dossier-discos.jsonl	
1820457	0.74048	Zardonic	The Chronos Anomaly	2013	Album	24	/release/album/triangular-ascension/the-chronos-anomaly	14405	The Last Invocation / Reptile	2011	dudoso	revisar	ratio 0.391	review_queue#1820457+er_decision#2534785+albums#14405+dossier-discos.jsonl	
1819376	0.7397	Apache	Apa y Can	2013	Mixtape	30	/release/mixtape/apache-canserbero/apa-y-can	15427	Apache	2020	dudoso	revisar	ratio 0.533	review_queue#1819376+er_decision#2531607+albums#15427+dossier-discos.jsonl	
1819605	0.73685	C4 Trío	Tiempo al tiempo	2019	Album	26	/release/album/luis-enrique-c4-trio/tiempo-al-tiempo	14879	Tiembla / Allá Cayó (En Vivo)	2015	dudoso	revisar	ratio 0.488	review_queue#1819605+er_decision#2531936+albums#14879+dossier-discos.jsonl	
1820604	0.73547	Zeta	Live From Red Lion Recording Studio	2025	EP	12	/release/ep/codefendants-zeta/live-from-red-lion-recording-studio	15650	Live in Boston - 10 Years of Resilience in the U.S.	2026	dudoso	revisar	ratio 0.386	review_queue#1820604+er_decision#2536115+albums#15650+dossier-discos.jsonl	
1820523	0.73446	Vargas	El pacto de Richie	2023	Single	2	/release/single/vargas/el-pacto-de-richie	15621	El Primer Viaje del Mago	2022	dudoso	revisar	ratio 0.429	review_queue#1820523+er_decision#2535471+albums#15621+dossier-discos.jsonl	
1819632	0.73346	Juan Peyote	Juan Peyote	1997	Album	0	/release/album/juan_peyote/juan_peyote	2811	J.P	1997	dudoso	revisar	ratio 0.429	review_queue#1819632+er_decision#2533007+albums#2811+dossier-discos.jsonl	
1819633	0.73346	Juan Peyote	Juan Peyote	1997	Album	0	/release/album/juan_peyote/juan_peyote	2811	J.P	1997	dudoso	revisar	ratio 0.429	review_queue#1819633+er_decision#2533031+albums#2811+dossier-discos.jsonl	
1820507	0.73192	Vargas	El escape de la torre	2019	Single	4	/release/single/vargas/el-escape-de-la-torre	15621	El Primer Viaje del Mago	2022	dudoso	revisar	ratio 0.533	review_queue#1820507+er_decision#2535332+albums#15621+dossier-discos.jsonl	
1819643	0.73111	Metrozubdivision	The Black Album	2000	Album	0	/release/album/metrozubdivision/the_black_album	283	Black	1999	dudoso	revisar	ratio 0.5	review_queue#1819643+er_decision#2533574+albums#283+dossier-discos.jsonl	
1820525	0.73035	Vargas	El ultimo Disaster en Caracas (En vivo)	2025	Single	4	/release/single/vargas/el-ultimo-disaster-en-caracas-en-vivo	15621	El Primer Viaje del Mago	2022	dudoso	revisar	ratio 0.361	review_queue#1820525+er_decision#2535582+albums#15621+dossier-discos.jsonl	
1819620	0.72938	Dimension Latina	Paranpanpan / El mala suerte	1976	Single	0	/release/single/dimension-latina/paranpanpan-el-mala-suerte	6951	Para Siempre!	1981	dudoso	revisar	ratio 0.474	review_queue#1819620+er_decision#2532568+albums#6951+dossier-discos.jsonl	
1820134	0.72931	Miguel Noya	Biofonía II: Voces de la Tierra	2025	Album	50	/release/album/miguel-noya/biofonía-ii-voces-de-la-tierra	15545	Biophony / Life Voices	2023	dudoso	revisar	ratio 0.48	review_queue#1820134+er_decision#2533731+albums#15545+dossier-discos.jsonl	
1820426	0.72922	Southaven	La Corte Del Fuzz	2017	EP	6	/release/ep/southaven/la-corte-del-fuzz	1639	La Caza de las Bruxas EP	2017	dudoso	revisar	ratio 0.488	review_queue#1820426+er_decision#2534344+albums#1639+dossier-discos.jsonl	
1820603	0.72793	Zeta	Live Session 2021	2022	EP	8	/release/ep/zeta/live-session-2021	15650	Live in Boston - 10 Years of Resilience in the U.S.	2026	dudoso	revisar	ratio 0.308	review_queue#1820603+er_decision#2536088+albums#15650+dossier-discos.jsonl	
1819606	0.72776	C4 Trío	Tembla	2024	Album	20	/release/album/hamilton-de-holanda-c4-trio/tembla	14879	Tiembla / Allá Cayó (En Vivo)	2015	dudoso	revisar	ratio 0.387	review_queue#1819606+er_decision#2531960+albums#14879+dossier-discos.jsonl	
1820522	0.7254	Vargas	El silencio del espejo	2023	Single	4	/release/single/vargas/el-silencio-del-espejo	15621	El Primer Viaje del Mago	2022	dudoso	revisar	ratio 0.522	review_queue#1820522+er_decision#2535446+albums#15621+dossier-discos.jsonl	
1819698	0.72282	Metrozubdivision	Another Self	2023	Single	2	/release/single/metrozubdivision/another-self	82	Answer Machine	2008	dudoso	revisar	ratio 0.462	review_queue#1819698+er_decision#2533593+albums#82+dossier-discos.jsonl	
1819638	0.72182	Los J	No vas a caer	2014	EP	8	/release/ep/los_j/no_vas_a_caer	15529	No nos [ J ] más	2015	dudoso	revisar	ratio 0.4	review_queue#1819638+er_decision#2533388+albums#15529+dossier-discos.jsonl	
