rym_name	rym_href	nlocs	clase_etapa2	cat_tipo	cat_id	cat_nombre	cat_sim	cat_via	cat_creado	ev_formado	ev_generos	ev_discos	ev_miembro_de	discos_solapan	veredicto_sugerido	nota	propuesta	nota_fina	fuente	decision
Rafael Mussett	/artist/rafael-mussett	20	D_sin_senal	persona	32223	Rafael Musset	0.963	near	2026-10-02			0		0	alias_probable	sim 0.96	alias	typo (T doble): Rafael Musset	dossier-nuevos.jsonl#revisar_homonimo + BD cats#32223	
Carlos Huertas	/artist/carlos-huertas	3	D_sin_senal	persona	27138	Carlos Huerta	0.963	near	2026-10-02			0		0	alias_probable	sim 0.96	alias	plural/singular: Carlos Huerta	dossier-nuevos.jsonl#revisar_homonimo + BD cats#27138	
Gustavo Elis	/artist/gustavo-elis	5	D_miembro_de:Gustavo y Rein	persona	36298	Gustavo Celís	0.96	near	2026-10-02			0	Gustavo y Rein [fuera]	0	alias_probable	sim 0.96	revisar	«Elis» vs «Celís»: verificar identidad	dossier-nuevos.jsonl#revisar_homonimo + BD cats#36298	
Miguel Farías	/artist/miguel-farias	3	D_sin_senal	persona	1165	Miguel Arias	0.96	near	2026-09-13			1		0	alias_probable	sim 0.96	revisar	«Farías» vs «Arias»: no es variante evidente; verificar identidad	dossier-nuevos.jsonl#revisar_homonimo + BD cats#1165	
Fredy Reyna	/artist/fredy-reyna	14	D_sin_senal	persona	2343	Freddy Reyna	0.957	near	2026-09-13			1		0	alias_probable	sim 0.96	alias	typo (D doble): Freddy Reyna	dossier-nuevos.jsonl#revisar_homonimo + BD cats#2343	
Francisco Tejera	/artist/francisco-tejera	7	D_sin_senal	persona	20054	Francisco M. Tejera	0.941	near	2026-10-02			0		0	alias_dudoso	sim 0.94	alias	inicial media: Francisco M. Tejera	dossier-nuevos.jsonl#revisar_homonimo + BD cats#20054	
Rebelión	/artist/rebelion	5	A_probable	artista	914	Rebellion	0.941	near	2026-09-13	1995	Black Metal	1		0	alias_dudoso	sim 0.94	revisar	¿traducción/variante de «Rebellion»? verificar	dossier-nuevos.jsonl#revisar_homonimo + BD cats#914	
Neblinna	/artist/neblinna	3	A_probable	artista	1831	Neblina	0.933	near	2026-09-13			2		0	alias_dudoso	sim 0.93; también cerca del otro tipo (artista+persona)	alias	typo (N doble): Neblina	dossier-nuevos.jsonl#revisar_homonimo + BD cats#1831	
Mariano Álvarez	/artist/mariano-alvarez	22	D_sin_senal	persona	26500	Mario Alvarez	0.929	near	2026-10-02			0		0	alias_dudoso	sim 0.93	revisar	«Mariano» vs «Mario»: nombres distintos; verificar	dossier-nuevos.jsonl#revisar_homonimo + BD cats#26500	
Acero Plastiko	/artist/acero_plastiko	18	A_probable	artista	1620	Acero Plastico	0.929	near	2026-09-13	2001		1		1	alias_dudoso	sim 0.93; 1 discos coinciden: ContraSistema	alias	typo K/C + disco en común (ContraSistema)	dossier-nuevos.jsonl#revisar_homonimo + BD cats#1620	
Jota Rodríguez	/artist/jota-rodriguez	10	D_sin_senal	persona	14271	Joan Rodriguez	0.929	near	2026-10-01			0		0	alias_dudoso	sim 0.93	revisar	«Jota» vs «Joan»: verificar identidad	dossier-nuevos.jsonl#revisar_homonimo + BD cats#14271	
Raquel González	/artist/raquel-gonzalez-1	9	D_sin_senal	persona	7943	Rael González	0.929	near	2026-09-13		Joropo	1		0	alias_dudoso	sim 0.93	revisar	«Raquel» vs «Rael»: nombres distintos; verificar	dossier-nuevos.jsonl#revisar_homonimo + BD cats#7943	
Carlitos Flores	/artist/carlitos-flores	8	D_sin_senal	persona	25703	Carlos Flores	0.929	near	2026-10-02		Ranchera	1		0	alias_dudoso	sim 0.93	revisar	diminutivo de Carlos; verificar identidad	dossier-nuevos.jsonl#revisar_homonimo + BD cats#25703	
Miguel A. Ferrer	/artist/miguel-a-ferrer	5	D_sin_senal	persona	3348	Miguel Ferrer	0.929	near	2026-09-13			0		0	alias_dudoso	sim 0.93	alias	inicial media: Miguel Ferrer	dossier-nuevos.jsonl#revisar_homonimo + BD cats#3348	
La Banda Casablanca	/artist/la-banda-casablanca	6	A_probable	artista	1404	La Banda de Casablanca	0.927	near	2026-09-13		Jazz-Rock	1		1	alias_dudoso	sim 0.93; 1 discos coinciden: El sueño	alias	artículo («de») + disco en común (El sueño)	dossier-nuevos.jsonl#revisar_homonimo + BD cats#1404	
Adriana	/artist/adriana-2	7	D_sin_senal	persona	25762	Adrián	0.923	near	2026-10-02		Latin Pop	1		0	alias_dudoso	sim 0.92	revisar	«Adriana» vs «Adrián»: verificar	dossier-nuevos.jsonl#revisar_homonimo + BD cats#25762	
Aloisio	/artist/aloisio	5	D_sin_senal	persona	12252	Aloisi	0.923	near	2026-09-22		Pop Rock	1		0	alias_dudoso	sim 0.92	alias	variante ortográfica: Aloisi	dossier-nuevos.jsonl#revisar_homonimo + BD cats#12252	
La Cruz	/artist/la-cruz-3	5	D_miembro_de:Operación Triunfo 2018	persona	24932	L. Cruz	0.923	near	2026-10-02		Reggaetón, Latin Pop	22	Operación Triunfo 2018 [fuera]	0	alias_dudoso	sim 0.92	revisar	«La Cruz» vs «L. Cruz»: verificar	dossier-nuevos.jsonl#revisar_homonimo + BD cats#24932	
Carlos Ibañez	/artist/carlos-ibanez	18	D_sin_senal	persona	26025	Carlos Añez	0.917	near	2026-10-02		Indie Rock	2		0	distinto_probable	sim 0.92	sin_accion		dossier-nuevos.jsonl#revisar_homonimo + BD cats#26025	
Manuel Rocca	/artist/manuel-rocca	7	D_sin_senal	persona	27955	Manuel Rocha	0.917	near	2026-10-02		Trance	1		0	distinto_probable	sim 0.92	sin_accion		dossier-nuevos.jsonl#revisar_homonimo + BD cats#27955	
Juan R. Berbín	/artist/juan-r-berbin	6	D_miembro_de:Seward	persona	32802	Juan Berbín	0.917	near	2026-10-02			2	Seward [fuera]	0	distinto_probable	sim 0.92	sin_accion		dossier-nuevos.jsonl#revisar_homonimo + BD cats#32802	
Gaby Espino	/artist/gaby-espino	5	D_sin_senal	persona	24955	Gaby Espinoza	0.917	near	2026-10-02			0		0	distinto_probable	sim 0.92	sin_accion		dossier-nuevos.jsonl#revisar_homonimo + BD cats#24955	
Yonys Flores	/artist/yonys-flores	3	D_miembro_de:Expresión Zuliana|Guaco|Rincón Morales	persona	24946	Yonis Flores	0.917	near	2026-10-02			0	Expresión Zuliana [fuera]; Guaco [cat]; Rincón Morales [cat]; Los Sabrosos [fuera]	0	distinto_probable	sim 0.92	sin_accion		dossier-nuevos.jsonl#revisar_homonimo + BD cats#24946	
Luis G. Tovar	/artist/luis-g-tovar	7	D_sin_senal	persona	15198	Luis Tovar	0.909	near	2026-10-01			10		0	distinto_probable	sim 0.91	sin_accion		dossier-nuevos.jsonl#revisar_homonimo + BD cats#15198	
John W. Moore	/artist/john-w-moore	6	D_miembro_de:Johnny Moore & The Phantoms	persona	26298	John Moore	0.909	near	2026-10-02		Folk	1	Johnny Moore & The Phantoms [fuera]	0	distinto_probable	sim 0.91	sin_accion		dossier-nuevos.jsonl#revisar_homonimo + BD cats#26298	
Alexander da Silva	/artist/alexander-da-silva	5	D_sin_senal	persona	16043	Alexander Silva	0.909	near	2026-10-01			0		0	distinto_probable	sim 0.91	sin_accion		dossier-nuevos.jsonl#revisar_homonimo + BD cats#16043	
Omar Acedo	/artist/omar-acedo	3	D_sin_senal	persona	27164	Omar Salcedo	0.909	near	2026-10-02			5		0	distinto_probable	sim 0.91	sin_accion		dossier-nuevos.jsonl#revisar_homonimo + BD cats#27164	
Lorenzo González	/artist/lorenzo_gonzalez	9	D_sin_senal	persona	13099	Lorena González	0.903	near	2026-09-22			7		0	distinto_probable	sim 0.90	sin_accion		dossier-nuevos.jsonl#revisar_homonimo + BD cats#13099	
Marrom Fernández	/artist/marrom-fernandez	9	D_sin_senal	persona	3357	Mario Fernández	0.903	near	2026-09-13			1		0	distinto_probable	sim 0.90	sin_accion		dossier-nuevos.jsonl#revisar_homonimo + BD cats#3357	
Los Sanos	/artist/los-sanos-1	18	A_probable	artista	157	Los Gusanos	0.9	near	2026-09-11	2025	Midwest Emo	2		0	distinto_probable	sim 0.90; también cerca del otro tipo (artista+persona)	sin_accion		dossier-nuevos.jsonl#revisar_homonimo + BD cats#157	
Félix Lara	/artist/felix-lara	17	D_miembro_de:Lara Project	persona	26785	Félix Lora	0.9	near	2026-10-02			0	Lara Project [nuevo]	0	distinto_probable	sim 0.90	sin_accion		dossier-nuevos.jsonl#revisar_homonimo + BD cats#26785	
Ray Romero	/artist/ray-romero	5	D_miembro_de:Orquesta La Recopilacion	persona	33092	R.A. Romero	0.9	near	2026-10-02			0	Orquesta La Recopilacion [cat]	0	distinto_probable	sim 0.90	sin_accion		dossier-nuevos.jsonl#revisar_homonimo + BD cats#33092	
Osmer Hernández	/artist/osmer-hernandez	7	D_sin_senal	persona	23206	Omar Hernandez	0.897	near	2026-10-02		Ambient, Dark Ambient, MIDI Music	1		0	distinto_probable	sim 0.90	sin_accion		dossier-nuevos.jsonl#revisar_homonimo + BD cats#23206	
Leo Pineda	/artist/leo-pineda	15	D_miembro_de:Breixa Band|La Fórmula	persona	30209	L. Pineda	0.889	near	2026-10-02			0	Breixa Band [fuera]; La Fórmula [fuera]	0	distinto_probable	sim 0.89	sin_accion		dossier-nuevos.jsonl#revisar_homonimo + BD cats#30209	
Lunar	/artist/lunar_f1	12	B_near_miss_revisar	artista	469	Luar	0.889	near	2026-09-13			1	Oil for Food [fuera]; FLN [fuera]	0	distinto_probable	sim 0.89	sin_accion		dossier-nuevos.jsonl#revisar_homonimo + BD cats#469	
William Sarquiz	/artist/william-sarquiz	11	D_sin_senal	persona	4791	William Ruiz	0.889	near	2026-09-13			3		0	distinto_probable	sim 0.89	sin_accion		dossier-nuevos.jsonl#revisar_homonimo + BD cats#4791	
Édgar Ramírez	/artist/edgar_ramirez	9	D_sin_senal	artista	3943	Edward Ramírez	0.889	near	2026-10-02			0		0	distinto_probable	sim 0.89; también cerca del otro tipo (artista+persona)	sin_accion		dossier-nuevos.jsonl#revisar_homonimo + BD cats#3943	
Lela	/artist/lela-1	7	B_near_miss_revisar	artista	1667	Leyla	0.889	near	2026-09-13			2		0	distinto_probable	sim 0.89	sin_accion		dossier-nuevos.jsonl#revisar_homonimo + BD cats#1667	
Rómulo Guardia	/artist/romulo-guardia	7	D_sin_senal	persona	31802	Rómulo García	0.889	near	2026-10-02			0		0	distinto_probable	sim 0.89	sin_accion		dossier-nuevos.jsonl#revisar_homonimo + BD cats#31802	
Ane Díaz	/artist/ane-diaz	7	D_miembro_de:The Causey Way	persona	27630	Angel Díaz	0.889	near	2026-10-02			1	The Causey Way [fuera]	0	distinto_probable	sim 0.89	sin_accion		dossier-nuevos.jsonl#revisar_homonimo + BD cats#27630	
El Pricto	/artist/el-pricto	7	B_near_miss_revisar	artista	1596	El Prieto	0.889	near	2026-09-13		Jazz	11	Chaosophy [fuera]; Discordian Community Ensemble [fuera]; Elder Space Bankers [fuera]; Filthy Habits Ensemble [fuera]; General Lud [fuera]	0	distinto_probable	sim 0.89; también cerca del otro tipo (artista+persona)	sin_accion		dossier-nuevos.jsonl#revisar_homonimo + BD cats#1596	
Sola	/artist/sola	6	B_near_miss_revisar	artista	279	Soleà	0.889	near	2026-09-13		Canción melódica, Psychedelic Soul	4		0	distinto_probable	sim 0.89; también cerca del otro tipo (artista+persona)	sin_accion		dossier-nuevos.jsonl#revisar_homonimo + BD cats#279	
Nando	/artist/nando	6	B_near_miss_revisar	artista	2812	Nano	0.889	near	2026-09-24			1	Men Vision [fuera]; T.O.T.B. [fuera]	0	distinto_probable	sim 0.89; también cerca del otro tipo (artista+persona)	sin_accion		dossier-nuevos.jsonl#revisar_homonimo + BD cats#2812	
Aggression	/artist/aggression-4	6	B_near_miss_revisar	artista	37	Agresión	0.889	near	2026-09-11	2010	Thrash Metal	1		0	distinto_probable	sim 0.89	sin_accion		dossier-nuevos.jsonl#revisar_homonimo + BD cats#37	
Augusto Bracho	/artist/augusto-bracho	5	C_miembro_de_banda_catalogo	persona	31289	Augusto Braca	0.889	near	2026-10-02		Joropo, Hispanic American Folk Music, Singer-Songwriter, Bolero	4	Bacalao Men [cat]; Cabezón Key [cat]; El Conjunto [fuera]; Cunaguaro Soul [cat]; Raúl Monsalve y Los For [fuera]	0	distinto_probable	sim 0.89	sin_accion		dossier-nuevos.jsonl#revisar_homonimo + BD cats#31289	
Gabriel Peraza	/artist/gabriel-peraza	5	D_miembro_de:Electrologues|Sphair|Unmapped	persona	17665	Gabriel Pérez	0.889	near	2026-10-01			0	Electrologues [fuera]; Sphair [fuera]; Unmapped [fuera]	0	distinto_probable	sim 0.89	sin_accion		dossier-nuevos.jsonl#revisar_homonimo + BD cats#17665	
Andrea Ferrero	/artist/andrea-ferrero	5	D_sin_senal	persona	19622	Andrés Ferrer	0.889	near	2026-10-02			1		0	distinto_probable	sim 0.89	sin_accion		dossier-nuevos.jsonl#revisar_homonimo + BD cats#19622	
Zzeta	/artist/zzeta	5	B_near_miss_revisar	artista	459	Zeta	0.889	near	2026-09-13		Trap, Cloud Rap	8		0	distinto_probable	sim 0.89	sin_accion		dossier-nuevos.jsonl#revisar_homonimo + BD cats#459	
Alejandro Molinari	/artist/alejandro-molinari	5	D_sin_senal	persona	14962	Alejandro Colina	0.882	near	2026-10-01		Electronic	7		0	distinto_probable	sim 0.88	sin_accion		dossier-nuevos.jsonl#revisar_homonimo + BD cats#14962	
Carlos Otero	/artist/carlos-otero	26	D_sin_senal	persona	5053	Carlos Romero	0.88	near	2026-09-13		Singer-Songwriter	22		0	distinto_probable	sim 0.88	sin_accion		dossier-nuevos.jsonl#revisar_homonimo + BD cats#5053	
Johnny Sedes	/artist/johnny-sedes	25	D_sin_senal	persona	1968	Johnny Sender	0.88	near	2026-09-13			3		0	distinto_probable	sim 0.88	sin_accion		dossier-nuevos.jsonl#revisar_homonimo + BD cats#1968	
Paul Herrera	/artist/paul_herrera	21	D_miembro_de:Anima Concordia|Bach Collegium Japan|La Petite Bande	persona	39601	Pablo Herrera	0.88	near	2026-10-03			0	Anima Concordia [fuera]; Bach Collegium Japan [fuera]; La Petite Bande [fuera]; Telemannisches Collegium Michaelstein [fuera]	0	distinto_probable	sim 0.88	sin_accion		dossier-nuevos.jsonl#revisar_homonimo + BD cats#39601	
Elik Álvarez	/artist/elik-alvarez	15	D_sin_senal	persona	5438	Eligo Alvarez	0.88	near	2026-09-13			2		0	distinto_probable	sim 0.88	sin_accion		dossier-nuevos.jsonl#revisar_homonimo + BD cats#5438	
Yolanda Ríos	/artist/yolanda-rios	7	D_sin_senal	persona	3399	Yolanda Rojas	0.88	near	2026-09-13			0		0	distinto_probable	sim 0.88	sin_accion		dossier-nuevos.jsonl#revisar_homonimo + BD cats#3399	
Franklin Paz	/artist/franklin-paz	3	D_miembro_de:Orquesta la Combinación	persona	7677	Franklin Díaz	0.88	near	2026-09-13			0	Orquesta la Combinación [cat]	0	distinto_probable	sim 0.88	sin_accion		dossier-nuevos.jsonl#revisar_homonimo + BD cats#7677	
Edmundo González	/artist/edmundo-gonzalez	23	D_sin_senal	persona	21401	Eduardo González	0.875	near	2026-10-02			2		0	distinto_probable	sim 0.88	sin_accion		dossier-nuevos.jsonl#revisar_homonimo + BD cats#21401	
Los Jets	/artist/los-jets	23	D_sin_senal	persona	11866	Los Pets	0.875	near	2026-09-14		Salsa	1		0	distinto_probable	sim 0.88	sin_accion		dossier-nuevos.jsonl#revisar_homonimo + BD cats#11866	
Decibeles	/artist/decibeles	18	B_near_miss_revisar	artista	74	Decibel	0.875	near	2026-09-11	2021	Alternative Rock, Latin Alternative	1		0	distinto_probable	sim 0.88	sin_accion		dossier-nuevos.jsonl#revisar_homonimo + BD cats#74	
Francisco Vieira	/artist/francisco-vieira	8	D_sin_senal	persona	6791	Francisco Vielma	0.875	near	2026-09-13		Electronic Dance Music	1		0	distinto_probable	sim 0.88	sin_accion		dossier-nuevos.jsonl#revisar_homonimo + BD cats#6791	
Arabella	/artist/arabella-1	7	D_sin_senal	persona	3607	Anabella	0.875	near	2026-09-13		Salsa	4		0	distinto_probable	sim 0.88	sin_accion		dossier-nuevos.jsonl#revisar_homonimo + BD cats#3607	
Sebastian Rivero	/artist/sebastian-rivero	7	D_sin_senal	persona	15112	Sebastián Romero	0.875	near	2026-10-01		Afro House	1		0	distinto_probable	sim 0.88	sin_accion		dossier-nuevos.jsonl#revisar_homonimo + BD cats#15112	
Chelo Rodríguez	/artist/chelo-rodriguez	7	D_sin_senal	persona	33287	Cecilio Rodríguez	0.875	near	2026-10-02			0		0	distinto_probable	sim 0.88	sin_accion		dossier-nuevos.jsonl#revisar_homonimo + BD cats#33287	
Carolina Marconi	/artist/carolina-marconi	5	D_sin_senal	persona	33486	Carolina Marcano	0.875	near	2026-10-02			2		0	distinto_probable	sim 0.88	sin_accion		dossier-nuevos.jsonl#revisar_homonimo + BD cats#33486	
Joshua Dos Santos	/artist/joshua-dos-santos	5	D_sin_senal	persona	1919	Joan Dos Santos	0.875	near	2026-09-13		Classical Music	1		0	distinto_probable	sim 0.88	sin_accion		dossier-nuevos.jsonl#revisar_homonimo + BD cats#1919	
José Ignacio Cabrujas	/artist/jose_ignacio_cabrujas	19	D_sin_senal	persona	20437	José Ignacio Rojas	0.872	near	2026-10-02		Opera	1		0	distinto_probable	sim 0.87	sin_accion		dossier-nuevos.jsonl#revisar_homonimo + BD cats#20437	
Living Death	/artist/living_death_f1	20	B_near_miss_revisar	artista	596	Living Dead	0.87	near	2026-09-13	2008		1		0	distinto_probable	sim 0.87; también cerca del otro tipo (artista+persona)	sin_accion		dossier-nuevos.jsonl#revisar_homonimo + BD cats#596	
Daniel Huen	/artist/daniel-huen	7	D_sin_senal	persona	33520	Daniel Cohen	0.87	near	2026-10-02			0		0	distinto_probable	sim 0.87	sin_accion		dossier-nuevos.jsonl#revisar_homonimo + BD cats#33520	
Juancho Rois	/artist/juancho-rois	7	D_sin_senal	persona	29204	Juan H. Rois	0.87	near	2026-10-02		Vallenato	9		0	distinto_probable	sim 0.87	sin_accion		dossier-nuevos.jsonl#revisar_homonimo + BD cats#29204	
José Taboada	/artist/jose-taboada	5	D_sin_senal	persona	29892	José Tabata	0.87	near	2026-10-02			0		0	distinto_probable	sim 0.87	sin_accion		dossier-nuevos.jsonl#revisar_homonimo + BD cats#29892	
Lucía Orozco	/artist/lucia-orozco	5	D_sin_senal	persona	14429	Luis Orozco	0.87	near	2026-10-01			0		0	distinto_probable	sim 0.87	sin_accion		dossier-nuevos.jsonl#revisar_homonimo + BD cats#14429	
Vitico Castillo	/artist/vitico-castillo	10	D_sin_senal	artista	3370	Victor Castillo	0.867	near	2026-10-02		Joropo	2		0	distinto_probable	sim 0.87; también cerca del otro tipo (artista+persona)	sin_accion		dossier-nuevos.jsonl#revisar_homonimo + BD cats#3370	
Francisco Gózon	/artist/francisco_gozon	6	D_sin_senal	persona	12236	Francisco Gómez	0.867	near	2026-09-14			0		0	distinto_probable	sim 0.87	sin_accion		dossier-nuevos.jsonl#revisar_homonimo + BD cats#12236	
Daniel Valledor	/artist/daniel_valledor	6	D_sin_senal	persona	6870	Daniel Vallejos	0.867	near	2026-09-13			0		0	distinto_probable	sim 0.87	sin_accion		dossier-nuevos.jsonl#revisar_homonimo + BD cats#6870	
Gabriela Vergara	/artist/gabriela-vergara	5	D_sin_senal	persona	6417	Gabriela Serra	0.867	near	2026-09-13			0		0	distinto_probable	sim 0.87	sin_accion		dossier-nuevos.jsonl#revisar_homonimo + BD cats#6417	
Alejandro Nones	/artist/alejandro-nones	5	D_sin_senal	persona	3174	Alejandro Conde	0.867	near	2026-09-13			0		0	distinto_probable	sim 0.87	sin_accion		dossier-nuevos.jsonl#revisar_homonimo + BD cats#3174	
Gabriel Agüero	/artist/gabriel-aguero	5	D_sin_senal	persona	8487	Gabriel Guerrero	0.867	near	2026-09-13			0		0	distinto_probable	sim 0.87	sin_accion		dossier-nuevos.jsonl#revisar_homonimo + BD cats#8487	
Manuel Alvarado	/artist/manuel-alvarado	5	D_sin_senal	persona	32217	Manuel Gallardo	0.867	near	2026-10-02			1		0	distinto_probable	sim 0.87	sin_accion		dossier-nuevos.jsonl#revisar_homonimo + BD cats#32217	
