categoria	rym_name	rym_href	nlocs	nacido	n_generos	n_discos	miembro_de	stub	motivo	propuesta	fuente	decision
frio_sin_senales	Aeo	/artist/aeo	12	no	0	0		no	RYM: 0 géneros, 0 discos	descartar (sin alta)	dossier-nuevos.jsonl#sin_evidencia_musical	
frio_sin_senales	Afro Criollo	/artist/afro-criollo	7	no	0	0		no	RYM: 0 géneros, 0 discos	descartar (sin alta)	dossier-nuevos.jsonl#sin_evidencia_musical	
frio_sin_senales	Alberto Gómez Peña	/artist/alberto-gomez-pena	5	no	0	0		sí	RYM: 0 géneros, 0 discos; ficha stub	descartar (sin alta)	dossier-nuevos.jsonl#sin_evidencia_musical	
frio_sin_senales	Alejandro Hidalgo	/artist/alejandro_hidalgo	14	no	0	0		sí	RYM: 0 géneros, 0 discos; ficha stub	descartar (sin alta)	dossier-nuevos.jsonl#sin_evidencia_musical	
frio_sin_senales	Anaís Maucó	/artist/anais-mauco	7	no	0	0		sí	RYM: 0 géneros, 0 discos; ficha stub	descartar (sin alta)	dossier-nuevos.jsonl#sin_evidencia_musical	
frio_sin_senales	Another World	/artist/another-world-2	7	no	0	0		sí	RYM: 0 géneros, 0 discos; ficha stub	descartar (sin alta)	dossier-nuevos.jsonl#sin_evidencia_musical	
frio_sin_senales	Drowsyd	/artist/drowsyd	8	no	0	0		no	RYM: 0 géneros, 0 discos	descartar (sin alta)	dossier-nuevos.jsonl#sin_evidencia_musical	
frio_sin_senales	Edgar Rocca	/artist/edgar-rocca	7	no	0	0		sí	RYM: 0 géneros, 0 discos; ficha stub	descartar (sin alta)	dossier-nuevos.jsonl#sin_evidencia_musical	
frio_sin_senales	Jesus Cervo	/artist/jesus-cervo	16	no	0	0		sí	RYM: 0 géneros, 0 discos; ficha stub	descartar (sin alta)	dossier-nuevos.jsonl#sin_evidencia_musical	
frio_sin_senales	Jim Pluk	/artist/jim-pluk	5	no	0	0		sí	RYM: 0 géneros, 0 discos; ficha stub	descartar (sin alta)	dossier-nuevos.jsonl#sin_evidencia_musical	
frio_sin_senales	JJ Romero	/artist/jj-romero	11	no	0	0		sí	RYM: 0 géneros, 0 discos; ficha stub	descartar (sin alta)	dossier-nuevos.jsonl#sin_evidencia_musical	
frio_sin_senales	José Miguel Zamora Figuera	/artist/jose-miguel-zamora-figuera	10	no	0	0		sí	RYM: 0 géneros, 0 discos; ficha stub	descartar (sin alta)	dossier-nuevos.jsonl#sin_evidencia_musical	
frio_sin_senales	Kumakob	/artist/kumakob	8	no	0	0		no	RYM: 0 géneros, 0 discos	descartar (sin alta)	dossier-nuevos.jsonl#sin_evidencia_musical	
frio_sin_senales	Kuna	/artist/kuna-1	7	no	0	0		no	RYM: 0 géneros, 0 discos	descartar (sin alta)	dossier-nuevos.jsonl#sin_evidencia_musical	
frio_sin_senales	Lennex	/artist/lennex-1	8	no	0	0		sí	RYM: 0 géneros, 0 discos; ficha stub	descartar (sin alta)	dossier-nuevos.jsonl#sin_evidencia_musical	
frio_sin_senales	Marvin Presutti	/artist/marvin-presutti	7	no	0	0		no	RYM: 0 géneros, 0 discos	descartar (sin alta)	dossier-nuevos.jsonl#sin_evidencia_musical	
frio_sin_senales	Mauro Salmaso	/artist/mauro-salmaso	8	no	0	0		sí	RYM: 0 géneros, 0 discos; ficha stub	descartar (sin alta)	dossier-nuevos.jsonl#sin_evidencia_musical	
frio_sin_senales	Neneto	/artist/neneto	8	no	0	0		no	RYM: 0 géneros, 0 discos	descartar (sin alta)	dossier-nuevos.jsonl#sin_evidencia_musical	
frio_sin_senales	Prob.LEM	/artist/prob_lem	3	no	0	0		no	RYM: 0 géneros, 0 discos	descartar (sin alta)	dossier-nuevos.jsonl#sin_evidencia_musical	
frio_sin_senales	Richard Douglas	/artist/richard-douglas	25	no	0	0		sí	RYM: 0 géneros, 0 discos; ficha stub	descartar (sin alta)	dossier-nuevos.jsonl#sin_evidencia_musical	
frio_sin_senales	Santo Tuqueque	/artist/santo-tuqueque	5	no	0	0		no	RYM: 0 géneros, 0 discos	descartar (sin alta)	dossier-nuevos.jsonl#sin_evidencia_musical	
frio_sin_senales	Sheila Monterola	/artist/sheila-monterola	19	no	0	0		sí	RYM: 0 géneros, 0 discos; ficha stub	descartar (sin alta)	dossier-nuevos.jsonl#sin_evidencia_musical	
frio_sin_senales	Yoswill Roldán	/artist/yoswill-roldan	8	no	0	0		sí	RYM: 0 géneros, 0 discos; ficha stub	descartar (sin alta)	dossier-nuevos.jsonl#sin_evidencia_musical	
persona_sin_evidencia	Abel Zamudio	/artist/abel-zamudio	11	no	0	0		no	RYM: 0 géneros, 0 discos	descartar (sin alta)	dossier-nuevos.jsonl#sin_evidencia_musical	
persona_sin_evidencia	Abril Schreiber	/artist/abril-schreiber	5	sí	0	0		sí	RYM: 0 géneros, 0 discos; ficha stub	descartar (sin alta)	dossier-nuevos.jsonl#sin_evidencia_musical	
persona_sin_evidencia	Adolfo Kolmerer	/artist/adolfo-kolmerer	5	sí	0	0		sí	RYM: 0 géneros, 0 discos; ficha stub	descartar (sin alta)	dossier-nuevos.jsonl#sin_evidencia_musical	
persona_sin_evidencia	Alba Roversi	/artist/alba-roversi	5	sí	0	0		no	RYM: 0 géneros, 0 discos	descartar (sin alta)	dossier-nuevos.jsonl#sin_evidencia_musical	
persona_sin_evidencia	Alberto Arvelo Mendoza	/artist/alberto_arvelo_mendoza	17	sí	0	0		sí	RYM: 0 géneros, 0 discos; ficha stub	descartar (sin alta)	dossier-nuevos.jsonl#sin_evidencia_musical	
persona_sin_evidencia	Alejandro García Wiedemann	/artist/alejandro-garcia-wiedemann	7	sí	0	0		sí	RYM: 0 géneros, 0 discos; ficha stub	descartar (sin alta)	dossier-nuevos.jsonl#sin_evidencia_musical	
persona_sin_evidencia	Alexandra Mey	/artist/alexandra-mey	5	sí	0	0		no	RYM: 0 géneros, 0 discos	descartar (sin alta)	dossier-nuevos.jsonl#sin_evidencia_musical	
persona_sin_evidencia	Alfredo Anzola	/artist/alfredo-anzola	7	sí	0	0		sí	RYM: 0 géneros, 0 discos; ficha stub	descartar (sin alta)	dossier-nuevos.jsonl#sin_evidencia_musical	
persona_sin_evidencia	Alfredo Cutufla	/artist/alfredo_cutufla	18	sí	0	0		sí	RYM: 0 géneros, 0 discos; ficha stub	descartar (sin alta)	dossier-nuevos.jsonl#sin_evidencia_musical	
persona_sin_evidencia	Alfredo Lugo	/artist/alfredo-lugo	19	sí	0	0		sí	RYM: 0 géneros, 0 discos; ficha stub	descartar (sin alta)	dossier-nuevos.jsonl#sin_evidencia_musical	
persona_sin_evidencia	Alfredo Silva Estrada	/artist/alfredo-silva-estrada	7	sí	0	0		sí	RYM: 0 géneros, 0 discos; ficha stub	descartar (sin alta)	dossier-nuevos.jsonl#sin_evidencia_musical	
persona_sin_evidencia	Amador Bendayán	/artist/amador-bendayan	38	sí	0	0		no	RYM: 0 géneros, 0 discos	descartar (sin alta)	dossier-nuevos.jsonl#sin_evidencia_musical	
persona_sin_evidencia	Amábilis Cordero	/artist/amabilis_cordero	25	sí	0	0		sí	RYM: 0 géneros, 0 discos; ficha stub	descartar (sin alta)	dossier-nuevos.jsonl#sin_evidencia_musical	
persona_sin_evidencia	América Zerpa	/artist/america-zerpa	5	no	0	0		sí	RYM: 0 géneros, 0 discos; ficha stub	descartar (sin alta)	dossier-nuevos.jsonl#sin_evidencia_musical	
persona_sin_evidencia	Ana Cepinska	/artist/ana-cepinska	7	sí	0	0		sí	RYM: 0 géneros, 0 discos; ficha stub	descartar (sin alta)	dossier-nuevos.jsonl#sin_evidencia_musical	
persona_sin_evidencia	Ana La Salvia	/artist/ana-la-salvia	7	sí	0	0		sí	RYM: 0 géneros, 0 discos; ficha stub	descartar (sin alta)	dossier-nuevos.jsonl#sin_evidencia_musical	
persona_sin_evidencia	Ana Osorio	/artist/ana-osorio	6	sí	0	0		no	RYM: 0 géneros, 0 discos	descartar (sin alta)	dossier-nuevos.jsonl#sin_evidencia_musical	
persona_sin_evidencia	Anabell Guerrero	/artist/anabell_guerrero	6	no	0	0		sí	RYM: 0 géneros, 0 discos; ficha stub	descartar (sin alta)	dossier-nuevos.jsonl#sin_evidencia_musical	
persona_sin_evidencia	Andrea Herrera Catalá	/artist/andrea-herrera-catala	5	no	0	0		sí	RYM: 0 géneros, 0 discos; ficha stub	descartar (sin alta)	dossier-nuevos.jsonl#sin_evidencia_musical	
persona_sin_evidencia	Andrew Divoff	/artist/andrew_divoff	7	sí	0	0		sí	RYM: 0 géneros, 0 discos; ficha stub	descartar (sin alta)	dossier-nuevos.jsonl#sin_evidencia_musical	
persona_sin_evidencia	Andrés Duque	/artist/andres-duque	7	sí	0	0		sí	RYM: 0 géneros, 0 discos; ficha stub	descartar (sin alta)	dossier-nuevos.jsonl#sin_evidencia_musical	
persona_sin_evidencia	Andrés Torres	/artist/andres-torres-3	5	no	0	0		sí	RYM: 0 géneros, 0 discos; ficha stub	descartar (sin alta)	dossier-nuevos.jsonl#sin_evidencia_musical	
persona_sin_evidencia	Anna LaMadrid	/artist/anna-lamadrid	5	no	0	0		sí	RYM: 0 géneros, 0 discos; ficha stub	descartar (sin alta)	dossier-nuevos.jsonl#sin_evidencia_musical	
persona_sin_evidencia	Antonio Llerandi	/artist/antonio-llerandi	5	sí	0	0		sí	RYM: 0 géneros, 0 discos; ficha stub	descartar (sin alta)	dossier-nuevos.jsonl#sin_evidencia_musical	
persona_sin_evidencia	Ariana Dao	/artist/ariana-dao	20	sí	0	0		no	RYM: 0 géneros, 0 discos	descartar (sin alta)	dossier-nuevos.jsonl#sin_evidencia_musical	
persona_sin_evidencia	Ariana Ron Pedrique	/artist/ariana-ron-pedrique	5	sí	0	0		sí	RYM: 0 géneros, 0 discos; ficha stub	descartar (sin alta)	dossier-nuevos.jsonl#sin_evidencia_musical	
persona_sin_evidencia	Ariel Severino	/artist/ariel_severino	8	sí	0	0		sí	RYM: 0 géneros, 0 discos; ficha stub	descartar (sin alta)	dossier-nuevos.jsonl#sin_evidencia_musical	
persona_sin_evidencia	Armando Coll	/artist/armando-coll	7	sí	0	0		sí	RYM: 0 géneros, 0 discos; ficha stub	descartar (sin alta)	dossier-nuevos.jsonl#sin_evidencia_musical	
persona_sin_evidencia	Arnaldo Vivas Toledo	/artist/arnaldo_vivas_toledo	19	sí	0	0		sí	RYM: 0 géneros, 0 discos; ficha stub	descartar (sin alta)	dossier-nuevos.jsonl#sin_evidencia_musical	
persona_sin_evidencia	Aroldo Betancourt	/artist/aroldo-betancourt	21	sí	0	0		sí	RYM: 0 géneros, 0 discos; ficha stub	descartar (sin alta)	dossier-nuevos.jsonl#sin_evidencia_musical	
persona_sin_evidencia	Arthur Albert	/artist/arthur-albert	6	sí	0	0		sí	RYM: 0 géneros, 0 discos; ficha stub	descartar (sin alta)	dossier-nuevos.jsonl#sin_evidencia_musical	
persona_sin_evidencia	Asdrúbal Meléndez	/artist/asdrubal-melendez	7	sí	0	0		sí	RYM: 0 géneros, 0 discos; ficha stub	descartar (sin alta)	dossier-nuevos.jsonl#sin_evidencia_musical	
persona_sin_evidencia	Atahualpa Lichy	/artist/atahualpa-lichy	5	no	0	0		sí	RYM: 0 géneros, 0 discos; ficha stub	descartar (sin alta)	dossier-nuevos.jsonl#sin_evidencia_musical	
persona_sin_evidencia	Aída Yéspica	/artist/aida-yespica	19	sí	0	0		sí	RYM: 0 géneros, 0 discos; ficha stub	descartar (sin alta)	dossier-nuevos.jsonl#sin_evidencia_musical	
persona_sin_evidencia	Bernard Lutic	/artist/bernard_lutic	9	sí	0	0		sí	RYM: 0 géneros, 0 discos; ficha stub	descartar (sin alta)	dossier-nuevos.jsonl#sin_evidencia_musical	
persona_sin_evidencia	Blas Emilio Atehortúa	/artist/blas-emilio-atehortua	5	sí	0	0		sí	RYM: 0 géneros, 0 discos; ficha stub	descartar (sin alta)	dossier-nuevos.jsonl#sin_evidencia_musical	
persona_sin_evidencia	Braulio Rodriguez	/artist/braulio-rodriguez	12	no	0	0		sí	RYM: 0 géneros, 0 discos; ficha stub	descartar (sin alta)	dossier-nuevos.jsonl#sin_evidencia_musical	
persona_sin_evidencia	Bárbara Teyde	/artist/barbara-teyde	7	sí	0	0		sí	RYM: 0 géneros, 0 discos; ficha stub	descartar (sin alta)	dossier-nuevos.jsonl#sin_evidencia_musical	
persona_sin_evidencia	Carl Zitelmann	/artist/carl_zitelmann	6	sí	0	0		sí	RYM: 0 géneros, 0 discos; ficha stub	descartar (sin alta)	dossier-nuevos.jsonl#sin_evidencia_musical	
persona_sin_evidencia	Carlos Augusto León	/artist/carlos-augusto-leon	7	sí	0	0		sí	RYM: 0 géneros, 0 discos; ficha stub	descartar (sin alta)	dossier-nuevos.jsonl#sin_evidencia_musical	
persona_sin_evidencia	Carlos Azpurúa	/artist/carlos-azpurua	5	sí	0	0		sí	RYM: 0 géneros, 0 discos; ficha stub	descartar (sin alta)	dossier-nuevos.jsonl#sin_evidencia_musical	
persona_sin_evidencia	Carlos Caridad Montero	/artist/carlos-caridad-montero	3	sí	0	0		sí	RYM: 0 géneros, 0 discos; ficha stub	descartar (sin alta)	dossier-nuevos.jsonl#sin_evidencia_musical	
persona_sin_evidencia	Carlos Daniel Malavé	/artist/carlos-daniel-malave	7	sí	0	0		sí	RYM: 0 géneros, 0 discos; ficha stub	descartar (sin alta)	dossier-nuevos.jsonl#sin_evidencia_musical	
persona_sin_evidencia	Carlos Duplat	/artist/carlos-duplat	5	sí	0	0		sí	RYM: 0 géneros, 0 discos; ficha stub	descartar (sin alta)	dossier-nuevos.jsonl#sin_evidencia_musical	
persona_sin_evidencia	Carlos Oteyza	/artist/carlos-oteyza	7	sí	0	0		sí	RYM: 0 géneros, 0 discos; ficha stub	descartar (sin alta)	dossier-nuevos.jsonl#sin_evidencia_musical	
persona_sin_evidencia	Carlos Rebolledo	/artist/carlos-rebolledo	7	sí	0	0		sí	RYM: 0 géneros, 0 discos; ficha stub	descartar (sin alta)	dossier-nuevos.jsonl#sin_evidencia_musical	
persona_sin_evidencia	Catalina Denis	/artist/catalina_denis	5	no	0	0		sí	RYM: 0 géneros, 0 discos; ficha stub	descartar (sin alta)	dossier-nuevos.jsonl#sin_evidencia_musical	
persona_sin_evidencia	Cayito Aponte	/artist/cayito-aponte	30	sí	0	0		sí	RYM: 0 géneros, 0 discos; ficha stub	descartar (sin alta)	dossier-nuevos.jsonl#sin_evidencia_musical	
persona_sin_evidencia	Cecilia Bellorín	/artist/cecilia_bellorin	5	sí	0	0		no	RYM: 0 géneros, 0 discos	descartar (sin alta)	dossier-nuevos.jsonl#sin_evidencia_musical	
persona_sin_evidencia	Charles Maduro	/artist/charles-maduro	4	sí	0	0		sí	RYM: 0 géneros, 0 discos; ficha stub	descartar (sin alta)	dossier-nuevos.jsonl#sin_evidencia_musical	
persona_sin_evidencia	Chrisje Comvalius	/artist/chrisje-comvalius	6	sí	0	0		no	RYM: 0 géneros, 0 discos	descartar (sin alta)	dossier-nuevos.jsonl#sin_evidencia_musical	
persona_sin_evidencia	Christian McGaffney	/artist/christian-mcgaffney	21	sí	0	0		sí	RYM: 0 géneros, 0 discos; ficha stub	descartar (sin alta)	dossier-nuevos.jsonl#sin_evidencia_musical	
persona_sin_evidencia	Cinthya Carmona	/artist/cinthya-carmona	5	sí	0	0		sí	RYM: 0 géneros, 0 discos; ficha stub	descartar (sin alta)	dossier-nuevos.jsonl#sin_evidencia_musical	
persona_sin_evidencia	Ciro Durán	/artist/ciro-duran	5	sí	0	0		sí	RYM: 0 géneros, 0 discos; ficha stub	descartar (sin alta)	dossier-nuevos.jsonl#sin_evidencia_musical	
persona_sin_evidencia	Ciro Guerra	/artist/ciro_guerra	5	sí	0	0		sí	RYM: 0 géneros, 0 discos; ficha stub	descartar (sin alta)	dossier-nuevos.jsonl#sin_evidencia_musical	
persona_sin_evidencia	Clark Ross	/artist/clark_ross	3	sí	0	0		sí	RYM: 0 géneros, 0 discos; ficha stub	descartar (sin alta)	dossier-nuevos.jsonl#sin_evidencia_musical	
persona_sin_evidencia	Claudia La Gatta	/artist/claudia-la-gatta-1	27	sí	0	0		sí	RYM: 0 géneros, 0 discos; ficha stub	descartar (sin alta)	dossier-nuevos.jsonl#sin_evidencia_musical	
persona_sin_evidencia	Clemente de la Cerda	/artist/clemente_de_la_cerda	28	sí	0	0		sí	RYM: 0 géneros, 0 discos; ficha stub	descartar (sin alta)	dossier-nuevos.jsonl#sin_evidencia_musical	
persona_sin_evidencia	Cosme Cortázar	/artist/cosme-cortazar	7	sí	0	0		sí	RYM: 0 géneros, 0 discos; ficha stub	descartar (sin alta)	dossier-nuevos.jsonl#sin_evidencia_musical	
persona_sin_evidencia	Crilo Champions	/artist/crilo-champions	5	sí	0	0		sí	RYM: 0 géneros, 0 discos; ficha stub	descartar (sin alta)	dossier-nuevos.jsonl#sin_evidencia_musical	
persona_sin_evidencia	Cristal Aparicio	/artist/cristal-aparicio	5	sí	0	0		sí	RYM: 0 géneros, 0 discos; ficha stub	descartar (sin alta)	dossier-nuevos.jsonl#sin_evidencia_musical	
persona_sin_evidencia	Cristina Sitja	/artist/cristina-sitja	6	no	0	0		sí	RYM: 0 géneros, 0 discos; ficha stub	descartar (sin alta)	dossier-nuevos.jsonl#sin_evidencia_musical	
persona_sin_evidencia	César Badillo	/artist/cesar_badillo	5	sí	0	0		sí	RYM: 0 géneros, 0 discos; ficha stub	descartar (sin alta)	dossier-nuevos.jsonl#sin_evidencia_musical	
persona_sin_evidencia	César Manzano	/artist/cesar-manzano	5	sí	0	0		sí	RYM: 0 géneros, 0 discos; ficha stub	descartar (sin alta)	dossier-nuevos.jsonl#sin_evidencia_musical	
persona_sin_evidencia	Daniel Paz Mireles	/artist/daniel_paz_mireles	18	sí	0	0		sí	RYM: 0 géneros, 0 discos; ficha stub	descartar (sin alta)	dossier-nuevos.jsonl#sin_evidencia_musical	
persona_sin_evidencia	Daniel Yegres	/artist/daniel-yegres	5	no	0	0		sí	RYM: 0 géneros, 0 discos; ficha stub	descartar (sin alta)	dossier-nuevos.jsonl#sin_evidencia_musical	
persona_sin_evidencia	Daniela Miranda	/artist/daniela-miranda	18	sí	0	0		sí	RYM: 0 géneros, 0 discos; ficha stub	descartar (sin alta)	dossier-nuevos.jsonl#sin_evidencia_musical	
persona_sin_evidencia	Danny Yanga	/artist/danny-yanga	4	sí	0	0		no	RYM: 0 géneros, 0 discos	descartar (sin alta)	dossier-nuevos.jsonl#sin_evidencia_musical	
persona_sin_evidencia	Diego Matheuz	/artist/diego-matheuz	19	sí	0	0		sí	RYM: 0 géneros, 0 discos; ficha stub	descartar (sin alta)	dossier-nuevos.jsonl#sin_evidencia_musical	
persona_sin_evidencia	Diego Rísquez	/artist/diego-risquez	32	sí	0	0		sí	RYM: 0 géneros, 0 discos; ficha stub	descartar (sin alta)	dossier-nuevos.jsonl#sin_evidencia_musical	
persona_sin_evidencia	Diego Scano	/artist/diego-scano	6	sí	0	0		sí	RYM: 0 géneros, 0 discos; ficha stub	descartar (sin alta)	dossier-nuevos.jsonl#sin_evidencia_musical	
persona_sin_evidencia	Diego Vicentini	/artist/diego-vicentini	5	no	0	0		sí	RYM: 0 géneros, 0 discos; ficha stub	descartar (sin alta)	dossier-nuevos.jsonl#sin_evidencia_musical	
persona_sin_evidencia	Disalazar	/artist/disalazar	5	no	0	0		no	RYM: 0 géneros, 0 discos	descartar (sin alta)	dossier-nuevos.jsonl#sin_evidencia_musical	
persona_sin_evidencia	Doc Psych	/artist/doc-psych	6	sí	0	0		sí	RYM: 0 géneros, 0 discos; ficha stub	descartar (sin alta)	dossier-nuevos.jsonl#sin_evidencia_musical	
persona_sin_evidencia	Doris Morgado	/artist/doris_morgado	6	sí	0	0		no	RYM: 0 géneros, 0 discos	descartar (sin alta)	dossier-nuevos.jsonl#sin_evidencia_musical	
persona_sin_evidencia	Doris Wells	/artist/doris-wells	23	sí	0	0		sí	RYM: 0 géneros, 0 discos; ficha stub	descartar (sin alta)	dossier-nuevos.jsonl#sin_evidencia_musical	
persona_sin_evidencia	Eduardo Viloria Daboín	/artist/eduardo-viloria-daboin	17	sí	0	0		sí	RYM: 0 géneros, 0 discos; ficha stub	descartar (sin alta)	dossier-nuevos.jsonl#sin_evidencia_musical	
persona_sin_evidencia	Efraín Gómez	/artist/efrain-gomez	9	sí	0	0		sí	RYM: 0 géneros, 0 discos; ficha stub	descartar (sin alta)	dossier-nuevos.jsonl#sin_evidencia_musical	
persona_sin_evidencia	Electra Avellan	/artist/electra_avellan	6	sí	0	0		sí	RYM: 0 géneros, 0 discos; ficha stub	descartar (sin alta)	dossier-nuevos.jsonl#sin_evidencia_musical	
persona_sin_evidencia	Elia Schneider	/artist/elia-schneider	5	sí	0	0		sí	RYM: 0 géneros, 0 discos; ficha stub	descartar (sin alta)	dossier-nuevos.jsonl#sin_evidencia_musical	
persona_sin_evidencia	Elise Avellan	/artist/elise_avellan	6	sí	0	0		sí	RYM: 0 géneros, 0 discos; ficha stub	descartar (sin alta)	dossier-nuevos.jsonl#sin_evidencia_musical	
persona_sin_evidencia	Elizabeth Avellan	/artist/elizabeth-avellan	6	sí	0	0		sí	RYM: 0 géneros, 0 discos; ficha stub	descartar (sin alta)	dossier-nuevos.jsonl#sin_evidencia_musical	
persona_sin_evidencia	Elkin Díaz	/artist/elkin_diaz	5	sí	0	0		sí	RYM: 0 géneros, 0 discos; ficha stub	descartar (sin alta)	dossier-nuevos.jsonl#sin_evidencia_musical	
persona_sin_evidencia	Elluz Peraza	/artist/elluz-peraza	7	sí	0	0		sí	RYM: 0 géneros, 0 discos; ficha stub	descartar (sin alta)	dossier-nuevos.jsonl#sin_evidencia_musical	
persona_sin_evidencia	Eloísa Maturén	/artist/eloisa-maturen	6	sí	0	0		sí	RYM: 0 géneros, 0 discos; ficha stub	descartar (sin alta)	dossier-nuevos.jsonl#sin_evidencia_musical	
persona_sin_evidencia	Emily Bolton	/artist/emily_bolton	6	sí	0	0		sí	RYM: 0 géneros, 0 discos; ficha stub	descartar (sin alta)	dossier-nuevos.jsonl#sin_evidencia_musical	
persona_sin_evidencia	Enrique D'Lima	/artist/enrique-dlima	27	sí	0	0		sí	RYM: 0 géneros, 0 discos; ficha stub	descartar (sin alta)	dossier-nuevos.jsonl#sin_evidencia_musical	
persona_sin_evidencia	Enver Cordido	/artist/enver-cordido	30	sí	0	0		sí	RYM: 0 géneros, 0 discos; ficha stub	descartar (sin alta)	dossier-nuevos.jsonl#sin_evidencia_musical	
persona_sin_evidencia	Ernesto Calzadilla	/artist/ernesto-calzadilla	5	sí	0	0		sí	RYM: 0 géneros, 0 discos; ficha stub	descartar (sin alta)	dossier-nuevos.jsonl#sin_evidencia_musical	
persona_sin_evidencia	Espartaco Santoni	/artist/espartaco_santoni	9	sí	0	0		sí	RYM: 0 géneros, 0 discos; ficha stub	descartar (sin alta)	dossier-nuevos.jsonl#sin_evidencia_musical	
persona_sin_evidencia	Etty Toppenberg	/artist/etty-toppenberg	6	sí	0	0		sí	RYM: 0 géneros, 0 discos; ficha stub	descartar (sin alta)	dossier-nuevos.jsonl#sin_evidencia_musical	
persona_sin_evidencia	Eva Blanco	/artist/eva-blanco-1	6	sí	0	0		sí	RYM: 0 géneros, 0 discos; ficha stub	descartar (sin alta)	dossier-nuevos.jsonl#sin_evidencia_musical	
persona_sin_evidencia	Fabiola Colmenares	/artist/fabiola-colmenares	19	sí	0	0		sí	RYM: 0 géneros, 0 discos; ficha stub	descartar (sin alta)	dossier-nuevos.jsonl#sin_evidencia_musical	
persona_sin_evidencia	Fausto Verdial	/artist/fausto-verdial	7	sí	0	0		sí	RYM: 0 géneros, 0 discos; ficha stub	descartar (sin alta)	dossier-nuevos.jsonl#sin_evidencia_musical	
persona_sin_evidencia	Fernando Carrillo	/artist/fernando-carrillo	6	sí	0	0		sí	RYM: 0 géneros, 0 discos; ficha stub	descartar (sin alta)	dossier-nuevos.jsonl#sin_evidencia_musical	
persona_sin_evidencia	Fina Torres	/artist/fina_torres	5	sí	0	0		sí	RYM: 0 géneros, 0 discos; ficha stub	descartar (sin alta)	dossier-nuevos.jsonl#sin_evidencia_musical	
persona_sin_evidencia	Francis Rueda	/artist/francis-rueda	5	sí	0	0		sí	RYM: 0 géneros, 0 discos; ficha stub	descartar (sin alta)	dossier-nuevos.jsonl#sin_evidencia_musical	
persona_sin_evidencia	Francisco Villarroel	/artist/francisco-villarroel	5	sí	0	0		sí	RYM: 0 géneros, 0 discos; ficha stub	descartar (sin alta)	dossier-nuevos.jsonl#sin_evidencia_musical	
persona_sin_evidencia	Frank Spano	/artist/frank-spano	5	sí	0	0		sí	RYM: 0 géneros, 0 discos; ficha stub	descartar (sin alta)	dossier-nuevos.jsonl#sin_evidencia_musical	
persona_sin_evidencia	Fred Jüssi	/artist/fred_jussi	6	sí	0	0		no	RYM: 0 géneros, 0 discos	descartar (sin alta)	dossier-nuevos.jsonl#sin_evidencia_musical	
persona_sin_evidencia	Freddy Pereira	/artist/freddy-pereira	9	sí	0	0		sí	RYM: 0 géneros, 0 discos; ficha stub	descartar (sin alta)	dossier-nuevos.jsonl#sin_evidencia_musical	
persona_sin_evidencia	Gigi Zanchetta	/artist/gigi-zanchetta	5	sí	0	0		sí	RYM: 0 géneros, 0 discos; ficha stub	descartar (sin alta)	dossier-nuevos.jsonl#sin_evidencia_musical	
persona_sin_evidencia	Giuliano Salvatore	/artist/giuliano_salvatore	22	sí	0	0		sí	RYM: 0 géneros, 0 discos; ficha stub	descartar (sin alta)	dossier-nuevos.jsonl#sin_evidencia_musical	
persona_sin_evidencia	Greisy Mena	/artist/greisy-mena	5	sí	0	0		sí	RYM: 0 géneros, 0 discos; ficha stub	descartar (sin alta)	dossier-nuevos.jsonl#sin_evidencia_musical	
persona_sin_evidencia	Guillermo Mariotto	/artist/guillermo_mariotto	6	sí	0	0		sí	RYM: 0 géneros, 0 discos; ficha stub	descartar (sin alta)	dossier-nuevos.jsonl#sin_evidencia_musical	
persona_sin_evidencia	Gustavo Rondón Córdova	/artist/gustavo_rondon_cordova	6	sí	0	0		sí	RYM: 0 géneros, 0 discos; ficha stub	descartar (sin alta)	dossier-nuevos.jsonl#sin_evidencia_musical	
persona_sin_evidencia	Hendrick Bages	/artist/hendrick-bages	5	sí	0	0		no	RYM: 0 géneros, 0 discos	descartar (sin alta)	dossier-nuevos.jsonl#sin_evidencia_musical	
persona_sin_evidencia	Hugo Pimentel	/artist/hugo-pimentel	28	sí	0	0		sí	RYM: 0 géneros, 0 discos; ficha stub	descartar (sin alta)	dossier-nuevos.jsonl#sin_evidencia_musical	
persona_sin_evidencia	Héctor Duvauchelle	/artist/hector-duvauchelle	14	sí	0	0		sí	RYM: 0 géneros, 0 discos; ficha stub	descartar (sin alta)	dossier-nuevos.jsonl#sin_evidencia_musical	
persona_sin_evidencia	Héctor Francisco Silva Núñez	/artist/hector-francisco-silva-nunez	5	sí	0	0		sí	RYM: 0 géneros, 0 discos; ficha stub	descartar (sin alta)	dossier-nuevos.jsonl#sin_evidencia_musical	
persona_sin_evidencia	Héctor Mayerston	/artist/hector-mayerston	24	sí	0	0		sí	RYM: 0 géneros, 0 discos; ficha stub	descartar (sin alta)	dossier-nuevos.jsonl#sin_evidencia_musical	
persona_sin_evidencia	Héléna Manson	/artist/helena_manson	5	sí	0	0		sí	RYM: 0 géneros, 0 discos; ficha stub	descartar (sin alta)	dossier-nuevos.jsonl#sin_evidencia_musical	
persona_sin_evidencia	Ignacio Castillo Cottin	/artist/ignacio-castillo-cottin	5	sí	0	0		sí	RYM: 0 géneros, 0 discos; ficha stub	descartar (sin alta)	dossier-nuevos.jsonl#sin_evidencia_musical	
persona_sin_evidencia	Igor Bastidas	/artist/igor-bastidas	7	no	0	0		sí	RYM: 0 géneros, 0 discos; ficha stub	descartar (sin alta)	dossier-nuevos.jsonl#sin_evidencia_musical	
persona_sin_evidencia	Inés Michelena	/artist/ines-michelena	5	no	0	0		sí	RYM: 0 géneros, 0 discos; ficha stub	descartar (sin alta)	dossier-nuevos.jsonl#sin_evidencia_musical	
persona_sin_evidencia	Irene Arcila	/artist/irene-arcila	5	sí	0	0		sí	RYM: 0 géneros, 0 discos; ficha stub	descartar (sin alta)	dossier-nuevos.jsonl#sin_evidencia_musical	
persona_sin_evidencia	Irene Esser	/artist/irene-esser	10	sí	0	0		sí	RYM: 0 géneros, 0 discos; ficha stub	descartar (sin alta)	dossier-nuevos.jsonl#sin_evidencia_musical	
persona_sin_evidencia	Isabella Santiago	/artist/isabella-santiago	5	sí	0	0		sí	RYM: 0 géneros, 0 discos; ficha stub	descartar (sin alta)	dossier-nuevos.jsonl#sin_evidencia_musical	
persona_sin_evidencia	Ivonne Reyes	/artist/ivonne-reyes	21	sí	0	0		sí	RYM: 0 géneros, 0 discos; ficha stub	descartar (sin alta)	dossier-nuevos.jsonl#sin_evidencia_musical	
persona_sin_evidencia	Jacobo Penzo	/artist/jacobo-penzo	20	sí	0	0		sí	RYM: 0 géneros, 0 discos; ficha stub	descartar (sin alta)	dossier-nuevos.jsonl#sin_evidencia_musical	
persona_sin_evidencia	Jaike Belfor	/artist/jaike-belfor	4	sí	0	0		sí	RYM: 0 géneros, 0 discos; ficha stub	descartar (sin alta)	dossier-nuevos.jsonl#sin_evidencia_musical	
persona_sin_evidencia	Jairo Camargo	/artist/jairo_camargo	5	sí	0	0		sí	RYM: 0 géneros, 0 discos; ficha stub	descartar (sin alta)	dossier-nuevos.jsonl#sin_evidencia_musical	
persona_sin_evidencia	Jean Carlo Simancas	/artist/jean-carlo-simancas	3	sí	0	0		sí	RYM: 0 géneros, 0 discos; ficha stub	descartar (sin alta)	dossier-nuevos.jsonl#sin_evidencia_musical	
persona_sin_evidencia	Jean Paul Leroux	/artist/jean-paul-leroux	7	sí	0	0		sí	RYM: 0 géneros, 0 discos; ficha stub	descartar (sin alta)	dossier-nuevos.jsonl#sin_evidencia_musical	
persona_sin_evidencia	Jei	/artist/jei	5	sí	0	0		no	RYM: 0 géneros, 0 discos	descartar (sin alta)	dossier-nuevos.jsonl#sin_evidencia_musical	
persona_sin_evidencia	Jennifer Tani	/artist/jennifer-tani	5	no	0	0		sí	RYM: 0 géneros, 0 discos; ficha stub	descartar (sin alta)	dossier-nuevos.jsonl#sin_evidencia_musical	
persona_sin_evidencia	Jessika Grau	/artist/jessika-grau	7	sí	0	0		sí	RYM: 0 géneros, 0 discos; ficha stub	descartar (sin alta)	dossier-nuevos.jsonl#sin_evidencia_musical	
persona_sin_evidencia	Jessus Salvador	/artist/jessus-salvador	15	no	0	0		sí	RYM: 0 géneros, 0 discos; ficha stub	descartar (sin alta)	dossier-nuevos.jsonl#sin_evidencia_musical	
persona_sin_evidencia	Jesús Enrique Guédez	/artist/jesus-enrique-guedez	7	sí	0	0		sí	RYM: 0 géneros, 0 discos; ficha stub	descartar (sin alta)	dossier-nuevos.jsonl#sin_evidencia_musical	
persona_sin_evidencia	Jimmix	/artist/jimmix	21	no	0	0		no	RYM: 0 géneros, 0 discos	descartar (sin alta)	dossier-nuevos.jsonl#sin_evidencia_musical	
persona_sin_evidencia	John Novak	/artist/john_novak	5	sí	0	0		sí	RYM: 0 géneros, 0 discos; ficha stub	descartar (sin alta)	dossier-nuevos.jsonl#sin_evidencia_musical	
persona_sin_evidencia	Jorge Hernández Aldana	/artist/jorge-hernandez-aldana	5	sí	0	0		sí	RYM: 0 géneros, 0 discos; ficha stub	descartar (sin alta)	dossier-nuevos.jsonl#sin_evidencia_musical	
persona_sin_evidencia	Jorge Rigó	/artist/jorge-rigo	7	sí	0	0		no	RYM: 0 géneros, 0 discos	descartar (sin alta)	dossier-nuevos.jsonl#sin_evidencia_musical	
persona_sin_evidencia	Jose Prendes	/artist/jose_prendes	5	sí	0	0		sí	RYM: 0 géneros, 0 discos; ficha stub	descartar (sin alta)	dossier-nuevos.jsonl#sin_evidencia_musical	
persona_sin_evidencia	José "Majito" Aguilera	/artist/jose-majito-aguilera	19	no	0	0		sí	RYM: 0 géneros, 0 discos; ficha stub	descartar (sin alta)	dossier-nuevos.jsonl#sin_evidencia_musical	
persona_sin_evidencia	José Carabaño	/artist/jose-carabano	5	sí	0	0		sí	RYM: 0 géneros, 0 discos; ficha stub	descartar (sin alta)	dossier-nuevos.jsonl#sin_evidencia_musical	
persona_sin_evidencia	José Gálvez	/artist/jose-galvez	5	sí	0	0		sí	RYM: 0 géneros, 0 discos; ficha stub	descartar (sin alta)	dossier-nuevos.jsonl#sin_evidencia_musical	
persona_sin_evidencia	José Ramón Barreto	/artist/jose-ramon-barreto	5	sí	0	0		sí	RYM: 0 géneros, 0 discos; ficha stub	descartar (sin alta)	dossier-nuevos.jsonl#sin_evidencia_musical	
persona_sin_evidencia	JP Sans	/artist/jp-sans	7	no	0	0		sí	RYM: 0 géneros, 0 discos; ficha stub	descartar (sin alta)	dossier-nuevos.jsonl#sin_evidencia_musical	
persona_sin_evidencia	Juan Vicente Manrique	/artist/juan-vicente-manrique	5	sí	0	0		sí	RYM: 0 géneros, 0 discos; ficha stub	descartar (sin alta)	dossier-nuevos.jsonl#sin_evidencia_musical	
persona_sin_evidencia	Juana Sujo	/artist/juana-sujo	19	sí	0	0		sí	RYM: 0 géneros, 0 discos; ficha stub	descartar (sin alta)	dossier-nuevos.jsonl#sin_evidencia_musical	
persona_sin_evidencia	Julio Jung Duvauchelle	/artist/julio-jung-duvauchelle	7	sí	0	0		sí	RYM: 0 géneros, 0 discos; ficha stub	descartar (sin alta)	dossier-nuevos.jsonl#sin_evidencia_musical	
persona_sin_evidencia	Karen Paulina Biswell	/artist/karen-paulina-biswell	6	sí	0	0		sí	RYM: 0 géneros, 0 discos; ficha stub	descartar (sin alta)	dossier-nuevos.jsonl#sin_evidencia_musical	
persona_sin_evidencia	Koncept P	/artist/koncept-p	5	no	0	0		sí	RYM: 0 géneros, 0 discos; ficha stub	descartar (sin alta)	dossier-nuevos.jsonl#sin_evidencia_musical	
persona_sin_evidencia	Kroshwell	/artist/kroshwell	5	sí	0	0		no	RYM: 0 géneros, 0 discos	descartar (sin alta)	dossier-nuevos.jsonl#sin_evidencia_musical	
persona_sin_evidencia	Küasi yu	/artist/kuasi-yu	14	no	0	0		sí	RYM: 0 géneros, 0 discos; ficha stub	descartar (sin alta)	dossier-nuevos.jsonl#sin_evidencia_musical	
persona_sin_evidencia	Laureano Olivares	/artist/laureano-olivares	5	sí	0	0		sí	RYM: 0 géneros, 0 discos; ficha stub	descartar (sin alta)	dossier-nuevos.jsonl#sin_evidencia_musical	
persona_sin_evidencia	Leandro Arvelo	/artist/leandro-arvelo	18	sí	0	0		sí	RYM: 0 géneros, 0 discos; ficha stub	descartar (sin alta)	dossier-nuevos.jsonl#sin_evidencia_musical	
persona_sin_evidencia	Leonard Zelig	/artist/leonard-zelig	28	sí	0	0		sí	RYM: 0 géneros, 0 discos; ficha stub	descartar (sin alta)	dossier-nuevos.jsonl#sin_evidencia_musical	
persona_sin_evidencia	Liliana Durán	/artist/liliana-duran	24	sí	0	0		sí	RYM: 0 géneros, 0 discos; ficha stub	descartar (sin alta)	dossier-nuevos.jsonl#sin_evidencia_musical	
persona_sin_evidencia	Lilo de la Vega	/artist/lilo-de-la-vega	5	sí	0	0		sí	RYM: 0 géneros, 0 discos; ficha stub	descartar (sin alta)	dossier-nuevos.jsonl#sin_evidencia_musical	
persona_sin_evidencia	Lily Álvarez	/artist/lily-alvarez	9	sí	0	0		sí	RYM: 0 géneros, 0 discos; ficha stub	descartar (sin alta)	dossier-nuevos.jsonl#sin_evidencia_musical	
persona_sin_evidencia	Lorena Alvarado	/artist/lorena-alvarado	7	no	0	0		sí	RYM: 0 géneros, 0 discos; ficha stub	descartar (sin alta)	dossier-nuevos.jsonl#sin_evidencia_musical	
persona_sin_evidencia	Lorena Colmenares	/artist/lorena-colmenares	19	sí	0	0		sí	RYM: 0 géneros, 0 discos; ficha stub	descartar (sin alta)	dossier-nuevos.jsonl#sin_evidencia_musical	
persona_sin_evidencia	Lourdes Valera	/artist/lourdes-valera	7	sí	0	0		sí	RYM: 0 géneros, 0 discos; ficha stub	descartar (sin alta)	dossier-nuevos.jsonl#sin_evidencia_musical	
persona_sin_evidencia	lovadiel	/artist/lovadiel	5	no	0	0		no	RYM: 0 géneros, 0 discos	descartar (sin alta)	dossier-nuevos.jsonl#sin_evidencia_musical	
persona_sin_evidencia	Luigi Sciamanna	/artist/luigi_sciamanna	5	no	0	0		sí	RYM: 0 géneros, 0 discos; ficha stub	descartar (sin alta)	dossier-nuevos.jsonl#sin_evidencia_musical	
persona_sin_evidencia	Luis Alberto Lamata	/artist/luis-alberto-lamata	7	sí	0	0		sí	RYM: 0 géneros, 0 discos; ficha stub	descartar (sin alta)	dossier-nuevos.jsonl#sin_evidencia_musical	
persona_sin_evidencia	Luis Armando Roche	/artist/luis-armando-roche	7	sí	0	0		sí	RYM: 0 géneros, 0 discos; ficha stub	descartar (sin alta)	dossier-nuevos.jsonl#sin_evidencia_musical	
persona_sin_evidencia	Luis Colmenares	/artist/luis-colmenares	5	sí	0	0		sí	RYM: 0 géneros, 0 discos; ficha stub	descartar (sin alta)	dossier-nuevos.jsonl#sin_evidencia_musical	
persona_sin_evidencia	Luis Gerónimo Abreu	/artist/luis-geronimo-abreu	7	sí	0	0		sí	RYM: 0 géneros, 0 discos; ficha stub	descartar (sin alta)	dossier-nuevos.jsonl#sin_evidencia_musical	
persona_sin_evidencia	Lupita Ferrer	/artist/lupita-ferrer	3	sí	0	0		sí	RYM: 0 géneros, 0 discos; ficha stub	descartar (sin alta)	dossier-nuevos.jsonl#sin_evidencia_musical	
persona_sin_evidencia	Malena Gonzalez	/artist/malena-gonzalez	7	no	0	0		sí	RYM: 0 géneros, 0 discos; ficha stub	descartar (sin alta)	dossier-nuevos.jsonl#sin_evidencia_musical	
persona_sin_evidencia	Manuel Díaz Punceles	/artist/manuel-diaz-punceles	5	no	0	0		sí	RYM: 0 géneros, 0 discos; ficha stub	descartar (sin alta)	dossier-nuevos.jsonl#sin_evidencia_musical	
persona_sin_evidencia	Manuel Trotta	/artist/manuel-trotta	6	sí	0	0		sí	RYM: 0 géneros, 0 discos; ficha stub	descartar (sin alta)	dossier-nuevos.jsonl#sin_evidencia_musical	
persona_sin_evidencia	Marco Echeverria	/artist/marco-echeverria	3	no	0	0		sí	RYM: 0 géneros, 0 discos; ficha stub	descartar (sin alta)	dossier-nuevos.jsonl#sin_evidencia_musical	
persona_sin_evidencia	Margarita Cadenas	/artist/margarita-cadenas	7	no	0	0		sí	RYM: 0 géneros, 0 discos; ficha stub	descartar (sin alta)	dossier-nuevos.jsonl#sin_evidencia_musical	
persona_sin_evidencia	Margot Benacerraf	/artist/margot-benacerraf	7	sí	0	0		sí	RYM: 0 géneros, 0 discos; ficha stub	descartar (sin alta)	dossier-nuevos.jsonl#sin_evidencia_musical	
persona_sin_evidencia	Maria Beatty	/artist/maria_beatty	6	no	0	0		sí	RYM: 0 géneros, 0 discos; ficha stub	descartar (sin alta)	dossier-nuevos.jsonl#sin_evidencia_musical	
persona_sin_evidencia	Maria Constanza Ferreira	/artist/maria-constanza-ferreira	5	sí	0	0		sí	RYM: 0 géneros, 0 discos; ficha stub	descartar (sin alta)	dossier-nuevos.jsonl#sin_evidencia_musical	
persona_sin_evidencia	Maria Marrone	/artist/maria-marrone	17	no	0	0		sí	RYM: 0 géneros, 0 discos; ficha stub	descartar (sin alta)	dossier-nuevos.jsonl#sin_evidencia_musical	
persona_sin_evidencia	Mariana Derderián	/artist/mariana-derderian	6	sí	0	0		sí	RYM: 0 géneros, 0 discos; ficha stub	descartar (sin alta)	dossier-nuevos.jsonl#sin_evidencia_musical	
persona_sin_evidencia	Mariana Hellmund	/artist/mariana-hellmund	7	sí	0	0		sí	RYM: 0 géneros, 0 discos; ficha stub	descartar (sin alta)	dossier-nuevos.jsonl#sin_evidencia_musical	
persona_sin_evidencia	Mariana Rondón	/artist/mariana-rondon	32	sí	0	0		sí	RYM: 0 géneros, 0 discos; ficha stub	descartar (sin alta)	dossier-nuevos.jsonl#sin_evidencia_musical	
persona_sin_evidencia	Marianela Maldonado	/artist/marianela-maldonado	17	sí	0	0		sí	RYM: 0 géneros, 0 discos; ficha stub	descartar (sin alta)	dossier-nuevos.jsonl#sin_evidencia_musical	
persona_sin_evidencia	Marianne Amelinckx	/artist/marianne-amelinckx	12	sí	0	0		sí	RYM: 0 géneros, 0 discos; ficha stub	descartar (sin alta)	dossier-nuevos.jsonl#sin_evidencia_musical	
persona_sin_evidencia	Marisa Román	/artist/marisa-roman	27	sí	0	0		sí	RYM: 0 géneros, 0 discos; ficha stub	descartar (sin alta)	dossier-nuevos.jsonl#sin_evidencia_musical	
persona_sin_evidencia	Marisela Berti	/artist/marisela_berti	3	sí	0	0		sí	RYM: 0 géneros, 0 discos; ficha stub	descartar (sin alta)	dossier-nuevos.jsonl#sin_evidencia_musical	
persona_sin_evidencia	Marjorie de Sousa	/artist/marjorie-de-sousa	5	sí	0	0		sí	RYM: 0 géneros, 0 discos; ficha stub	descartar (sin alta)	dossier-nuevos.jsonl#sin_evidencia_musical	
persona_sin_evidencia	Martha Liliana Ruiz	/artist/martha-liliana-ruiz	5	sí	0	0		no	RYM: 0 géneros, 0 discos	descartar (sin alta)	dossier-nuevos.jsonl#sin_evidencia_musical	
persona_sin_evidencia	María Fernanda Ferro	/artist/maria-fernanda-ferro	7	sí	0	0		sí	RYM: 0 géneros, 0 discos; ficha stub	descartar (sin alta)	dossier-nuevos.jsonl#sin_evidencia_musical	
persona_sin_evidencia	Mateo Lugo	/artist/mateo-lugo	7	sí	0	0		no	RYM: 0 géneros, 0 discos	descartar (sin alta)	dossier-nuevos.jsonl#sin_evidencia_musical	
persona_sin_evidencia	Maure Om	/artist/maure-om	18	no	0	0		no	RYM: 0 géneros, 0 discos	descartar (sin alta)	dossier-nuevos.jsonl#sin_evidencia_musical	
persona_sin_evidencia	Maux	/artist/maux	9	no	0	0		no	RYM: 0 géneros, 0 discos	descartar (sin alta)	dossier-nuevos.jsonl#sin_evidencia_musical	
persona_sin_evidencia	Max Costa	/artist/max_costa	5	sí	0	0		sí	RYM: 0 géneros, 0 discos; ficha stub	descartar (sin alta)	dossier-nuevos.jsonl#sin_evidencia_musical	
persona_sin_evidencia	Merle Collins	/artist/merle-collins	6	sí	0	0		sí	RYM: 0 géneros, 0 discos; ficha stub	descartar (sin alta)	dossier-nuevos.jsonl#sin_evidencia_musical	
persona_sin_evidencia	Michael Labarca	/artist/michael-labarca	3	sí	0	0		sí	RYM: 0 géneros, 0 discos; ficha stub	descartar (sin alta)	dossier-nuevos.jsonl#sin_evidencia_musical	
persona_sin_evidencia	Michiel de Jong	/artist/michiel-de-jong	6	sí	0	0		sí	RYM: 0 géneros, 0 discos; ficha stub	descartar (sin alta)	dossier-nuevos.jsonl#sin_evidencia_musical	
persona_sin_evidencia	Miguel Ángel Ferrer	/artist/miguel-angel-ferrer	7	sí	0	0		sí	RYM: 0 géneros, 0 discos; ficha stub	descartar (sin alta)	dossier-nuevos.jsonl#sin_evidencia_musical	
persona_sin_evidencia	Moro León	/artist/moro-leon	5	sí	0	0		sí	RYM: 0 géneros, 0 discos; ficha stub	descartar (sin alta)	dossier-nuevos.jsonl#sin_evidencia_musical	
persona_sin_evidencia	Nancy Nash	/artist/nancy-nash	22	sí	0	0		sí	RYM: 0 géneros, 0 discos; ficha stub	descartar (sin alta)	dossier-nuevos.jsonl#sin_evidencia_musical	
persona_sin_evidencia	NasokBeats	/artist/nasokbeats	21	sí	0	0		sí	RYM: 0 géneros, 0 discos; ficha stub	descartar (sin alta)	dossier-nuevos.jsonl#sin_evidencia_musical	
persona_sin_evidencia	Natasha Deganello Giraudie	/artist/natasha-deganello-giraudie	6	no	0	0		sí	RYM: 0 géneros, 0 discos; ficha stub	descartar (sin alta)	dossier-nuevos.jsonl#sin_evidencia_musical	
persona_sin_evidencia	Nelson G. Navarrete	/artist/nelson-g-navarrete	7	no	0	0		sí	RYM: 0 géneros, 0 discos; ficha stub	descartar (sin alta)	dossier-nuevos.jsonl#sin_evidencia_musical	
persona_sin_evidencia	Noraly Beyer	/artist/noraly-beyer	4	sí	0	0		sí	RYM: 0 géneros, 0 discos; ficha stub	descartar (sin alta)	dossier-nuevos.jsonl#sin_evidencia_musical	
persona_sin_evidencia	Norelys Rodríguez	/artist/norelys-rodriguez	12	sí	0	0		sí	RYM: 0 géneros, 0 discos; ficha stub	descartar (sin alta)	dossier-nuevos.jsonl#sin_evidencia_musical	
persona_sin_evidencia	Oswaldo Vigas	/artist/oswaldo-vigas	34	sí	0	0		sí	RYM: 0 géneros, 0 discos; ficha stub	descartar (sin alta)	dossier-nuevos.jsonl#sin_evidencia_musical	
persona_sin_evidencia	Pablo de la Barra	/artist/pablo-de-la-barra	7	sí	0	0		sí	RYM: 0 géneros, 0 discos; ficha stub	descartar (sin alta)	dossier-nuevos.jsonl#sin_evidencia_musical	
persona_sin_evidencia	Paola Calvo	/artist/paola-calvo	5	sí	0	0		sí	RYM: 0 géneros, 0 discos; ficha stub	descartar (sin alta)	dossier-nuevos.jsonl#sin_evidencia_musical	
persona_sin_evidencia	Patricia Ortega	/artist/patricia-ortega	3	sí	0	0		sí	RYM: 0 géneros, 0 discos; ficha stub	descartar (sin alta)	dossier-nuevos.jsonl#sin_evidencia_musical	
persona_sin_evidencia	Patrizia Fontana	/artist/patrizia_fontana	6	sí	0	0		sí	RYM: 0 géneros, 0 discos; ficha stub	descartar (sin alta)	dossier-nuevos.jsonl#sin_evidencia_musical	
persona_sin_evidencia	Pedro de la Barra	/artist/pedro-de-la-barra	7	sí	0	0		sí	RYM: 0 géneros, 0 discos; ficha stub	descartar (sin alta)	dossier-nuevos.jsonl#sin_evidencia_musical	
persona_sin_evidencia	Pedro Lander	/artist/pedro-lander	5	sí	0	0		sí	RYM: 0 géneros, 0 discos; ficha stub	descartar (sin alta)	dossier-nuevos.jsonl#sin_evidencia_musical	
persona_sin_evidencia	Pierre Caron	/artist/pierre_caron	7	sí	0	0		sí	RYM: 0 géneros, 0 discos; ficha stub	descartar (sin alta)	dossier-nuevos.jsonl#sin_evidencia_musical	
persona_sin_evidencia	Pinoir	/artist/pinoir	8	no	0	0		no	RYM: 0 géneros, 0 discos	descartar (sin alta)	dossier-nuevos.jsonl#sin_evidencia_musical	
persona_sin_evidencia	Prakriti Maduro	/artist/prakriti-maduro	7	sí	0	0		sí	RYM: 0 géneros, 0 discos; ficha stub	descartar (sin alta)	dossier-nuevos.jsonl#sin_evidencia_musical	
persona_sin_evidencia	Rafael Marziano Tinoco	/artist/rafael-marziano-tinoco	7	sí	0	0		sí	RYM: 0 géneros, 0 discos; ficha stub	descartar (sin alta)	dossier-nuevos.jsonl#sin_evidencia_musical	
persona_sin_evidencia	Raúl Rolla	/artist/raul-rolla	7	no	0	0		sí	RYM: 0 géneros, 0 discos; ficha stub	descartar (sin alta)	dossier-nuevos.jsonl#sin_evidencia_musical	
persona_sin_evidencia	Reinaldo Moya	/artist/reinaldo-moya	5	no	0	0		sí	RYM: 0 géneros, 0 discos; ficha stub	descartar (sin alta)	dossier-nuevos.jsonl#sin_evidencia_musical	
persona_sin_evidencia	René van Nie	/artist/rene-van-nie	6	sí	0	0		sí	RYM: 0 géneros, 0 discos; ficha stub	descartar (sin alta)	dossier-nuevos.jsonl#sin_evidencia_musical	
persona_sin_evidencia	Rházes Hernández-López	/artist/rhazes-hernandez-lopez	19	sí	0	0		sí	RYM: 0 géneros, 0 discos; ficha stub	descartar (sin alta)	dossier-nuevos.jsonl#sin_evidencia_musical	
persona_sin_evidencia	Ricardo Coll	/artist/ricardo-coll	5	sí	0	0		sí	RYM: 0 géneros, 0 discos; ficha stub	descartar (sin alta)	dossier-nuevos.jsonl#sin_evidencia_musical	
persona_sin_evidencia	Rino Arreaza	/artist/rino-arreaza	5	sí	0	0		sí	RYM: 0 géneros, 0 discos; ficha stub	descartar (sin alta)	dossier-nuevos.jsonl#sin_evidencia_musical	
persona_sin_evidencia	Robby Müller	/artist/robby-muller	4	sí	0	0		sí	RYM: 0 géneros, 0 discos; ficha stub	descartar (sin alta)	dossier-nuevos.jsonl#sin_evidencia_musical	
persona_sin_evidencia	Robert-Jonathan Koeyers	/artist/robert-jonathan-koeyers	4	sí	0	0		sí	RYM: 0 géneros, 0 discos; ficha stub	descartar (sin alta)	dossier-nuevos.jsonl#sin_evidencia_musical	
persona_sin_evidencia	Román Chalbaud	/artist/roman-chalbaud	39	sí	0	0		sí	RYM: 0 géneros, 0 discos; ficha stub	descartar (sin alta)	dossier-nuevos.jsonl#sin_evidencia_musical	
persona_sin_evidencia	Ronny Grant	/artist/ronny-grant	6	sí	0	0		no	RYM: 0 géneros, 0 discos	descartar (sin alta)	dossier-nuevos.jsonl#sin_evidencia_musical	
persona_sin_evidencia	Rosita Arenas	/artist/rosita_arenas	6	sí	0	0		sí	RYM: 0 géneros, 0 discos; ficha stub	descartar (sin alta)	dossier-nuevos.jsonl#sin_evidencia_musical	
persona_sin_evidencia	Ruddy Rodríguez	/artist/ruddy_rodriguez	9	sí	0	0		sí	RYM: 0 géneros, 0 discos; ficha stub	descartar (sin alta)	dossier-nuevos.jsonl#sin_evidencia_musical	
persona_sin_evidencia	Rómulo Gallegos	/artist/romulo-gallegos	7	sí	0	0		sí	RYM: 0 géneros, 0 discos; ficha stub	descartar (sin alta)	dossier-nuevos.jsonl#sin_evidencia_musical	
persona_sin_evidencia	Samantha Castillo	/artist/samantha-castillo	7	sí	0	0		sí	RYM: 0 géneros, 0 discos; ficha stub	descartar (sin alta)	dossier-nuevos.jsonl#sin_evidencia_musical	
persona_sin_evidencia	Santiago Cabrera	/artist/santiago-cabrera	7	sí	0	0		sí	RYM: 0 géneros, 0 discos; ficha stub	descartar (sin alta)	dossier-nuevos.jsonl#sin_evidencia_musical	
persona_sin_evidencia	Scarlet Gruber	/artist/scarlet-gruber	6	sí	0	0		sí	RYM: 0 géneros, 0 discos; ficha stub	descartar (sin alta)	dossier-nuevos.jsonl#sin_evidencia_musical	
persona_sin_evidencia	Sebastian Gutierrez	/artist/sebastian_gutierrez	6	sí	0	0		sí	RYM: 0 géneros, 0 discos; ficha stub	descartar (sin alta)	dossier-nuevos.jsonl#sin_evidencia_musical	
persona_sin_evidencia	Selwyn de Wind	/artist/selwyn-de-wind	4	no	0	0		sí	RYM: 0 géneros, 0 discos; ficha stub	descartar (sin alta)	dossier-nuevos.jsonl#sin_evidencia_musical	
persona_sin_evidencia	Shamira Raphaëla	/artist/shamira-raphaela	6	sí	0	0		sí	RYM: 0 géneros, 0 discos; ficha stub	descartar (sin alta)	dossier-nuevos.jsonl#sin_evidencia_musical	
persona_sin_evidencia	Shariff Korver	/artist/shariff_korver	5	sí	0	0		sí	RYM: 0 géneros, 0 discos; ficha stub	descartar (sin alta)	dossier-nuevos.jsonl#sin_evidencia_musical	
persona_sin_evidencia	Sherman de Jesus	/artist/sherman-de-jesus	4	sí	0	0		sí	RYM: 0 géneros, 0 discos; ficha stub	descartar (sin alta)	dossier-nuevos.jsonl#sin_evidencia_musical	
persona_sin_evidencia	Silvio Estrada	/artist/silvio-estrada	7	sí	0	0		sí	RYM: 0 géneros, 0 discos; ficha stub	descartar (sin alta)	dossier-nuevos.jsonl#sin_evidencia_musical	
persona_sin_evidencia	Sonia Chocrón	/artist/sonia-chocron	6	sí	0	0		sí	RYM: 0 géneros, 0 discos; ficha stub	descartar (sin alta)	dossier-nuevos.jsonl#sin_evidencia_musical	
persona_sin_evidencia	Sonny León	/artist/sonny_leon	7	sí	0	0		sí	RYM: 0 géneros, 0 discos; ficha stub	descartar (sin alta)	dossier-nuevos.jsonl#sin_evidencia_musical	
persona_sin_evidencia	Susana Dujim	/artist/susana-dujim	13	sí	0	0		sí	RYM: 0 géneros, 0 discos; ficha stub	descartar (sin alta)	dossier-nuevos.jsonl#sin_evidencia_musical	
persona_sin_evidencia	Swbas	/artist/swbas	14	sí	0	0		no	RYM: 0 géneros, 0 discos	descartar (sin alta)	dossier-nuevos.jsonl#sin_evidencia_musical	
persona_sin_evidencia	Thaelman Urgelles	/artist/thaelman-urgelles	22	sí	0	0		sí	RYM: 0 géneros, 0 discos; ficha stub	descartar (sin alta)	dossier-nuevos.jsonl#sin_evidencia_musical	
persona_sin_evidencia	Toco Gómez	/artist/toco-gomez	5	sí	0	0		sí	RYM: 0 géneros, 0 discos; ficha stub	descartar (sin alta)	dossier-nuevos.jsonl#sin_evidencia_musical	
persona_sin_evidencia	Tom Espinoza	/artist/tom-espinoza	7	sí	0	0		sí	RYM: 0 géneros, 0 discos; ficha stub	descartar (sin alta)	dossier-nuevos.jsonl#sin_evidencia_musical	
persona_sin_evidencia	Tomás Henríquez	/artist/tomas-henriquez	12	sí	0	0		sí	RYM: 0 géneros, 0 discos; ficha stub	descartar (sin alta)	dossier-nuevos.jsonl#sin_evidencia_musical	
persona_sin_evidencia	Txiki Benegas	/artist/txiki-benegas	5	sí	0	0		sí	RYM: 0 géneros, 0 discos; ficha stub	descartar (sin alta)	dossier-nuevos.jsonl#sin_evidencia_musical	
persona_sin_evidencia	Valentina Alvarado Matos	/artist/valentina-alvarado-matos	3	sí	0	0		sí	RYM: 0 géneros, 0 discos; ficha stub	descartar (sin alta)	dossier-nuevos.jsonl#sin_evidencia_musical	
persona_sin_evidencia	Valeria Solarino	/artist/valeria_solarino	10	sí	0	0		no	RYM: 0 géneros, 0 discos	descartar (sin alta)	dossier-nuevos.jsonl#sin_evidencia_musical	
persona_sin_evidencia	Victor Velasco	/artist/victor-velasco	5	no	0	0		sí	RYM: 0 géneros, 0 discos; ficha stub	descartar (sin alta)	dossier-nuevos.jsonl#sin_evidencia_musical	
persona_sin_evidencia	Viviana Gibelli	/artist/viviana-gibelli	5	sí	0	0		sí	RYM: 0 géneros, 0 discos; ficha stub	descartar (sin alta)	dossier-nuevos.jsonl#sin_evidencia_musical	
persona_sin_evidencia	Xabier Elorriaga	/artist/xabier_elorriaga	3	sí	0	0		no	RYM: 0 géneros, 0 discos	descartar (sin alta)	dossier-nuevos.jsonl#sin_evidencia_musical	
persona_sin_evidencia	Yeniffer Behrens	/artist/yeniffer-behrens	7	sí	0	0		no	RYM: 0 géneros, 0 discos	descartar (sin alta)	dossier-nuevos.jsonl#sin_evidencia_musical	
persona_sin_evidencia	Zair Montes	/artist/zair-montes	5	sí	0	0		sí	RYM: 0 géneros, 0 discos; ficha stub	descartar (sin alta)	dossier-nuevos.jsonl#sin_evidencia_musical	
persona_sin_evidencia	Василь Кричевський [Vasili Krichevsky]	/artist/василь-кричевський	7	sí	0	0		sí	RYM: 0 géneros, 0 discos; ficha stub	descartar (sin alta)	dossier-nuevos.jsonl#sin_evidencia_musical	
