artistId,name,rymHref,albums,albumsSinPortada
138,La Puta Eléctrica,/artist/la_puta_electrica,6,3
243,The Asbestos,/artist/the_asbestos,6,2
216,Salpachino,/artist/salpachino,5,2
174,Metrozubdivision,/artist/metrozubdivision,4,2
248,Todosantos,/artist/todosantos,3,2
1464,Zul,/artist/zul-1,2,2
112,Horacero,/artist/horacero,7,1
3112,M.C.C.,/artist/m_c_c-1,6,1
51,Billy Se Fue,/artist/billy-se-fue,4,1
238,TLX,/artist/tlx,4,1
241,Telegrama,/artist/telegrama-1,4,1
38,Alban Arthuan,/artist/alban-arthuan,3,1
147,Lebronch,/artist/lebronch,3,1
1041,Legado,/artist/legado-2,3,1
157,Los Gusanos,/artist/los-gusanos,3,1
196,Pharmacy,/artist/pharmacy-3,3,1
2027,Tinajas,/artist/tinajas,3,1
53,C4 Trío,/artist/c4-trio,2,1
100,Fuego Montevideo,/artist/fuego-montevideo,2,1
166,Marilanne,/artist/marilanne,2,1
2017,Sin Dirección,/artist/sin-direccion,2,1
270,Dimension Latina,/artist/dimension-latina,1,1
109,Hana Kobayashi,/artist/hana-kobayashi,1,1
163,Majarete Sound Machine,/artist/majarete-sound-machine,1,1
285,Psh Psh,/artist/psh-psh,1,1
1479,Los 007,/artist/los_007,10,0
811,Bloody Semen,/artist/bloody_semen,7,0
1010,7 Balazos,/artist/7_balazos,6,0
1437,Dolli,/artist/dolli,5,0
534,Los Humanoides,/artist/los-humanoides,5,0
457,Mojo Pojo,/artist/mojo_pojo,5,0
450,NADA,/artist/nada_f6,5,0
1430,Rebelion Andina,/artist/rebelion-andina,5,0
616,Southaven,/artist/southaven,5,0
446,A Raíz de Nuevas Causas,/artist/a-raiz-de-nuevas-causas,4,0
1684,BioShaft,/artist/bioshaft,4,0
630,Blackout,/artist/blackout-15,4,0
528,Bueninvento,/artist/bueninvento,4,0
302,Elefreak,/artist/elefreak,4,0
1174,Juan Peyote,/artist/juan_peyote,4,0
208,Recipe Morado,/artist/recipe-morado,4,0
1382,Séptima Raza,/artist/septima-raza,4,0
969,THE,/artist/the_f2,4,0
835,Triangular Ascension,/artist/triangular-ascension,4,0
459,Zeta,/artist/zeta-1,4,0
458,Agente Extraño,/artist/agente-extrano,3,0
1677,Alce,/artist/alce,3,0
1104,Ankla,/artist/ankla-2,3,0
1681,Apache,/artist/apache_f3,3,0
48,Babylon Motorhome,/artist/babylon-motorhome,3,0
923,D'Montana,/artist/dmontana,3,0
992,Destruye Pony's,/artist/destruye-ponys,3,0
406,Echoes,/artist/echoes_f2,3,0
409,Enfasis,/artist/enfasis,3,0
1939,Feedback,/artist/feedback-12,3,0
111,Henrique Lazo,/artist/henrique-lazo,3,0
1071,Jahbafana,/artist/jahbafana,3,0
1748,Limpiacabezales,/artist/limpiacabezales,3,0
444,Los Calvos,/artist/los-calvos,3,0
354,Mar de Rabia,/artist/mar-de-rabia,3,0
172,Meganeura Monji,/artist/meganeura-monji,3,0
195,Petrula,/artist/petrula,3,0
3072,Regurgitorso,/artist/regurgitorso,3,0
1770,Tan Frió el Verano,/artist/tan_frio_el_verano,3,0
1356,Trampas,/artist/trampas,3,0
1553,100 Grados,/artist/100_grados,2,0
30,10MC,/artist/10mc,2,0
42,Ananta,/artist/ananta,2,0
44,Antena Mantis,/artist/antena-mantis,2,0
579,Belzabet,/artist/belzabet_f1,2,0
550,Buffalo Mad,/artist/buffalo_mad,2,0
64,Chupi Lumpi,/artist/chupi-lumpi,2,0
1898,Clarox,/artist/clarox,2,0
3122,Dagga,/artist/dagga-2,2,0
74,Decibel,/artist/decibel-8,2,0
1106,El Enano de la Catedral,/artist/el-enano-de-la-catedral,2,0
551,El Viaje de los Antiguos,/artist/el-viaje-de-los-antiguos,2,0
93,Estructura,/artist/estructura,2,0
131,La Hermandad,/artist/la-hermandad,2,0
462,Logia Drakos,/artist/logia-drakos,2,0
390,Los Callejeros,/artist/los-callejeros,2,0
1124,Mermelada Maker,/artist/mermelada-maker,2,0
176,Movida Acústica Urbana,/artist/movida-acustica-urbana,2,0
1351,Para Llevar,/artist/para-llevar,2,0
1608,Revólver Suicida,/artist/revolver-suicida,2,0
1237,Skabiosis,/artist/skabiosis,2,0
1247,Skatz,/artist/skatz,2,0
1641,Todos Odiamos Todo,/artist/todos-odiamos-todo,2,0
1386,Yellow Ipe,/artist/yellow-ipe,2,0
1615,Zikoticos Armados,/artist/zikoticos-armados,2,0
1529,Zion TPL,/artist/zion-tpl,2,0
1525,...Al cruzar La Calle,/artist/…al-cruzar-la-calle,1,0
32,20/20,/artist/20_20-1,1,0
1844,ACME,/artist/acme_f1,1,0
1181,Aerea,/artist/aerea,1,0
1642,Aeternus Sum,/artist/aeternus-sum,1,0
3104,Agonía Infernal,/artist/agonia-infernal,1,0
1045,Agugutata,/artist/agugutata,1,0
1864,Almas,/artist/almas,1,0
40,Almendra,/artist/almendra-1,1,0
