artistId,artist,rymHref,capturado,discos_en_rym,discos_capturados,discos_pendientes,en_catalogo,fuera_catalogo,albums_sin_portada_cat,albums_sin_anio_cat,pendientes_ejemplo
138,La Puta Eléctrica,/artist/la_puta_electrica,si,7,7,0,3,4,0,0,
243,The Asbestos,/artist/the_asbestos,si,1,1,0,1,0,0,0,
216,Salpachino,/artist/salpachino,si,5,5,0,4,1,1,0,
174,Metrozubdivision,/artist/metrozubdivision,si,4,4,0,0,4,0,0,
53,C4 Trío,/artist/c4-trio,si,14,14,0,5,9,0,0,
1464,Zul,/artist/zul-1,si,1,1,0,1,0,1,0,
112,Horacero,/artist/horacero,si,1,1,0,1,0,0,0,
3112,M.C.C.,/artist/m_c_c-1,si,5,5,0,4,1,1,0,
51,Billy Se Fue,/artist/billy-se-fue,si,2,2,0,2,0,0,0,
630,Blackout,/artist/blackout-15,si,1,1,0,1,0,0,0,
241,Telegrama,/artist/telegrama-1,si,3,3,0,3,0,0,0,
38,Alban Arthuan,/artist/alban-arthuan,si,1,1,0,0,1,0,0,
147,Lebronch,/artist/lebronch,si,6,6,0,2,4,0,0,
1041,Legado,/artist/legado-2,si,3,3,0,0,3,0,0,
157,Los Gusanos,/artist/los-gusanos,si,3,3,0,2,1,0,0,
196,Pharmacy,/artist/pharmacy-3,si,3,3,0,1,2,1,0,
2027,Tinajas,/artist/tinajas,si,1,1,0,1,0,0,0,
248,Todosantos,/artist/todosantos,si,7,7,0,3,4,0,0,
100,Fuego Montevideo,/artist/fuego-montevideo,si,1,1,0,1,0,0,0,
166,Marilanne,/artist/marilanne,si,1,1,0,1,0,0,0,
1905,Cuarto Poder,/artist/cuarto_poder,si,9,9,0,1,8,0,1,
270,Dimension Latina,/artist/dimension-latina,si,45,45,0,26,19,2,0,
109,Hana Kobayashi,/artist/hana-kobayashi,si,6,6,0,0,6,0,0,
163,Majarete Sound Machine,/artist/majarete-sound-machine,si,4,4,0,0,4,0,0,
285,Psh Psh,/artist/psh-psh,si,4,4,0,0,4,0,0,
1479,Los 007,/artist/los_007,si,12,10,2,9,3,0,0,/release/single/los_007/tus_ojitos_pardos___renacera; /release/single/los_007/parches
811,Bloody Semen,/artist/bloody_semen,si,1,1,0,1,0,0,0,
1010,7 Balazos,/artist/7_balazos,si,3,3,0,2,1,0,0,
1437,Dolli,/artist/dolli,si,11,11,0,4,7,0,0,
534,Los Humanoides,/artist/los-humanoides,si,5,5,0,3,2,0,0,
457,Mojo Pojo,/artist/mojo_pojo,si,4,4,0,4,0,0,0,
450,NADA,/artist/nada_f6,si,5,5,0,3,2,0,0,
1430,Rebelion Andina,/artist/rebelion-andina,si,4,4,0,4,0,0,0,
616,Southaven,/artist/southaven,si,3,3,0,0,3,0,0,
446,A Raíz de Nuevas Causas,/artist/a-raiz-de-nuevas-causas,si,5,5,0,3,2,0,0,
1684,BioShaft,/artist/bioshaft,si,5,5,0,1,4,0,0,
528,Bueninvento,/artist/bueninvento,si,1,1,0,1,0,0,0,
302,Elefreak,/artist/elefreak,si,3,3,0,2,1,0,0,
1174,Juan Peyote,/artist/juan_peyote,si,4,4,0,2,2,0,0,
208,Recipe Morado,/artist/recipe-morado,si,1,1,0,0,1,0,0,
1382,Séptima Raza,/artist/septima-raza,si,1,1,0,1,0,0,0,
969,THE,/artist/the_f2,si,3,3,0,3,0,0,0,
238,TLX,/artist/tlx,si,8,8,0,2,6,0,0,
835,Triangular Ascension,/artist/triangular-ascension,si,14,14,0,0,14,0,0,
459,Zeta,/artist/zeta-1,si,37,37,0,2,35,0,0,
458,Agente Extraño,/artist/agente-extrano,si,1,1,0,0,1,0,0,
1677,Alce,/artist/alce,si,1,1,0,0,1,0,0,
1104,Ankla,/artist/ankla-2,si,4,4,0,4,0,0,0,
1681,Apache,/artist/apache_f3,si,34,34,0,2,32,0,0,
48,Babylon Motorhome,/artist/babylon-motorhome,si,1,1,0,1,0,0,0,
923,D'Montana,/artist/dmontana,si,1,1,0,1,0,0,0,
992,Destruye Pony's,/artist/destruye-ponys,si,1,1,0,0,1,0,0,
406,Echoes,/artist/echoes_f2,si,4,4,0,1,3,0,0,
409,Enfasis,/artist/enfasis,si,3,3,0,3,0,0,0,
1939,Feedback,/artist/feedback-12,si,4,4,0,4,0,0,0,
111,Henrique Lazo,/artist/henrique-lazo,si,4,4,0,2,2,0,0,
1071,Jahbafana,/artist/jahbafana,si,1,1,0,0,1,0,0,
1748,Limpiacabezales,/artist/limpiacabezales,si,5,5,0,0,5,0,0,
444,Los Calvos,/artist/los-calvos,si,3,3,0,2,1,0,0,
354,Mar de Rabia,/artist/mar-de-rabia,si,2,2,0,2,0,0,0,
172,Meganeura Monji,/artist/meganeura-monji,si,1,1,0,1,0,0,0,
195,Petrula,/artist/petrula,si,1,1,0,1,0,0,0,
3072,Regurgitorso,/artist/regurgitorso,si,3,3,0,2,1,0,0,
1770,Tan Frió el Verano,/artist/tan_frio_el_verano,si,4,4,0,1,3,0,0,
1356,Trampas,/artist/trampas,si,2,2,0,1,1,0,0,
1553,100 Grados,/artist/100_grados,si,2,2,0,0,2,0,0,
30,10MC,/artist/10mc,si,1,1,0,1,0,0,0,
42,Ananta,/artist/ananta,si,2,2,0,1,1,0,0,
44,Antena Mantis,/artist/antena-mantis,si,2,1,1,1,1,0,0,/release/album/antena-mantis/insecto-milenario
579,Belzabet,/artist/belzabet_f1,si,1,1,0,1,0,0,0,
550,Buffalo Mad,/artist/buffalo_mad,si,1,1,0,1,0,0,0,
64,Chupi Lumpi,/artist/chupi-lumpi,si,2,2,0,2,0,0,0,
1898,Clarox,/artist/clarox,si,2,2,0,2,0,0,0,
3122,Dagga,/artist/dagga-2,si,2,2,0,2,0,0,0,
74,Decibel,/artist/decibel-8,si,2,2,0,2,0,0,0,
1106,El Enano de la Catedral,/artist/el-enano-de-la-catedral,si,2,2,0,0,2,0,0,
551,El Viaje de los Antiguos,/artist/el-viaje-de-los-antiguos,si,5,5,0,2,3,0,0,
93,Estructura,/artist/estructura,si,2,2,0,2,0,0,0,
131,La Hermandad,/artist/la-hermandad,si,1,1,0,1,0,0,0,
462,Logia Drakos,/artist/logia-drakos,si,2,2,0,2,0,0,0,
390,Los Callejeros,/artist/los-callejeros,si,1,1,0,1,0,0,0,
1124,Mermelada Maker,/artist/mermelada-maker,si,2,2,0,1,1,0,0,
176,Movida Acústica Urbana,/artist/movida-acustica-urbana,si,3,3,0,2,1,0,0,
1351,Para Llevar,/artist/para-llevar,si,3,3,0,0,3,0,0,
1608,Revólver Suicida,/artist/revolver-suicida,si,5,5,0,3,2,0,0,
2017,Sin Dirección,/artist/sin-direccion,si,2,2,0,2,0,0,0,
1237,Skabiosis,/artist/skabiosis,si,1,1,0,1,0,0,0,
1247,Skatz,/artist/skatz,si,1,1,0,1,0,0,0,
1641,Todos Odiamos Todo,/artist/todos-odiamos-todo,si,3,2,1,1,2,0,0,/release/album/todos-odiamos-todo/todo-es-una-mierda
1386,Yellow Ipe,/artist/yellow-ipe,si,1,1,0,1,0,0,0,
1615,Zikoticos Armados,/artist/zikoticos-armados,si,1,1,0,0,1,0,0,
1529,Zion TPL,/artist/zion-tpl,si,2,2,0,1,1,0,0,
1525,...Al cruzar La Calle,/artist/…al-cruzar-la-calle,si,1,1,0,0,1,0,0,
32,20/20,/artist/20_20-1,si,2,2,0,1,1,0,0,
1844,ACME,/artist/acme_f1,si,1,1,0,1,0,0,0,
1181,Aerea,/artist/aerea,si,1,1,0,1,0,0,0,
1642,Aeternus Sum,/artist/aeternus-sum,si,1,1,0,1,0,0,0,
3104,Agonía Infernal,/artist/agonia-infernal,si,1,1,0,0,1,0,0,
1045,Agugutata,/artist/agugutata,si,1,1,0,1,0,0,0,
1864,Almas,/artist/almas,si,1,1,0,1,0,0,0,
40,Almendra,/artist/almendra-1,si,3,3,0,1,2,0,0,
893,Amanecer Gris,/artist/amanecer_gris,si,1,1,0,1,0,0,0,
1563,Anger In,/artist/anger_in,si,2,2,0,1,1,0,0,
1519,Aponwao,/artist/aponwao,si,1,1,0,1,0,0,0,
577,Ashwave,/artist/ashwave,si,5,5,0,1,4,0,0,
398,Backhand,/artist/backhand_f1,si,1,1,0,1,0,0,0,
1766,Baroni One Time,/artist/baroni-one-time,si,1,1,0,0,1,0,0,
1877,Bartolomé Diaz,/artist/bartolome-diaz,si,1,1,0,1,0,0,0,
1878,Bashako,/artist/bashako,si,1,1,0,1,0,0,0,
1882,Bonanza,/artist/bonanza-1,si,3,3,0,1,2,0,0,
1683,Bostas Brain,/artist/bostas-brain,si,5,5,0,0,5,0,0,
1884,Bronce,/artist/bronce-1,si,1,1,0,1,0,0,0,
818,Brutal Mutilation,/artist/brutal-mutilation,si,1,1,0,1,0,0,0,
1625,Bulevar,/artist/bulevar-1,si,1,1,0,1,0,0,0,
1739,Bysonar,/artist/bysonar,si,1,1,0,1,0,0,0,
1888,Callejon 88,/artist/callejon-88,si,1,1,0,1,0,0,0,
1096,Captan obvio,/artist/captan-obvio,si,4,4,0,1,3,0,0,
1628,Carlos Angola,/artist/carlos-angola,si,3,3,0,0,3,0,0,
65,Cinema Sun,/artist/cinema-sun,si,1,1,0,1,0,0,0,
19,Corpse Profanation,/artist/corpse-profanation,si,1,1,0,1,0,0,0,
1173,Cubocabeza,/artist/cubocabeza,si,1,1,0,1,0,0,0,
1908,Cyam,/artist/cyam,si,1,1,0,1,0,0,0,
1909,D'Cero,/artist/dcero,si,1,1,0,1,0,0,0,
1708,Daniela Bascopé,/artist/daniela-bascope,si,1,1,0,1,0,0,0,
1159,Deskarriados,/artist/deskarriados,si,1,1,0,1,0,0,0,
3070,Dies Fvnebris,/artist/dies_fvnebris,si,1,1,0,1,0,0,0,
1740,Dissension,/artist/dissension_f1,si,1,1,0,1,0,0,0,
1922,Eclipse,/artist/eclipse_f8,si,1,1,0,1,0,0,0,
911,El Globo Oscuro,/artist/el-globo-oscuro,si,5,4,1,0,5,0,0,/release/single/el-globo-oscuro/nostalgia-de-la-luz
1482,Elaine,/artist/elaine,si,3,3,0,1,2,0,0,
1253,Faldas Largas,/artist/faldas-largas,si,1,1,0,1,0,0,0,
1947,Frank Morón,/artist/frank-moron-1,si,2,2,0,1,1,0,0,
1080,Furia de Buzo Ciego,/artist/furia-de-buzo-ciego,si,2,2,0,1,1,0,0,
113,Hydra,/artist/hydra_f5,si,1,1,0,1,0,0,0,
364,ID Hardcore,/artist/id-hardcore,si,1,1,0,1,0,0,0,
3149,IIRA,/artist/iira,si,1,1,0,1,0,0,0,
1320,Indigo,/artist/indigo-9,si,1,1,0,0,1,0,0,
1969,Ivan Higa,/artist/ivan_higa,si,1,1,0,1,0,0,0,
567,Jekyl Hydes,/artist/jekyl_hydes,si,1,1,0,1,0,0,0,
1467,Jovenes y Sexys,/artist/jovenes-y-sexys,si,6,6,0,0,6,0,0,
119,Joystick,/artist/joystick_f1,si,1,1,0,1,0,0,0,
1014,Judy Buendía y Los Impostores,/artist/judy_buendia_y_los_impostores,si,2,2,0,1,1,0,0,
121,Julia,/artist/julia-7,si,1,1,0,1,0,0,0,
533,Kingpin,/artist/kingpin-4,si,1,1,0,1,0,0,0,
1984,La Araña En El Jardín,/artist/la-arana-en-el-jardin,si,1,1,0,1,0,0,0,
137,La Nave,/artist/la-nave,si,1,1,0,1,0,0,0,
537,La Séptima Bruja,/artist/la_septima_bruja,si,1,1,0,1,0,0,0,
142,Ladies W.C.,/artist/ladies_w_c_,si,3,3,0,1,2,0,0,
1025,Lado B,/artist/lado-b,si,1,1,0,0,1,0,0,
145,Le Merm,/artist/le_merm,si,1,1,0,1,0,0,0,
698,Lepster,/artist/lepster,si,3,3,0,1,2,0,0,
281,Lo Blanco Del Ojo,/artist/lo-blanco-del-ojo,si,1,1,0,1,0,0,0,
1579,Los Confleis,/artist/los-confleis,si,2,2,0,0,2,0,0,
1346,Los X5,/artist/los-x5,si,1,1,0,1,0,0,0,
420,Macondo Children,/artist/macondo-children,si,1,1,0,1,0,0,0,
708,Makara,/artist/makara-3,si,1,1,0,0,1,0,0,
310,Maquina Animal,/artist/maquina_animal,si,1,1,0,1,0,0,0,
399,Marco Ciargo,/artist/marco_ciargo,si,1,1,0,1,0,0,0,
1480,Me vs. Murphy,/artist/me-vs-murphy,si,3,3,0,0,3,0,0,
1763,Misantropia,/artist/misantropia_f1,si,1,1,0,0,1,0,0,
426,Motorfunk,/artist/motorfunk-1,si,3,3,0,1,2,0,0,
1506,Nomeolvides,/artist/nomeolvides,si,3,3,0,1,2,0,0,
1116,Panasuyo,/artist/panasuyo,si,5,5,0,1,4,0,0,
1852,Parthenon,/artist/parthenon,si,1,1,0,1,0,0,0,
1858,Phonit,/artist/phonit,si,1,1,0,1,0,0,0,
1117,Pig Farm on the Moon,/artist/pig_farm_on_the_moon,si,1,1,0,1,0,0,0,
1172,Primera Edición,/artist/primera_edicion,si,2,2,0,1,1,0,0,
620,Raped Dolls,/artist/raped_dolls,si,1,1,0,1,0,0,0,
1704,Retrovértigo,/artist/retrovertigo,si,2,2,0,0,2,0,0,
214,Rodrigo Solo,/artist/rodrigo-solo,si,11,11,0,1,10,0,0,
9,Sangre,/artist/sangre,si,3,3,0,1,2,0,0,
362,Schizophrenic Torture,/artist/schizophrenic-torture,si,2,2,0,1,1,0,0,
222,Sietecuero,/artist/sietecuero,si,1,1,0,1,0,0,0,
789,Silence of Tranquility,/artist/silence-of-tranquility,si,1,1,0,1,0,0,0,
227,Sofía Insomnia,/artist/sofia-insomnia,si,3,3,0,1,2,0,0,
786,Spellforest,/artist/spellforest,si,1,1,0,1,0,0,0,
2019,Still Dot,/artist/still_dot,si,1,1,0,1,0,0,0,
668,Subliminal Code,/artist/subliminal-code,si,19,19,0,0,19,0,0,
479,Syriak,/artist/syriak,si,1,1,0,1,0,0,0,
239,Tarot,/artist/tarot-6,si,1,1,0,0,1,0,0,
245,The Love Depression,/artist/the_love_depression,si,2,2,0,1,1,0,0,
1710,The Pelaballs,/artist/the-pelaballs,si,2,2,0,0,2,0,0,
773,Thou Shall Fall,/artist/thou_shall_fall,si,1,1,0,1,0,0,0,
2028,Tolerance,/artist/tolerance_f4,si,1,1,0,1,0,0,0,
1042,Triad,/artist/triad_f3,si,1,1,0,1,0,0,0,
252,Tribop,/artist/tribop,si,2,2,0,1,1,0,0,
492,Tukuca Zakayama,/artist/tukuca-zakayama,si,4,4,0,1,3,0,0,
1469,Tumbador,/artist/tumbador,si,1,1,0,1,0,0,0,
255,Ultrachic,/artist/ultrachic,si,1,1,0,1,0,0,0,
1714,Umbra Summi Nobis,/artist/umbra-summi-nobis,si,1,1,0,1,0,0,0,
1629,Valencia DKE,/artist/valencia_dke,si,1,1,0,1,0,0,0,
1715,Vargas,/artist/vargas-1,si,30,30,0,1,29,0,0,
1318,Vel France,/artist/vel-france,si,2,2,0,0,2,0,0,
282,Virtual Lakai,/artist/virtual_lakai,si,1,1,0,1,0,0,0,
973,Vitriol,/artist/vitriol_f6,si,2,2,0,0,2,0,0,
879,Vorgrow,/artist/vorgrow,si,1,1,0,1,0,0,0,
1671,Yani,/artist/yani-1,si,1,1,0,1,0,0,0,
267,iX,/artist/ix-1,si,1,1,0,1,0,0,0,
2625,187,/artist/187-1,si,4,4,0,0,4,0,0,
2250,Bacro,/artist/bacro,si,1,1,0,0,1,0,0,
2733,Cardopusher,/artist/cardopusher,si,78,78,0,0,78,0,0,
2900,Chunktrade,/artist/chunktrade,si,1,1,0,0,1,0,0,
2057,D'Eras,/artist/deras,si,2,2,0,0,2,0,0,
2055,Dandy León,/artist/dandy-leon,si,2,2,0,0,2,0,0,
2140,Danto,/artist/danto,si,2,2,0,1,1,0,0,
2059,Desinformados,/artist/desinformados,si,3,3,0,0,3,0,0,
2677,Evio Di Marzo,/artist/evio-di-marzo,si,2,2,0,0,2,0,0,
2061,José y El Toro,/artist/jose-y-el-toro,si,14,13,1,0,14,0,0,/release/single/소이에-jose-y-el-toro/yo-esperare-인연
2052,KungFu Club,/artist/kungfu-club,si,2,2,0,0,2,0,0,
2058,La Pagana Trinidad,/artist/la-pagana-trinidad,si,3,3,0,0,3,0,0,
2135,Los J,/artist/los_j,si,4,4,0,0,4,0,0,
2794,Miguel Noya,/artist/miguel-noya,si,27,27,0,8,19,1,0,
2245,Miguel Ángel Fuster,/artist/miguel-angel-fuster,si,3,3,0,0,3,0,0,
2054,Novo Color,/artist/novo-color,si,4,4,0,0,4,0,0,
2944,Orquesta Sinfónica de Venezuela,/artist/orquesta-sinfonica-de-venezuela,si,5,5,0,0,5,0,0,
2243,Pablo Schneider,/artist/pablo-schneider,si,3,3,0,0,3,0,0,
2056,Quincalla,/artist/quincalla,si,2,2,0,0,2,0,0,
2726,Trujillo,/artist/trujillo-1,si,12,12,0,0,12,0,0,
2249,Tsee Mud,/artist/tsee-mud,si,2,2,0,0,2,0,0,
2244,Un Dos Tres y Fuera,/artist/un__dos__tres_y_fuera,si,7,7,0,0,7,0,0,
2053,Versed,/artist/versed,si,7,7,0,0,7,0,0,
2237,Wolfgang Vivas,/artist/wolfgang-vivas,si,0,0,0,0,0,0,0,
