artist,rymHref
Rafa Galindo,https://rateyourmusic.com/artist/rafa-galindo
Adso Alejandro,https://rateyourmusic.com/artist/adso-alejandro
Levy Rossell,https://rateyourmusic.com/artist/levy-rossell
Clemente de la Cerda,https://rateyourmusic.com/artist/clemente_de_la_cerda
Ava Casas,https://rateyourmusic.com/artist/ava-casas
0xtkk,https://rateyourmusic.com/artist/0xtkk
Rada,https://rateyourmusic.com/artist/rada
Joselo,https://rateyourmusic.com/artist/joselo-1
Los Dementes,https://rateyourmusic.com/artist/los-dementes
Billo Frómeta,https://rateyourmusic.com/artist/billo-frometa
Oswaldo Vigas,https://rateyourmusic.com/artist/oswaldo-vigas
Porfi Jiménez,https://rateyourmusic.com/artist/porfi-jimenez
David Suárez,https://rateyourmusic.com/artist/david-suarez
Rafael Suárez,https://rateyourmusic.com/artist/rafael-suarez
Diego Rísquez,https://rateyourmusic.com/artist/diego-risquez
Sheila Monterola,https://rateyourmusic.com/artist/sheila-monterola
Memo Morales,https://rateyourmusic.com/artist/memo-morales
Vicente Emilio Sojo,https://rateyourmusic.com/artist/vicente-emilio-sojo
Irina Kircher,https://rateyourmusic.com/artist/irina-kircher
El Otro Polo,https://rateyourmusic.com/artist/el-otro-polo
Jeeiph,https://rateyourmusic.com/artist/jeeiph
Morella Muñoz,https://rateyourmusic.com/artist/morella-munoz
Amador Bendayán,https://rateyourmusic.com/artist/amador-bendayan
Darkohm,https://rateyourmusic.com/artist/darkohm
Trainer,https://rateyourmusic.com/artist/trainer-1
Juana Sujo,https://rateyourmusic.com/artist/juana-sujo
William Puchi,https://rateyourmusic.com/artist/william-puchi
Víctor Mendoza,https://rateyourmusic.com/artist/victor-mendoza-1
Rházes Hernández-López,https://rateyourmusic.com/artist/rhazes-hernandez-lopez
Rafael Bacallao,https://rateyourmusic.com/artist/rafael-bacallao
Carlos Figueredo,https://rateyourmusic.com/artist/carlos-figueredo
bearsbeetsbattlestar,https://rateyourmusic.com/artist/bearsbeetsbattlestar
Victor Piñero,https://rateyourmusic.com/artist/victor-pinero
Renato Capriles,https://rateyourmusic.com/artist/renato-capriles
Kuroky Sánchez,https://rateyourmusic.com/artist/kuroky-sanchez
Miguel Briceño,https://rateyourmusic.com/artist/miguel-briceno
Freddy Salcedo,https://rateyourmusic.com/artist/freddy-salcedo
"José ""Majito"" Aguilera",https://rateyourmusic.com/artist/jose-majito-aguilera
Florentino Primera,https://rateyourmusic.com/artist/florentino-primera
Alfredo Lugo,https://rateyourmusic.com/artist/alfredo-lugo
Nina,https://rateyourmusic.com/artist/nina-10
Luzmira Zerpa,https://rateyourmusic.com/artist/luzmira-zerpa
Carlos Giffoni,https://rateyourmusic.com/artist/carlos_giffoni
Rodrigo Riera,https://rateyourmusic.com/artist/rodrigo-riera
Mariano Álvarez,https://rateyourmusic.com/artist/mariano-alvarez
Enrique D'Lima,https://rateyourmusic.com/artist/enrique-dlima
Los Propios,https://rateyourmusic.com/artist/los-propios
El $abor,https://rateyourmusic.com/artist/el-abor
Edgar Gurmeitte,https://rateyourmusic.com/artist/edgar-gurmeitte
Amábilis Cordero,https://rateyourmusic.com/artist/amabilis_cordero
suei,https://rateyourmusic.com/artist/suei
BABYBLEID,https://rateyourmusic.com/artist/babybleid
El Café Atómico,https://rateyourmusic.com/artist/el-cafe-atomico
Gustavo Dudamel,https://rateyourmusic.com/artist/gustavo-dudamel
Soos Days,https://rateyourmusic.com/artist/soos-days
Ely Méndez,https://rateyourmusic.com/artist/ely-mendez
Thaelman Urgelles,https://rateyourmusic.com/artist/thaelman-urgelles
Mariana Rondón,https://rateyourmusic.com/artist/mariana-rondon
Cuásar,https://rateyourmusic.com/artist/cuasar
Olga López,https://rateyourmusic.com/artist/olga-lopez
Caminant,https://rateyourmusic.com/artist/caminant
Sorority,https://rateyourmusic.com/artist/sorority
Doctor No,https://rateyourmusic.com/artist/doctor-no
Santiago Bosch,https://rateyourmusic.com/artist/santiago-bosch
LILATARI,https://rateyourmusic.com/artist/lilatari
Gustavo Castillo,https://rateyourmusic.com/artist/gustavo-castillo
Fernando Freitez,https://rateyourmusic.com/artist/fernando_freitez
Amílcar Segura,https://rateyourmusic.com/artist/amilcar_segura
Acción Directa,https://rateyourmusic.com/artist/accion_directa
Aquiles Machado,https://rateyourmusic.com/artist/aquiles-machado
Niño Nuclear y los Mutantes de Saturno,https://rateyourmusic.com/artist/nino_nuclear_y_los_mutantes_de_saturno
Moisés Velásquez,https://rateyourmusic.com/artist/moises_velasquez
Underaiki,https://rateyourmusic.com/artist/underaiki
Lorena Colmenares,https://rateyourmusic.com/artist/lorena-colmenares
Aída Yéspica,https://rateyourmusic.com/artist/aida-yespica
Empty Stomach,https://rateyourmusic.com/artist/empty-stomach
Julian Ber't,https://rateyourmusic.com/artist/julian_bert
Diego Matheuz,https://rateyourmusic.com/artist/diego-matheuz
Rosa Esber,https://rateyourmusic.com/artist/rosa-esber
Dragón Blanco,https://rateyourmusic.com/artist/dragon-blanco
Capitán Mostacho,https://rateyourmusic.com/artist/capitan-mostacho
MUSIANA,https://rateyourmusic.com/artist/musiana
Hocus Potus,https://rateyourmusic.com/artist/hocus-potus
Rodolfo Saglimbeni,https://rateyourmusic.com/artist/rodolfo-saglimbeni
Eduardo Javith,https://rateyourmusic.com/artist/eduardo-javith
Pastor López,https://rateyourmusic.com/artist/pastor-lopez
Yexza Lara,https://rateyourmusic.com/artist/yexza-lara
Chivin,https://rateyourmusic.com/artist/chivin
utsush,https://rateyourmusic.com/artist/utsush
Ababajah,https://rateyourmusic.com/artist/ababajah
Fabiola Colmenares,https://rateyourmusic.com/artist/fabiola-colmenares
Carmen Alicia Lara,https://rateyourmusic.com/artist/carmen-alicia-lara
STANGAH,https://rateyourmusic.com/artist/stangah
Alexander Apóstol,https://rateyourmusic.com/artist/alexander-apostol
YMTQDasai,https://rateyourmusic.com/artist/ymtqdasai
MC Ardilla,https://rateyourmusic.com/artist/mc-ardilla
Rafael Mussett,https://rateyourmusic.com/artist/rafael-mussett
Luis Miguel Mussett,https://rateyourmusic.com/artist/luis-miguel-mussett
Vicentico Rodríguez,https://rateyourmusic.com/artist/vicentico-rodriguez
Compasses,https://rateyourmusic.com/artist/compasses
Napoleón Lucena,https://rateyourmusic.com/artist/napoleon_lucena
Tomás Montilla,https://rateyourmusic.com/artist/tomas-montilla
Yoangel Torrealba,https://rateyourmusic.com/artist/yoangel-torrealba
Dámaso Delgado,https://rateyourmusic.com/artist/damaso-delgado
Oswaldo Rey,https://rateyourmusic.com/artist/oswaldo-rey
Juan Galea,https://rateyourmusic.com/artist/juan-galea
Acero Plastiko,https://rateyourmusic.com/artist/acero_plastiko
Johnny Sedes,https://rateyourmusic.com/artist/johnny-sedes
Enver Cordido,https://rateyourmusic.com/artist/enver-cordido
Pedro Emilio Sánchez,https://rateyourmusic.com/artist/pedro-emilio-sanchez
Orlando Watussi,https://rateyourmusic.com/artist/orlando-watussi
José Gregorio López,https://rateyourmusic.com/artist/jose-gregorio-lopez
Tar Majenye,https://rateyourmusic.com/artist/tar-majenye
Alirio Díaz,https://rateyourmusic.com/artist/alirio_diaz
Rafa y Sus Diamantes,https://rateyourmusic.com/artist/rafa-y-sus-diamantes
Jacobo Penzo,https://rateyourmusic.com/artist/jacobo-penzo
Amado Lovera,https://rateyourmusic.com/artist/amado_lovera
Los Terricolas,https://rateyourmusic.com/artist/los_terricolas
El Carrao de Palmarito,https://rateyourmusic.com/artist/el-carrao-de-palmarito
Juan-Sébastien Jiménez,https://rateyourmusic.com/artist/juan-sebastien-jimenez
Anselmo López,https://rateyourmusic.com/artist/anselmo-lopez
Vidal Colmenares,https://rateyourmusic.com/artist/vidal_colmenares
Tripulangel,https://rateyourmusic.com/artist/tripulangel
Alberto Arvelo Torrealba,https://rateyourmusic.com/artist/alberto-arvelo-torrealba
Carlos Ibañez,https://rateyourmusic.com/artist/carlos-ibanez
Mortus Stella,https://rateyourmusic.com/artist/mortus-stella
Eustace,https://rateyourmusic.com/artist/eustace-1
escuela de vuelo,https://rateyourmusic.com/artist/escuela-de-vuelo
William Sarquiz,https://rateyourmusic.com/artist/william-sarquiz
Replinter,https://rateyourmusic.com/artist/replinter
Próxima Estación,https://rateyourmusic.com/artist/proxima-estacion
Eduardo Viloria Daboín,https://rateyourmusic.com/artist/eduardo-viloria-daboin
Georgina,https://rateyourmusic.com/artist/georgina-2
Jesús Moreno,https://rateyourmusic.com/artist/jesus-moreno
José Romero Bello,https://rateyourmusic.com/artist/jose-romero-bello
Joseito Romero,https://rateyourmusic.com/artist/joseito-romero
Nelson Morales,https://rateyourmusic.com/artist/nelson-morales
Vitico Castillo,https://rateyourmusic.com/artist/vitico-castillo
Eudes Álvarez,https://rateyourmusic.com/artist/eudes-alvarez
José Natalio Estrada,https://rateyourmusic.com/artist/jose-natalio-estrada
Ignacio Figueredo,https://rateyourmusic.com/artist/ignacio-figueredo
Noixes,https://rateyourmusic.com/artist/noixes
Chaparro,https://rateyourmusic.com/artist/chaparro
Francisco Montoya,https://rateyourmusic.com/artist/francisco-montoya
Llanero Eléctrico,https://rateyourmusic.com/artist/llanero-electrico
Emily Galaviz,https://rateyourmusic.com/artist/emily-galaviz
Reymar Perdomo,https://rateyourmusic.com/artist/reymar-perdomo
Panchito Prin,https://rateyourmusic.com/artist/panchito-prin
Alfredo Sánchez,https://rateyourmusic.com/artist/alfredo-sanchez
Evencio Castellanos,https://rateyourmusic.com/artist/evencio_castellanos
Cristóbal Rojas,https://rateyourmusic.com/artist/cristobal-rojas
Pancho Prim,https://rateyourmusic.com/artist/pancho-prim
Antonio Estévez,https://rateyourmusic.com/artist/antonio_estevez
Frank Hernández,https://rateyourmusic.com/artist/frank-hernandez
AG SixTeen,https://rateyourmusic.com/artist/ag-sixteen
Moncho y su Banda,https://rateyourmusic.com/artist/moncho-y-su-banda
Fakboi,https://rateyourmusic.com/artist/fakboi
Letra Emece,https://rateyourmusic.com/artist/letra-emece
Sofía Shizuko,https://rateyourmusic.com/artist/sofia-shizuko
Cayito Aponte,https://rateyourmusic.com/artist/cayito-aponte
Luidig Ochoa,https://rateyourmusic.com/artist/luidig-ochoa
Luis Alfonzo Larrain,https://rateyourmusic.com/artist/luis-alfonzo-larrain
Héctor Mayerston,https://rateyourmusic.com/artist/hector-mayerston
Edmundo González,https://rateyourmusic.com/artist/edmundo-gonzalez
Ángel Custodio Loyola,https://rateyourmusic.com/artist/angel-custodio-loyola
Ríal Guawankó,https://rateyourmusic.com/artist/rial-guawanko
Víctor Pérez,https://rateyourmusic.com/artist/victor-perez
Species Infected,https://rateyourmusic.com/artist/species-infected
Cheo García,https://rateyourmusic.com/artist/cheo-garcia
Dann Niggaz,https://rateyourmusic.com/artist/dann-n---az
Hello Mr. Klaus,https://rateyourmusic.com/artist/hello-mr-klaus
Young Denky,https://rateyourmusic.com/artist/young-denky
Ariana Dao,https://rateyourmusic.com/artist/ariana-dao
Azzata Clips,https://rateyourmusic.com/artist/azzata-clips
Caníbal Monkeys,https://rateyourmusic.com/artist/canibal-monkeys
Los Delorean,https://rateyourmusic.com/artist/los-delorean
Oswaldo Oropeza,https://rateyourmusic.com/artist/oswaldo-oropeza
Arnaldo Vivas Toledo,https://rateyourmusic.com/artist/arnaldo_vivas_toledo
Dejota2021,https://rateyourmusic.com/artist/dejota2021
Gegga,https://rateyourmusic.com/artist/gegga
Caimanera,https://rateyourmusic.com/artist/caimanera
Salvador Rodríguez,https://rateyourmusic.com/artist/salvador-rodriguez
Flautas del chigüire,https://rateyourmusic.com/artist/flautas_del_chiguire
lexestasolo,https://rateyourmusic.com/artist/lexestasolo
satosgang,https://rateyourmusic.com/artist/satosgang
Nieves,https://rateyourmusic.com/artist/nieves
Chico Salas,https://rateyourmusic.com/artist/chico-salas
Federico Villena,https://rateyourmusic.com/artist/federico-villena
kusari,https://rateyourmusic.com/artist/kusari-1
Manuel Guzman,https://rateyourmusic.com/artist/manuel-guzman
Magdalena Sánchez,https://rateyourmusic.com/artist/magdalena-sanchez
Richard Douglas,https://rateyourmusic.com/artist/richard-douglas
NOHAYCIELOS,https://rateyourmusic.com/artist/nohaycielos
Lienzos,https://rateyourmusic.com/artist/lienzos
Julio Miranda,https://rateyourmusic.com/artist/julio-miranda
Dejavú,https://rateyourmusic.com/artist/dejavu
The Cure for Anxiety,https://rateyourmusic.com/artist/the-cure-for-anxiety
Perucho Conde,https://rateyourmusic.com/artist/perucho-conde
Osha Big Humo,https://rateyourmusic.com/artist/osha-big-humo
XIX,https://rateyourmusic.com/artist/xix-3
rip_sakura,https://rateyourmusic.com/artist/rip_sakura
sunn,https://rateyourmusic.com/artist/sunn
Doráncel Daga,https://rateyourmusic.com/artist/dorancel-daga
Yung Iverson,https://rateyourmusic.com/artist/yung-iverson
Yadam,https://rateyourmusic.com/artist/yadam
Los Jets,https://rateyourmusic.com/artist/los-jets
Andrea Maramara,https://rateyourmusic.com/artist/andrea-maramara
Kámara de Tortura,https://rateyourmusic.com/artist/kamara-de-tortura
Living Death,https://rateyourmusic.com/artist/living_death_f1
Daniel Paz Mireles,https://rateyourmusic.com/artist/daniel_paz_mireles
Ricardo Luque,https://rateyourmusic.com/artist/ricardo_luque
Akapellah,https://rateyourmusic.com/artist/akapellah
Michi Sanz,https://rateyourmusic.com/artist/michi-sanz
Friman,https://rateyourmusic.com/artist/friman
Reggi el Auténtico,https://rateyourmusic.com/artist/reggi-el-autentico
La Banda Show,https://rateyourmusic.com/artist/la-banda-show
Maure Om,https://rateyourmusic.com/artist/maure-om
Mangus,https://rateyourmusic.com/artist/mangus
Miguelito Díaz,https://rateyourmusic.com/artist/miguelito-diaz
Guillermo William Márquez Corao,https://rateyourmusic.com/artist/guillermo-william-marquez-corao
Alicia Machado,https://rateyourmusic.com/artist/alicia-machado
GreyGerm,https://rateyourmusic.com/artist/greygerm
sk0ll,https://rateyourmusic.com/artist/sk0ll
Decibeles,https://rateyourmusic.com/artist/decibeles
Los no name,https://rateyourmusic.com/artist/los-no-name
Samuel Acosta,https://rateyourmusic.com/artist/samuel-acosta
Waru7k,https://rateyourmusic.com/artist/waru7k
Kazugi,https://rateyourmusic.com/artist/kazugi
Vision Real,https://rateyourmusic.com/artist/vision-real
Daniela Miranda,https://rateyourmusic.com/artist/daniela-miranda
V Rod,https://rateyourmusic.com/artist/v-rod
Sergio Rosales,https://rateyourmusic.com/artist/sergio-rosales
Asuka en el Fin del Mundo,https://rateyourmusic.com/artist/asuka-en-el-fin-del-mundo
ChinoLaMafia,https://rateyourmusic.com/artist/chinolamafia
Los Sanos,https://rateyourmusic.com/artist/los-sanos-1
Lery Cattleya,https://rateyourmusic.com/artist/lery-cattleya
Adrian Guacaran,https://rateyourmusic.com/artist/adrian-guacaran
Celestial Theory,https://rateyourmusic.com/artist/celestial-theory
Gilberto Perez,https://rateyourmusic.com/artist/gilberto-perez
Pepe Camarillo,https://rateyourmusic.com/artist/pepe-camarillo
Johnny Herrera,https://rateyourmusic.com/artist/johnny-herrera
Nancy Nash,https://rateyourmusic.com/artist/nancy-nash
Priska,https://rateyourmusic.com/artist/priska-1
Orquesta La Recopilacion,https://rateyourmusic.com/artist/orquesta-la-recopilacion
Marco Tulio Maristany,https://rateyourmusic.com/artist/marco-tulio-maristany
Hugo Chávez,https://rateyourmusic.com/artist/hugo-chavez
Román Chalbaud,https://rateyourmusic.com/artist/roman-chalbaud
Aura Spei,https://rateyourmusic.com/artist/aura-spei
Hugo Pimentel,https://rateyourmusic.com/artist/hugo-pimentel
Leonard Zelig,https://rateyourmusic.com/artist/leonard-zelig
Claudia La Gatta,https://rateyourmusic.com/artist/claudia-la-gatta-1
Mon Carrillo y Su Sexteto,https://rateyourmusic.com/artist/mon-carrillo-y-su-sexteto
Marisa Román,https://rateyourmusic.com/artist/marisa-roman
Carlos Otero,https://rateyourmusic.com/artist/carlos-otero
Teo Hernández,https://rateyourmusic.com/artist/teo-hernandez-1
Feral Nox,https://rateyourmusic.com/artist/feral-nox-1
Adolescent's Orquesta,https://rateyourmusic.com/artist/adolescents-orquesta
Lewis Pickett,https://rateyourmusic.com/artist/lewis-pickett
Jass Carnival,https://rateyourmusic.com/artist/jass_carnival
Urbanda,https://rateyourmusic.com/artist/urbanda
Orquesta Pasión Juvenil,https://rateyourmusic.com/artist/orquesta-pasion-juvenil
Christian McGaffney,https://rateyourmusic.com/artist/christian-mcgaffney
Ofelia del Rosal,https://rateyourmusic.com/artist/ofelia-del-rosal
Jimmix,https://rateyourmusic.com/artist/jimmix
//DLM,https://rateyourmusic.com/artist/_dlm
Daniel Calveti,https://rateyourmusic.com/artist/daniel-calveti
Paul Herrera,https://rateyourmusic.com/artist/paul_herrera
Joaquín Arteaga,https://rateyourmusic.com/artist/joaquin-arteaga
Bernhard Wagner,https://rateyourmusic.com/artist/bernhard_wagner
Alfredo Cutufla,https://rateyourmusic.com/artist/alfredo_cutufla
Grupo Imagen,https://rateyourmusic.com/artist/grupo_imagen
Oksana Linde,https://rateyourmusic.com/artist/oksana_linde
Anguera,https://rateyourmusic.com/artist/anguera
Evaluna Montaner,https://rateyourmusic.com/artist/evaluna-montaner
La Torre de Babiel,https://rateyourmusic.com/artist/la-torre-de-babiel
Treizy,https://rateyourmusic.com/artist/treizy
"Bear Bones, Lay Low",https://rateyourmusic.com/artist/bear_bones__lay_low
A.L.O.,https://rateyourmusic.com/artist/a_l_o_
Esos... Cubos,https://rateyourmusic.com/artist/esos-cubos
Sigmatus,https://rateyourmusic.com/artist/sigmatus
Lorenzo González,https://rateyourmusic.com/artist/lorenzo_gonzalez
Nonstay,https://rateyourmusic.com/artist/nonstay
King Pride,https://rateyourmusic.com/artist/king-pride
Benito Canónico,https://rateyourmusic.com/artist/benito-canonico
Wannamaker,https://rateyourmusic.com/artist/wannamaker
Jess Allanic,https://rateyourmusic.com/artist/jess-allanic
King Stephen,https://rateyourmusic.com/artist/king-stephen
Jesus Cervo,https://rateyourmusic.com/artist/jesus-cervo
Solveig Hoogesteijn,https://rateyourmusic.com/artist/solveig-hoogesteijn
José Ortiz,https://rateyourmusic.com/artist/jose-ortiz-1
Pipo y sus Estrellas,https://rateyourmusic.com/artist/pipo-y-sus-estrellas
Augusto Brandt,https://rateyourmusic.com/artist/augusto-brandt
Fredy Reyna,https://rateyourmusic.com/artist/fredy-reyna
Willie DeVille,https://rateyourmusic.com/artist/willie-deville
Alejandro Hidalgo,https://rateyourmusic.com/artist/alejandro_hidalgo
Doris Wells,https://rateyourmusic.com/artist/doris-wells
Luis Zea,https://rateyourmusic.com/artist/luis-zea
Héctor Duvauchelle,https://rateyourmusic.com/artist/hector-duvauchelle
El Regaño,https://rateyourmusic.com/artist/el-regano
Ulises Acosta,https://rateyourmusic.com/artist/ulises-acosta
Leo Pacheco,https://rateyourmusic.com/artist/leo-pacheco
AGU!,https://rateyourmusic.com/artist/agu-1
Lolita De Sola,https://rateyourmusic.com/artist/lolita-de-sola
Atípico,https://rateyourmusic.com/artist/atipico
Liliana Durán,https://rateyourmusic.com/artist/liliana-duran
Ney Moreira,https://rateyourmusic.com/artist/ney-moreira
Victador,https://rateyourmusic.com/artist/victador
Luis Conny,https://rateyourmusic.com/artist/luis_conny
Blure,https://rateyourmusic.com/artist/blure
María Teresa Acosta,https://rateyourmusic.com/artist/maria-teresa-acosta
Washé,https://rateyourmusic.com/artist/washe
Lalter,https://rateyourmusic.com/artist/lalter
Isaac Sasson,https://rateyourmusic.com/artist/isaac-sasson
Efraín Gómez,https://rateyourmusic.com/artist/efrain-gomez
VulKan,https://rateyourmusic.com/artist/vulkan-1
Helios Martinez Dominguez,https://rateyourmusic.com/artist/helios-martinez-dominguez
π XPRNC,https://rateyourmusic.com/artist/π_xprnc
Lily Álvarez,https://rateyourmusic.com/artist/lily-alvarez
Chucho Sanoja,https://rateyourmusic.com/artist/chucho-sanoja
Bahtawi,https://rateyourmusic.com/artist/bahtawi
Liana Malva,https://rateyourmusic.com/artist/liana-malva
Ile des Phoques,https://rateyourmusic.com/artist/ile-des-phoques
Cronig,https://rateyourmusic.com/artist/cronig
Oswaldo Lares,https://rateyourmusic.com/artist/oswaldo-lares
Francisco Vieira,https://rateyourmusic.com/artist/francisco-vieira
Belfort,https://rateyourmusic.com/artist/belfort
Juan Bautista Plaza,https://rateyourmusic.com/artist/juan-bautista-plaza
Contemplando el Cielo,https://rateyourmusic.com/artist/contemplando-el-cielo
Ipostal,https://rateyourmusic.com/artist/ipostal
Los Prisioneros,https://rateyourmusic.com/artist/los-prisioneros
Carlitos Flores,https://rateyourmusic.com/artist/carlitos-flores
Drowsyd,https://rateyourmusic.com/artist/drowsyd
cats! and beloved pets,https://rateyourmusic.com/artist/cats-and-beloved-pets
Bill Quick,https://rateyourmusic.com/artist/bill_quick
Lorenzo Herrera,https://rateyourmusic.com/artist/lorenzo_herrera
Ebot,https://rateyourmusic.com/artist/ebot
Neneto,https://rateyourmusic.com/artist/neneto
Freddy Coronado,https://rateyourmusic.com/artist/freddy_coronado
Joanna Karamazov,https://rateyourmusic.com/artist/joanna_karamazov
DJ Yirvin,https://rateyourmusic.com/artist/dj_yirvin
El Negrito Calaven,https://rateyourmusic.com/artist/el-negrito-calaven
Ariel Severino,https://rateyourmusic.com/artist/ariel_severino
Doktor Rheal,https://rateyourmusic.com/artist/doktor_rheal
Alfredo Sadel,https://rateyourmusic.com/artist/alfredo_sadel
José Rosario,https://rateyourmusic.com/artist/jose-rosario
Antonio Lauro,https://rateyourmusic.com/artist/antonio-lauro
Genaro Salinas,https://rateyourmusic.com/artist/genaro_salinas
Oscarcito,https://rateyourmusic.com/artist/oscarcito
Agustín Irusta,https://rateyourmusic.com/artist/agustin_irusta
Putaliscious,https://rateyourmusic.com/artist/putaliscious
Yua Bits,https://rateyourmusic.com/artist/yua-bits
OH!DULCEARi,https://rateyourmusic.com/artist/oh_dulceari
YUNGLiAN MEDiOCRE BROKE BOi,https://rateyourmusic.com/artist/yunglian-mediocre-broke-boi
Voyager,https://rateyourmusic.com/artist/voyager-12
Lennex,https://rateyourmusic.com/artist/lennex-1
Kumakob,https://rateyourmusic.com/artist/kumakob
Mauro Salmaso,https://rateyourmusic.com/artist/mauro-salmaso
Yoswill Roldán,https://rateyourmusic.com/artist/yoswill-roldan
jorge andrés,https://rateyourmusic.com/artist/jorge-andres
Eldese,https://rateyourmusic.com/artist/eldese
Another World,https://rateyourmusic.com/artist/another-world-2
Pierre Caron,https://rateyourmusic.com/artist/pierre_caron
Caterinetta Lescano,https://rateyourmusic.com/artist/caterinetta_lescano
memory twin,https://rateyourmusic.com/artist/memory-twin
Giraldo Piloto,https://rateyourmusic.com/artist/giraldo_piloto_f1
Héctor Murga,https://rateyourmusic.com/artist/hector-murga
Aldo Donà,https://rateyourmusic.com/artist/aldo_dona
Arabella,https://rateyourmusic.com/artist/arabella-1
Soledad Bravo,https://rateyourmusic.com/artist/soledad-bravo
Noer Pierkhan,https://rateyourmusic.com/artist/noer-pierkhan
Pico Mifés,https://rateyourmusic.com/artist/pico-mifes
Elvis Trofia,https://rateyourmusic.com/artist/elvis-trofia
Kiko Mendive,https://rateyourmusic.com/artist/kiko-mendive
Raúl Rolla,https://rateyourmusic.com/artist/raul-rolla
Manolo Monterrey,https://rateyourmusic.com/artist/manolo-monterrey
Giuliano Salvatore,https://rateyourmusic.com/artist/giuliano_salvatore
Big Soto,https://rateyourmusic.com/artist/big-soto
Tata Guerra,https://rateyourmusic.com/artist/tata-guerra
Skisia2,https://rateyourmusic.com/artist/skisia2
Gerald Chacón,https://rateyourmusic.com/artist/gerald-chacon
Virginia Ramírez,https://rateyourmusic.com/artist/virginia-ramirez
Miguel Otero Silva,https://rateyourmusic.com/artist/miguel-otero-silva
Jhonny Pérez,https://rateyourmusic.com/artist/jhonny-perez
Otrebor,https://rateyourmusic.com/artist/otrebor
Alci Sánchez,https://rateyourmusic.com/artist/alci-sanchez
Pedro Carrero,https://rateyourmusic.com/artist/pedro-carrero
Jorge Rigó,https://rateyourmusic.com/artist/jorge-rigo
Cosme Cortázar,https://rateyourmusic.com/artist/cosme-cortazar
Popy,https://rateyourmusic.com/artist/popy
Tony Monserrat,https://rateyourmusic.com/artist/tony-monserrat
Pedro el Colita,https://rateyourmusic.com/artist/pedro-el-colita
Junior Caldera,https://rateyourmusic.com/artist/junior-caldera
DJ Rosmel,https://rateyourmusic.com/artist/dj-rosmel
Byakko,https://rateyourmusic.com/artist/byakko
Rómulo Gallegos,https://rateyourmusic.com/artist/romulo-gallegos
Alberto Aguilá,https://rateyourmusic.com/artist/alberto-aguila
Sebastian Rivero,https://rateyourmusic.com/artist/sebastian-rivero
3m5,https://rateyourmusic.com/artist/3m5
DJ SUELDOminimo,https://rateyourmusic.com/artist/dj-sueldominimo
Jesús Enrique Guédez,https://rateyourmusic.com/artist/jesus-enrique-guedez
Anaís Maucó,https://rateyourmusic.com/artist/anais-mauco
Marvin Presutti,https://rateyourmusic.com/artist/marvin-presutti
Edgar Rocca,https://rateyourmusic.com/artist/edgar-rocca
Lourdes Valera,https://rateyourmusic.com/artist/lourdes-valera
Las Lineas de Nazca,https://rateyourmusic.com/artist/las-lineas-de-nazca
Kuna,https://rateyourmusic.com/artist/kuna-1
Knotchej,https://rateyourmusic.com/artist/knotchej
juanrutina,https://rateyourmusic.com/artist/juanrutina
Herminia Martínez,https://rateyourmusic.com/artist/herminia-martinez
Василь Кричевський [Vasili Krichevsky],https://rateyourmusic.com/artist/василь-кричевський
mil ataris por segundo,https://rateyourmusic.com/artist/mil-ataris-por-segundo
Oreste,https://rateyourmusic.com/artist/oreste-2
Nichess One,https://rateyourmusic.com/artist/nichess-one
Kid Problema,https://rateyourmusic.com/artist/kid-problema
Eduardo Díaz,https://rateyourmusic.com/artist/eduardo-diaz-1
Bárbara Teyde,https://rateyourmusic.com/artist/barbara-teyde
Nelly Mele Lara,https://rateyourmusic.com/artist/nelly-mele-lara
Lela,https://rateyourmusic.com/artist/lela-1
Margot Benacerraf,https://rateyourmusic.com/artist/margot-benacerraf
Alberto Grau,https://rateyourmusic.com/artist/alberto-grau
César Bolívar,https://rateyourmusic.com/artist/cesar-bolivar
Fausto Verdial,https://rateyourmusic.com/artist/fausto-verdial
Mayra Alejandra,https://rateyourmusic.com/artist/mayra-alejandra
Salvador Llamozas,https://rateyourmusic.com/artist/salvador-llamozas
Francisco Tejera,https://rateyourmusic.com/artist/francisco-tejera
Pedro León Zapata,https://rateyourmusic.com/artist/pedro-leon-zapata
Moisés Moleiro,https://rateyourmusic.com/artist/moises-moleiro
Miguel Ángel Ferrer,https://rateyourmusic.com/artist/miguel-angel-ferrer
Sabita Seinshin,https://rateyourmusic.com/artist/sabita-seinshin
Leandro Arvelo,https://rateyourmusic.com/artist/leandro-arvelo
THEALBERTOZ,https://rateyourmusic.com/artist/thealbertoz
Vir Martialis,https://rateyourmusic.com/artist/vir-martialis
Antidolby,https://rateyourmusic.com/artist/antidolby
Boikido,https://rateyourmusic.com/artist/boikido
Rosario Marciano,https://rateyourmusic.com/artist/rosario-marciano
Jemimemu,https://rateyourmusic.com/artist/jemimemu
Yvng Tavo,https://rateyourmusic.com/artist/yvng-tavo
Nigu Moka,https://rateyourmusic.com/artist/nigu-moka
La Serpiente Solar,https://rateyourmusic.com/artist/la-serpiente-solar
Nano Grant,https://rateyourmusic.com/artist/nano-grant
Luis G. Tovar,https://rateyourmusic.com/artist/luis-g-tovar
Asdrúbal Meléndez,https://rateyourmusic.com/artist/asdrubal-melendez
Sebastián Cova,https://rateyourmusic.com/artist/sebastian-cova-1
MIGUE MORI,https://rateyourmusic.com/artist/migue-mori
Luis Alberto Lamata,https://rateyourmusic.com/artist/luis-alberto-lamata
Pablo de la Barra,https://rateyourmusic.com/artist/pablo-de-la-barra
Carlos Augusto León,https://rateyourmusic.com/artist/carlos-augusto-leon
PAARIS,https://rateyourmusic.com/artist/paaris
Pedro de la Barra,https://rateyourmusic.com/artist/pedro-de-la-barra
Mariafer,https://rateyourmusic.com/artist/mariafer
The Back Room,https://rateyourmusic.com/artist/the-back-room
postales de amaranta,https://rateyourmusic.com/artist/postales-de-amaranta
Tomás Henríquez,https://rateyourmusic.com/artist/tomas-henriquez
SAN,https://rateyourmusic.com/artist/san-11
Afro Criollo,https://rateyourmusic.com/artist/afro-criollo
Akilin,https://rateyourmusic.com/artist/akilin
María Fernanda Ferro,https://rateyourmusic.com/artist/maria-fernanda-ferro
Okubo,https://rateyourmusic.com/artist/okubo
Solo Soul,https://rateyourmusic.com/artist/solo-soul
Magnifilium,https://rateyourmusic.com/artist/magnifilium
Sendero Veneco,https://rateyourmusic.com/artist/sendero-veneco
La Danta,https://rateyourmusic.com/artist/la-danta
La Danta Más Cabra,https://rateyourmusic.com/artist/la-danta-mas-cabra
T Izzy,https://rateyourmusic.com/artist/t-izzy
Joel Novoa,https://rateyourmusic.com/artist/joel-novoa-1
Chelo Rodríguez,https://rateyourmusic.com/artist/chelo-rodriguez
Junko Furuta,https://rateyourmusic.com/artist/junko-furuta-1
Joe Ruiz,https://rateyourmusic.com/artist/joe-ruiz
Bob Bissonnette,https://rateyourmusic.com/artist/bob-bissonnette
Chu Quintero,https://rateyourmusic.com/artist/chu-quintero
Kid606,https://rateyourmusic.com/artist/kid606
NK Profeta,https://rateyourmusic.com/artist/nk-profeta
Nasty Killah,https://rateyourmusic.com/artist/nasty-killah
Sebastián Bauza-Bueno,https://rateyourmusic.com/artist/sebastian-bauza-bueno
César Monge,https://rateyourmusic.com/artist/cesar-monge
Wladimir,https://rateyourmusic.com/artist/wladimir
La Zaga,https://rateyourmusic.com/artist/la-zaga
OCTUBRXLIBRV,https://rateyourmusic.com/artist/octubrxlibrv
Gabylonia,https://rateyourmusic.com/artist/gabylonia
GypsySka Orquesta,https://rateyourmusic.com/artist/gypsyska_orquesta
Sonny León,https://rateyourmusic.com/artist/sonny_leon
Carlos Oteyza,https://rateyourmusic.com/artist/carlos-oteyza
Chino y Nacho,https://rateyourmusic.com/artist/chino-y-nacho
Calle Ciega,https://rateyourmusic.com/artist/calle-ciega
Arturo García,https://rateyourmusic.com/artist/arturo-garcia
Quinteto Contrapunto,https://rateyourmusic.com/artist/quinteto-contrapunto
Los Melódicos,https://rateyourmusic.com/artist/los-melodicos
Carlín Rodríguez,https://rateyourmusic.com/artist/carlin-rodriguez
Los Kenya,https://rateyourmusic.com/artist/los-kenya
Frank y Sus Inquietos,https://rateyourmusic.com/artist/frank-y-sus-inquietos
Teresa Carreño,https://rateyourmusic.com/artist/teresa-carreno
Los Torrealberos,https://rateyourmusic.com/artist/los-torrealberos
Grupo Mango,https://rateyourmusic.com/artist/grupo-mango
Julio Jung Duvauchelle,https://rateyourmusic.com/artist/julio-jung-duvauchelle
Mariana Hellmund,https://rateyourmusic.com/artist/mariana-hellmund
Rómulo Guardia,https://rateyourmusic.com/artist/romulo-guardia
Orlando Molina,https://rateyourmusic.com/artist/orlando-molina
Robert Vilera,https://rateyourmusic.com/artist/robert-vilera
Porfi Jiménez y Su Orquesta,https://rateyourmusic.com/artist/porfi-jimenez-y-su-orquesta
Alfredo Anzola,https://rateyourmusic.com/artist/alfredo-anzola
Arawato,https://rateyourmusic.com/artist/arawato
La Sonora Caracas,https://rateyourmusic.com/artist/la-sonora-caracas
Orquesta Sinfónica Municipal de Caracas,https://rateyourmusic.com/artist/orquesta-sinfonica-municipal-de-caracas
Luis Gómez-Imbert,https://rateyourmusic.com/artist/luis-gomez-imbert
Ana La Salvia,https://rateyourmusic.com/artist/ana-la-salvia
Floria Márquez,https://rateyourmusic.com/artist/floria-marquez
Gona,https://rateyourmusic.com/artist/gona
Esperanza Márquez,https://rateyourmusic.com/artist/esperanza-marquez
Armando Coll,https://rateyourmusic.com/artist/armando-coll
Ane Díaz,https://rateyourmusic.com/artist/ane-diaz
Efraín Amaya,https://rateyourmusic.com/artist/efrain-amaya
Musikautomatika,https://rateyourmusic.com/artist/musikautomatika
Igor Bastidas,https://rateyourmusic.com/artist/igor-bastidas
Ana Cepinska,https://rateyourmusic.com/artist/ana-cepinska
Alfredo Silva Estrada,https://rateyourmusic.com/artist/alfredo-silva-estrada
Danny Ocean,https://rateyourmusic.com/artist/danny-ocean
Samy Hawk,https://rateyourmusic.com/artist/samy-hawk
Kristhyan Benitez,https://rateyourmusic.com/artist/kristhyan-benitez
Nakary,https://rateyourmusic.com/artist/nakary
Neutro Shorty,https://rateyourmusic.com/artist/neutro-shorty
Colérico Espín,https://rateyourmusic.com/artist/colerico-espin
La Pequeña Revancha,https://rateyourmusic.com/artist/la-pequena-revancha
YEI,https://rateyourmusic.com/artist/yei-1
Somalunar,https://rateyourmusic.com/artist/somalunar
bolas criollas,https://rateyourmusic.com/artist/bolas-criollas
Luis Armando Roche,https://rateyourmusic.com/artist/luis-armando-roche
Gorgias Sánchez,https://rateyourmusic.com/artist/gorgias-sanchez
Mayré Martínez,https://rateyourmusic.com/artist/mayre-martinez
Motiff,https://rateyourmusic.com/artist/motiff
Ahimsa,https://rateyourmusic.com/artist/ahimsa-1
Bolívar Caribano,https://rateyourmusic.com/artist/bolivar-caribano
Durban Betancourt-Laverde,https://rateyourmusic.com/artist/durban-betancourt-laverde
Lan Liu,https://rateyourmusic.com/artist/lan-liu
Alejandro García Wiedemann,https://rateyourmusic.com/artist/alejandro-garcia-wiedemann
Santiago Cabrera,https://rateyourmusic.com/artist/santiago-cabrera
Carlos Rebolledo,https://rateyourmusic.com/artist/carlos-rebolledo
Elba Escobar,https://rateyourmusic.com/artist/elba-escobar
Pakalolo,https://rateyourmusic.com/artist/pakalolo
Tom Espinoza,https://rateyourmusic.com/artist/tom-espinoza
Yolanda Ríos,https://rateyourmusic.com/artist/yolanda-rios
José Luis Muñoz,https://rateyourmusic.com/artist/jose-luis-munoz
Micro TDH,https://rateyourmusic.com/artist/micro-tdh
Desensamblados,https://rateyourmusic.com/artist/desensamblados
Nelson G. Navarrete,https://rateyourmusic.com/artist/nelson-g-navarrete
Miguel Moly,https://rateyourmusic.com/artist/miguel-moly
La Maldita Infamia,https://rateyourmusic.com/artist/la-maldita-infamia
Ugoluna,https://rateyourmusic.com/artist/ugoluna
Gustavo Casas y los Que Buscan,https://rateyourmusic.com/artist/gustavo-casas-y-los-que-buscan
Prakriti Maduro,https://rateyourmusic.com/artist/prakriti-maduro
Caupolicán Ovalles,https://rateyourmusic.com/artist/caupolican-ovalles
Margarita Cadenas,https://rateyourmusic.com/artist/margarita-cadenas
Carlos Daniel Malavé,https://rateyourmusic.com/artist/carlos-daniel-malave
Samantha Castillo,https://rateyourmusic.com/artist/samantha-castillo
Luis Gerónimo Abreu,https://rateyourmusic.com/artist/luis-geronimo-abreu
Malena Gonzalez,https://rateyourmusic.com/artist/malena-gonzalez
Jean Paul Leroux,https://rateyourmusic.com/artist/jean-paul-leroux
Jessika Grau,https://rateyourmusic.com/artist/jessika-grau
Mateo Lugo,https://rateyourmusic.com/artist/mateo-lugo
Joaquina,https://rateyourmusic.com/artist/joaquina-1
El Trabuco Venezolano,https://rateyourmusic.com/artist/el-trabuco-venezolano
From Fiction,https://rateyourmusic.com/artist/from-fiction
Sexteto Juventud,https://rateyourmusic.com/artist/sexteto-juventud
Gran Radio Riviera,https://rateyourmusic.com/artist/gran-radio-riviera
Lorena Alvarado,https://rateyourmusic.com/artist/lorena-alvarado
Carlos Daniel Palacios,https://rateyourmusic.com/artist/carlos-daniel-palacios
Nené Quintero,https://rateyourmusic.com/artist/nene-quintero
Felipe Rengifo,https://rateyourmusic.com/artist/felipe-rengifo
Ray Pérez y su Orquesta,https://rateyourmusic.com/artist/ray-perez-y-su-orquesta
La Crítica,https://rateyourmusic.com/artist/la-critica
Grupo Madera,https://rateyourmusic.com/artist/grupo-madera
Clara Rodríguez,https://rateyourmusic.com/artist/clara-rodriguez
RMS,https://rateyourmusic.com/artist/rms_f1
Nati y Su Orquesta,https://rateyourmusic.com/artist/nati-y-su-orquesta
Christian Vásquez,https://rateyourmusic.com/artist/christian-vasquez
Rafael Marziano Tinoco,https://rateyourmusic.com/artist/rafael-marziano-tinoco
Tambor Urbano,https://rateyourmusic.com/artist/tambor-urbano
JP Sans,https://rateyourmusic.com/artist/jp-sans
Silvio Estrada,https://rateyourmusic.com/artist/silvio-estrada
Yeniffer Behrens,https://rateyourmusic.com/artist/yeniffer-behrens
Daiquirí,https://rateyourmusic.com/artist/daiquiri_f1
Maye,https://rateyourmusic.com/artist/maye
Mau y Ricky,https://rateyourmusic.com/artist/mau-y-ricky
Gran Celaje,https://rateyourmusic.com/artist/gran-celaje
Secuaces,https://rateyourmusic.com/artist/secuaces
AS1,https://rateyourmusic.com/artist/as1
Fur Coat,https://rateyourmusic.com/artist/fur_coat
Mestiza,https://rateyourmusic.com/artist/mestiza
Elluz Peraza,https://rateyourmusic.com/artist/elluz-peraza
Verkhead,https://rateyourmusic.com/artist/verkhead
Hilandera,https://rateyourmusic.com/artist/hilandera
"Miguel ""El Enano"" González",https://rateyourmusic.com/artist/miguel-el-enano-gonzalez
Lele Pons,https://rateyourmusic.com/artist/lele-pons
Freddy Nieto,https://rateyourmusic.com/artist/freddy-nieto
El Pricto,https://rateyourmusic.com/artist/el-pricto
Lecon,https://rateyourmusic.com/artist/lecon
Arca,https://rateyourmusic.com/artist/arca-1
Adriana,https://rateyourmusic.com/artist/adriana-2
Los Antaños del Stadium,https://rateyourmusic.com/artist/los-antanos-del-stadium
Schola Cantorum de Venezuela,https://rateyourmusic.com/artist/schola-cantorum-de-venezuela
Federíco Jr.,https://rateyourmusic.com/artist/federico-jr
Le' Cinema,https://rateyourmusic.com/artist/le-cinema
Anakena,https://rateyourmusic.com/artist/anakena
Just Art Dead,https://rateyourmusic.com/artist/just-art-dead
Andrés Duque,https://rateyourmusic.com/artist/andres-duque
Eliana Cuevas,https://rateyourmusic.com/artist/eliana-cuevas
Pedro Vicente Lizardo,https://rateyourmusic.com/artist/pedro-vicente-lizardo
Yoncarlos Medina,https://rateyourmusic.com/artist/yoncarlos-medina
Víctor Drija,https://rateyourmusic.com/artist/victor-drija
Daniel Huen,https://rateyourmusic.com/artist/daniel-huen
Vince Vinyl,https://rateyourmusic.com/artist/vince-vinyl
Nicolás Maduro,https://rateyourmusic.com/artist/nicolas-maduro
Markem,https://rateyourmusic.com/artist/markem
Eduardo Marturet,https://rateyourmusic.com/artist/eduardo-marturet
Alejandro Planchart,https://rateyourmusic.com/artist/alejandro-planchart
Los Cantores del Trópico,https://rateyourmusic.com/artist/los-cantores-del-tropico
Elizabeth Avellan,https://rateyourmusic.com/artist/elizabeth-avellan
Nzila Afrobeat Project,https://rateyourmusic.com/artist/nzila-afrobeat-project
Bernardo Padrón,https://rateyourmusic.com/artist/bernardo-padron
Cristina Sitja,https://rateyourmusic.com/artist/cristina-sitja
Juan R. Berbín,https://rateyourmusic.com/artist/juan-r-berbin
AlterKind,https://rateyourmusic.com/artist/alterkind
Nombres Ocultos,https://rateyourmusic.com/artist/nombres-ocultos
Sibilino,https://rateyourmusic.com/artist/sibilino
Rótival,https://rateyourmusic.com/artist/rotival
José Echezuría,https://rateyourmusic.com/artist/jose-echezuria
Mariana Derderián,https://rateyourmusic.com/artist/mariana-derderian
Eva Blanco,https://rateyourmusic.com/artist/eva-blanco-1
Los Hermanos Naturales,https://rateyourmusic.com/artist/los-hermanos-naturales
Garee,https://rateyourmusic.com/artist/garee
Diego Scano,https://rateyourmusic.com/artist/diego-scano
Marti Ann,https://rateyourmusic.com/artist/marti-ann
Enrique Bencomo,https://rateyourmusic.com/artist/enrique-bencomo
Marieva Dávila,https://rateyourmusic.com/artist/marieva-davila
Ensamble Acidito,https://rateyourmusic.com/artist/ensamble-acidito
Samadhi,https://rateyourmusic.com/artist/samadhi-1
Señorita Cometa,https://rateyourmusic.com/artist/senorita-cometa
"Diego ""El Negro"" Álvarez",https://rateyourmusic.com/artist/diego-el-negro-alvarez
Servando Primera,https://rateyourmusic.com/artist/servando-primera
Ensamble Kapicúa,https://rateyourmusic.com/artist/ensamble-kapicua
Rudy Pagliuca,https://rateyourmusic.com/artist/rudy-pagliuca
Laura Chimaras,https://rateyourmusic.com/artist/laura-chimaras
Stereolux,https://rateyourmusic.com/artist/stereolux
Carlos Izcaray,https://rateyourmusic.com/artist/carlos-izcaray
Hibai Rekondo,https://rateyourmusic.com/artist/hibai-rekondo
Rafael Lanzetta,https://rateyourmusic.com/artist/rafael-lanzetta
Aseari,https://rateyourmusic.com/artist/aseari
Guacamayo Terca,https://rateyourmusic.com/artist/guacamayo-terca
Retrovyzor,https://rateyourmusic.com/artist/retrovyzor
Kemawan,https://rateyourmusic.com/artist/kemawan
Escritores de Salem,https://rateyourmusic.com/artist/escritores-de-salem
Nueve Noventa,https://rateyourmusic.com/artist/nueve-noventa
Andrés Levell,https://rateyourmusic.com/artist/andres-levell
CompaySon,https://rateyourmusic.com/artist/compayson
Nancy Fabiola Herrera,https://rateyourmusic.com/artist/nancy-fabiola-herrera
Amereida,https://rateyourmusic.com/artist/amereida
La Banda Casablanca,https://rateyourmusic.com/artist/la-banda-casablanca
Safety Trance,https://rateyourmusic.com/artist/safety-trance
Elena Abend,https://rateyourmusic.com/artist/elena-abend
Arthur Albert,https://rateyourmusic.com/artist/arthur-albert
Grupo Pepper,https://rateyourmusic.com/artist/grupo-pepper
Daniel de Sousa,https://rateyourmusic.com/artist/daniel-de-sousa
La Gran Banda de Venezuela,https://rateyourmusic.com/artist/la-gran-banda-de-venezuela
Sebastián Araujo,https://rateyourmusic.com/artist/sebastian-araujo
Beto Montenegro,https://rateyourmusic.com/artist/beto-montenegro
Sonero Clásico del Caribe,https://rateyourmusic.com/artist/sonero-clasico-del-caribe
Los Pures,https://rateyourmusic.com/artist/los-pures
Manuel Trotta,https://rateyourmusic.com/artist/manuel-trotta
Victor Porfidio,https://rateyourmusic.com/artist/victor-porfidio
JohnThvhk,https://rateyourmusic.com/artist/johnthvhk
Alejandro Berti,https://rateyourmusic.com/artist/alejandro-berti
Rudy Regalado,https://rateyourmusic.com/artist/rudy-regalado
Mixtura,https://rateyourmusic.com/artist/mixtura
Natasha Deganello Giraudie,https://rateyourmusic.com/artist/natasha-deganello-giraudie
Jorge Isaac,https://rateyourmusic.com/artist/jorge-isaac
Banny Kosta,https://rateyourmusic.com/artist/banny-kosta
Cantoría Alberto Grau,https://rateyourmusic.com/artist/cantoria-alberto-grau
María Guinand,https://rateyourmusic.com/artist/maria-guinand
Samia Ibrahim,https://rateyourmusic.com/artist/samia-ibrahim
Orquesta Sinfónica Simón Bolívar,https://rateyourmusic.com/artist/orquesta-sinfonica-simon-bolivar
Carlos Montilla,https://rateyourmusic.com/artist/carlos-montilla
Saul Guanipa,https://rateyourmusic.com/artist/saul-guanipa
Coyote Dax,https://rateyourmusic.com/artist/coyote-dax
Gus Rios,https://rateyourmusic.com/artist/gus_rios
DJ Babatr,https://rateyourmusic.com/artist/dj-babatr-1
Ilse,https://rateyourmusic.com/artist/ilse-1
Soires Naes,https://rateyourmusic.com/artist/soires-naes
Soraya Benitez,https://rateyourmusic.com/artist/soraya_benitez
La Seguridad Nacional,https://rateyourmusic.com/artist/la_seguridad_nacional
Hein van der Gaag,https://rateyourmusic.com/artist/hein-van-der-gaag
Francisco Gózon,https://rateyourmusic.com/artist/francisco_gozon
Eloísa Maturén,https://rateyourmusic.com/artist/eloisa-maturen
Todo Bien Todo Mal,https://rateyourmusic.com/artist/todo-bien-todo-mal
Ana Osorio,https://rateyourmusic.com/artist/ana-osorio
Reynaldo Hahn,https://rateyourmusic.com/artist/reynaldo_hahn
Sonia Chocrón,https://rateyourmusic.com/artist/sonia-chocron
Anabell Guerrero,https://rateyourmusic.com/artist/anabell_guerrero
Isra,https://rateyourmusic.com/artist/isra
AG Wild,https://rateyourmusic.com/artist/ag-wild
Giorgio Maulini,https://rateyourmusic.com/artist/giorgio-maulini
Manuel Hernández Silva,https://rateyourmusic.com/artist/manuel_hernandez_silva
Lester Paredes,https://rateyourmusic.com/artist/lester-paredes
Altopana,https://rateyourmusic.com/artist/altopana
Guillermo Mariotto,https://rateyourmusic.com/artist/guillermo_mariotto
Zamora,https://rateyourmusic.com/artist/zamora-2
Sophia Aslanides,https://rateyourmusic.com/artist/sophia-aslanides
Los Colores,https://rateyourmusic.com/artist/los-colores-2
Paul Desenne,https://rateyourmusic.com/artist/paul-desenne
Majandra Delfino,https://rateyourmusic.com/artist/majandra-delfino
Los Fantasmas del Caribe,https://rateyourmusic.com/artist/los_fantasmas_del_caribe
El Potro Álvarez,https://rateyourmusic.com/artist/el-potro-alvarez
John Novak,https://rateyourmusic.com/artist/john_novak
Héléna Manson,https://rateyourmusic.com/artist/helena_manson
Txiki Benegas,https://rateyourmusic.com/artist/txiki-benegas
Jorgelia,https://rateyourmusic.com/artist/jorgelia
Eddie Le Baron,https://rateyourmusic.com/artist/eddie_le_baron
Ninah Mars & The Stickfaces,https://rateyourmusic.com/artist/ninah_mars_and_the_stickfaces
La Banda Municipal,https://rateyourmusic.com/artist/la_banda_municipal
Maria Beatty,https://rateyourmusic.com/artist/maria_beatty
Carl Zitelmann,https://rateyourmusic.com/artist/carl_zitelmann
Santiago Dobles,https://rateyourmusic.com/artist/santiago-dobles
Carlos Quintana,https://rateyourmusic.com/artist/carlos-quintana
Luis Felipe González,https://rateyourmusic.com/artist/luis-felipe-gonzalez
Omar Vizquel,https://rateyourmusic.com/artist/omar_vizquel
Doris Morgado,https://rateyourmusic.com/artist/doris_morgado
Rosita Arenas,https://rateyourmusic.com/artist/rosita_arenas
Doc Psych,https://rateyourmusic.com/artist/doc-psych
Gustavo Rondón Córdova,https://rateyourmusic.com/artist/gustavo_rondon_cordova
Adrenalina Caribe,https://rateyourmusic.com/artist/adrenalina_caribe
Scarlet Gruber,https://rateyourmusic.com/artist/scarlet-gruber
Nani,https://rateyourmusic.com/artist/nani-2
Electra Avellan,https://rateyourmusic.com/artist/electra_avellan
Gustavo Matamoros,https://rateyourmusic.com/artist/gustavo_matamoros
Elise Avellan,https://rateyourmusic.com/artist/elise_avellan
Rumberos del Callejón,https://rateyourmusic.com/artist/rumberos-del-callejon
Patrizia Fontana,https://rateyourmusic.com/artist/patrizia_fontana
ahvistetabien,https://rateyourmusic.com/artist/ahvistetabien
MPeach,https://rateyourmusic.com/artist/mpeach
Sebastian Gutierrez,https://rateyourmusic.com/artist/sebastian_gutierrez
Daniel Valledor,https://rateyourmusic.com/artist/daniel_valledor
Fernando Carrillo,https://rateyourmusic.com/artist/fernando-carrillo
Uff,https://rateyourmusic.com/artist/uff
José Ignacio Cabrujas,https://rateyourmusic.com/artist/jose_ignacio_cabrujas
Lobo de Mar,https://rateyourmusic.com/artist/lobo_de_mar
Prisca Dávila,https://rateyourmusic.com/artist/prisca_davila
Diana Arismendi,https://rateyourmusic.com/artist/diana_arismendi
Shariff Korver,https://rateyourmusic.com/artist/shariff_korver
Tito Coral,https://rateyourmusic.com/artist/tito_coral
Edicson Ruiz,https://rateyourmusic.com/artist/edicson_ruiz
Virgilio Araque Reyes,https://rateyourmusic.com/artist/virgilio_araque_reyes
Cecilia Bellorín,https://rateyourmusic.com/artist/cecilia_bellorin
Alfredo del Mónaco,https://rateyourmusic.com/artist/alfredo_del_monaco
Luigi Sciamanna,https://rateyourmusic.com/artist/luigi_sciamanna
Abraham Pulido,https://rateyourmusic.com/artist/abraham-pulido
Zair Montes,https://rateyourmusic.com/artist/zair-montes
Jan Wagner,https://rateyourmusic.com/artist/jan_wagner
Yennifer Correia,https://rateyourmusic.com/artist/yennifer_correia
Hobart Earle,https://rateyourmusic.com/artist/hobart_earle
Fina Torres,https://rateyourmusic.com/artist/fina_torres
Laps Around the Sun,https://rateyourmusic.com/artist/laps_around_the_sun
Sergio Tiempo,https://rateyourmusic.com/artist/sergio-tiempo
Recordatorio,https://rateyourmusic.com/artist/recordatorio
Jose Prendes,https://rateyourmusic.com/artist/jose_prendes
Irán,https://rateyourmusic.com/artist/iran-2
Lucho Nelson,https://rateyourmusic.com/artist/lucho-nelson
Dru Flecha,https://rateyourmusic.com/artist/dru-flecha
Desidere,https://rateyourmusic.com/artist/desidere
Miguel A. Ferrer,https://rateyourmusic.com/artist/miguel-a-ferrer
Maracaibo 15,https://rateyourmusic.com/artist/maracaibo-15
Rize 1200,https://rateyourmusic.com/artist/rize-1200
Corina Smith,https://rateyourmusic.com/artist/corina-smith
Isabel Palacios,https://rateyourmusic.com/artist/isabel-palacios
Camerata Renacentista de Caracas,https://rateyourmusic.com/artist/camerata-renacentista-de-caracas
Paola Calvo,https://rateyourmusic.com/artist/paola-calvo
Kobi Cantillo,https://rateyourmusic.com/artist/kobi-cantillo
Homer and The Dont's,https://rateyourmusic.com/artist/homer-and-the-donts
Inés Michelena,https://rateyourmusic.com/artist/ines-michelena
andremustdie,https://rateyourmusic.com/artist/andremustdie
Daniela Barranco,https://rateyourmusic.com/artist/daniela-barranco
DJ Loopy,https://rateyourmusic.com/artist/dj-loopy
Gabo Xeart,https://rateyourmusic.com/artist/gabo-xeart
Naty Martínez,https://rateyourmusic.com/artist/naty-martinez
Raúl Monsalve y Los Forajidos,https://rateyourmusic.com/artist/raul-monsalve-y-los-forajidos
The Baby Factory,https://rateyourmusic.com/artist/the_baby_factory
Weed420,https://rateyourmusic.com/artist/weed420
Sheryl Rubio,https://rateyourmusic.com/artist/sheryl-rubio
Marianella,https://rateyourmusic.com/artist/marianella
Elizabeth Ayoub,https://rateyourmusic.com/artist/elizabeth-ayoub
Gabriela Vergara,https://rateyourmusic.com/artist/gabriela-vergara
José Taboada,https://rateyourmusic.com/artist/jose-taboada
Frank Spano,https://rateyourmusic.com/artist/frank-spano
Nerio Gutiérrez,https://rateyourmusic.com/artist/nerio-gutierrez
Yani Martinelli,https://rateyourmusic.com/artist/yani-martinelli
DN Tato,https://rateyourmusic.com/artist/dn-tato
Gonzalo Grau,https://rateyourmusic.com/artist/gonzalo-grau
Joaquín Mendoza Sebastián,https://rateyourmusic.com/artist/joaquin_mendoza_sebastian
"Chema ""Animal"" Pérez",https://rateyourmusic.com/artist/chema-animal-perez
Alejandro Nones,https://rateyourmusic.com/artist/alejandro-nones
Uklao,https://rateyourmusic.com/artist/uklao
Adolfo Kolmerer,https://rateyourmusic.com/artist/adolfo-kolmerer
Alejandro Molinari,https://rateyourmusic.com/artist/alejandro-molinari
Carolina Marconi,https://rateyourmusic.com/artist/carolina-marconi
Mikel Erentxun,https://rateyourmusic.com/artist/mikel-erentxun
Nelson Rojas,https://rateyourmusic.com/artist/nelson_rojas
Sixthdagger,https://rateyourmusic.com/artist/sixthdagger
Marco Toro Bernal,https://rateyourmusic.com/artist/marco-toro-bernal
Jose Rafael Guzmán,https://rateyourmusic.com/artist/jose-rafael-guzman
Gabriel Agüero,https://rateyourmusic.com/artist/gabriel-aguero
Liliana Rodríguez Morillo,https://rateyourmusic.com/artist/liliana-rodriguez-morillo
Federico Vollmer,https://rateyourmusic.com/artist/federico-vollmer
Norman Cepeda,https://rateyourmusic.com/artist/norman-cepeda
Yma America,https://rateyourmusic.com/artist/yma_america
Alonso Casual,https://rateyourmusic.com/artist/alonso-casual
Alberto Conde,https://rateyourmusic.com/artist/alberto-conde
Ricardo Rodriguez Miranda,https://rateyourmusic.com/artist/ricardo-rodriguez-miranda
Zoundcolector,https://rateyourmusic.com/artist/zoundcolector
Jorge Sánchez-Chiong,https://rateyourmusic.com/artist/jorge_sanchez_chiong
Jei,https://rateyourmusic.com/artist/jei
El Mini,https://rateyourmusic.com/artist/el-mini
Laureano Olivares,https://rateyourmusic.com/artist/laureano-olivares
North 95,https://rateyourmusic.com/artist/north-95
Atahualpa Lichy,https://rateyourmusic.com/artist/atahualpa-lichy
Alberto Arvelo Mendoza,https://rateyourmusic.com/artist/alberto_arvelo_mendoza
San Tomé,https://rateyourmusic.com/artist/san-tome
Claudia Lizardo,https://rateyourmusic.com/artist/claudia-lizardo
Roboto,https://rateyourmusic.com/artist/roboto-1
Augusto Bracho,https://rateyourmusic.com/artist/augusto-bracho
José Carabaño,https://rateyourmusic.com/artist/jose-carabano
Arturo Annecchino,https://rateyourmusic.com/artist/arturo-annecchino
Alexander da Silva,https://rateyourmusic.com/artist/alexander-da-silva
Noel Grisanti,https://rateyourmusic.com/artist/noel-grisanti
Kroshwell,https://rateyourmusic.com/artist/kroshwell
Rino Arreaza,https://rateyourmusic.com/artist/rino-arreaza
Orquesta Sans Souci,https://rateyourmusic.com/artist/orquesta-sans-souci
Joropo Jam,https://rateyourmusic.com/artist/joropo-jam
Cosmo de la Fuente,https://rateyourmusic.com/artist/cosmo-de-la-fuente
Andrea Herrera Catalá,https://rateyourmusic.com/artist/andrea-herrera-catala
María Márquez,https://rateyourmusic.com/artist/maria-marquez
La Super Orquesta de Venezuela,https://rateyourmusic.com/artist/la-super-orquesta-de-venezuela
OOYAH,https://rateyourmusic.com/artist/ooyah
Ariana Ron Pedrique,https://rateyourmusic.com/artist/ariana-ron-pedrique
Juan Vicente Manrique,https://rateyourmusic.com/artist/juan-vicente-manrique
Franco y Oscarcito,https://rateyourmusic.com/artist/franco-y-oscarcito
Maruja Muci,https://rateyourmusic.com/artist/maruja-muci
Crilo Champions,https://rateyourmusic.com/artist/crilo-champions
Jhonny Kotock,https://rateyourmusic.com/artist/jhonny-kotock
Osos del sol,https://rateyourmusic.com/artist/osos-del-sol
Aran One,https://rateyourmusic.com/artist/aran-one
Mario Puglia,https://rateyourmusic.com/artist/mario-puglia
El Forever,https://rateyourmusic.com/artist/el-forever
Ricardo Coll,https://rateyourmusic.com/artist/ricardo-coll
Monno Briceno,https://rateyourmusic.com/artist/monno-briceno
Joshua Dos Santos,https://rateyourmusic.com/artist/joshua-dos-santos
Luis Fernández,https://rateyourmusic.com/artist/luis-fernandez-1
Alan Wittels,https://rateyourmusic.com/artist/alan-wittels
Príncipe y Su Sexteto,https://rateyourmusic.com/artist/principe-y-su-sexteto
La Melodía Perfecta,https://rateyourmusic.com/artist/la-melodia-perfecta
Mazzarri,https://rateyourmusic.com/artist/mazzarri
Daniella Barbarito,https://rateyourmusic.com/artist/daniella-barbarito
MJ Nebreda,https://rateyourmusic.com/artist/mj-nebreda
Luis Carreño,https://rateyourmusic.com/artist/luis-carreno
Jacky Schreiber,https://rateyourmusic.com/artist/jacky-schreiber
Carlos Pocz,https://rateyourmusic.com/artist/carlos-pocz
Reinaldo Moya,https://rateyourmusic.com/artist/reinaldo-moya
Mimí Lazo,https://rateyourmusic.com/artist/mimi-lazo
César Manzano,https://rateyourmusic.com/artist/cesar-manzano
Lil Scars,https://rateyourmusic.com/artist/lil-scars-2
Kai Tak,https://rateyourmusic.com/artist/kai-tak
Mau Montaner,https://rateyourmusic.com/artist/mau-montaner
Ricky Montaner,https://rateyourmusic.com/artist/ricky-montaner
Victor Velasco,https://rateyourmusic.com/artist/victor-velasco
Juan Sebastián Vásquez,https://rateyourmusic.com/artist/juan-sebastian-vasquez
Alejandro Rojas,https://rateyourmusic.com/artist/alejandro-rojas
Gigi Zanchetta,https://rateyourmusic.com/artist/gigi-zanchetta
Isabella Santiago,https://rateyourmusic.com/artist/isabella-santiago
Ernesto Calzadilla,https://rateyourmusic.com/artist/ernesto-calzadilla
Mariaca Semprún,https://rateyourmusic.com/artist/mariaca-semprun
Marjorie de Sousa,https://rateyourmusic.com/artist/marjorie-de-sousa
Carlos Azpurúa,https://rateyourmusic.com/artist/carlos-azpurua
Nico Manzano,https://rateyourmusic.com/artist/nico-manzano
Lasmanz,https://rateyourmusic.com/artist/lasmanz
Moro León,https://rateyourmusic.com/artist/moro-leon
Jey da Polemic,https://rateyourmusic.com/artist/jey-da-polemic
Gabriel Peraza,https://rateyourmusic.com/artist/gabriel-peraza
Francisco Villarroel,https://rateyourmusic.com/artist/francisco-villarroel
Dave Ruthwell,https://rateyourmusic.com/artist/dave-ruthwell
América Zerpa,https://rateyourmusic.com/artist/america-zerpa
Diego Vicentini,https://rateyourmusic.com/artist/diego-vicentini
Manuel Díaz Punceles,https://rateyourmusic.com/artist/manuel-diaz-punceles
La Rondalla Venezolana,https://rateyourmusic.com/artist/la-rondalla-venezolana
Peche,https://rateyourmusic.com/artist/peche
Aloisio,https://rateyourmusic.com/artist/aloisio
Jhoanypz Jhoanypz,https://rateyourmusic.com/artist/jhoanypz-jhoanypz
Max Costa,https://rateyourmusic.com/artist/max_costa
Orquesta Discotheque,https://rateyourmusic.com/artist/orquesta-discotheque
Domingo Hindoyan,https://rateyourmusic.com/artist/domingo-hindoyan
Aérea Negrot,https://rateyourmusic.com/artist/aerea-negrot
Luis Colmenares,https://rateyourmusic.com/artist/luis-colmenares
Gaby Espino,https://rateyourmusic.com/artist/gaby-espino
Grupo Treo,https://rateyourmusic.com/artist/grupo-treo
lovadiel,https://rateyourmusic.com/artist/lovadiel
Abril Schreiber,https://rateyourmusic.com/artist/abril-schreiber
Hendrick Bages,https://rateyourmusic.com/artist/hendrick-bages
Agrupacion Convenezuela,https://rateyourmusic.com/artist/agrupacion-convenezuela
Rafael Romero,https://rateyourmusic.com/artist/rafael-romero
Alexandra Mey,https://rateyourmusic.com/artist/alexandra-mey
Los Cadillac's,https://rateyourmusic.com/artist/los-cadillacs
Nomásté,https://rateyourmusic.com/artist/nomaste
César Alejandro Carrillo,https://rateyourmusic.com/artist/cesar-alejandro-carrillo
Mida,https://rateyourmusic.com/artist/mida
La Rondallita,https://rateyourmusic.com/artist/la-rondallita
Cinthya Carmona,https://rateyourmusic.com/artist/cinthya-carmona
Devorah Sasha,https://rateyourmusic.com/artist/devorah-sasha
Freddy Adrián,https://rateyourmusic.com/artist/freddy-adrian
Antonio Llerandi,https://rateyourmusic.com/artist/antonio-llerandi
Freddy Sheinfeld,https://rateyourmusic.com/artist/freddy-sheinfeld
La Cruz,https://rateyourmusic.com/artist/la-cruz-3
Camargo,https://rateyourmusic.com/artist/camargo-1
Viviana Gibelli,https://rateyourmusic.com/artist/viviana-gibelli
Alba Roversi,https://rateyourmusic.com/artist/alba-roversi
Un Solo Pueblo,https://rateyourmusic.com/artist/un_solo_pueblo
Toco Gómez,https://rateyourmusic.com/artist/toco-gomez
Nirse González,https://rateyourmusic.com/artist/nirse-gonzalez
Mañana el Espacio,https://rateyourmusic.com/artist/manana-el-espacio
Xtremauncion,https://rateyourmusic.com/artist/xtremauncion
Elodie Bouny,https://rateyourmusic.com/artist/elodie-bouny
Freddy Leon,https://rateyourmusic.com/artist/freddy-leon
Natacha Valladares,https://rateyourmusic.com/artist/natacha-valladares
nicole.aiff,https://rateyourmusic.com/artist/nicole_aiff
Ravahil,https://rateyourmusic.com/artist/ravahil
Pedro Mauricio González,https://rateyourmusic.com/artist/pedro-mauricio-gonzalez
Jesús Gómez,https://rateyourmusic.com/artist/jesus-gomez-2
SARC THE EAST FACE,https://rateyourmusic.com/artist/sarc-the-east-face
Slic,https://rateyourmusic.com/artist/slic
Koncept P,https://rateyourmusic.com/artist/koncept-p
Sky's White Meditation,https://rateyourmusic.com/artist/skys-white-meditation
Ignacio Castillo Cottin,https://rateyourmusic.com/artist/ignacio-castillo-cottin
José Delgado,https://rateyourmusic.com/artist/jose-delgado-3
Melaza,https://rateyourmusic.com/artist/melaza_f1
Rebecca Roger Cruz,https://rateyourmusic.com/artist/rebecca-roger-cruz
Pulpo,https://rateyourmusic.com/artist/pulpo-1
Jorge Hernández Aldana,https://rateyourmusic.com/artist/jorge-hernandez-aldana
Disalazar,https://rateyourmusic.com/artist/disalazar
Jennifer Tani,https://rateyourmusic.com/artist/jennifer-tani
Van Der Dijs,https://rateyourmusic.com/artist/van-der-dijs
Diego Gámez,https://rateyourmusic.com/artist/diego-gamez
Toña Granado,https://rateyourmusic.com/artist/tona-granado
Chantals,https://rateyourmusic.com/artist/chantals
la niña brava,https://rateyourmusic.com/artist/la-nina-brava
LuisLo,https://rateyourmusic.com/artist/luislo
John Petrizzelli,https://rateyourmusic.com/artist/john-petrizzelli
Anna LaMadrid,https://rateyourmusic.com/artist/anna-lamadrid
José Ramón Barreto,https://rateyourmusic.com/artist/jose-ramon-barreto
Raúl Borges,https://rateyourmusic.com/artist/raul-borges
AlexTrip Sands,https://rateyourmusic.com/artist/alextrip-sands
Francis Rueda,https://rateyourmusic.com/artist/francis-rueda
Orquesta La Junior's,https://rateyourmusic.com/artist/orquesta-la-juniors
Tropic-Zulia,https://rateyourmusic.com/artist/tropic-zulia
Los Tucusitos,https://rateyourmusic.com/artist/los-tucusitos
María Pura Imhof,https://rateyourmusic.com/artist/maria-pura-imhof
Guasinca Zuliana,https://rateyourmusic.com/artist/guasinca-zuliana
Coco Arocha,https://rateyourmusic.com/artist/coco-arocha
La Murga de Caracas,https://rateyourmusic.com/artist/la-murga-de-caracas
Greisy Mena,https://rateyourmusic.com/artist/greisy-mena
Koonze Family,https://rateyourmusic.com/artist/koonze-family
Samuel Mariño,https://rateyourmusic.com/artist/samuel-marino
Yeyo y Los Simepagan Boys,https://rateyourmusic.com/artist/yeyo-y-los-simepagan-boys
Lucas de Paiva,https://rateyourmusic.com/artist/lucas-de-paiva
Pedro Lander,https://rateyourmusic.com/artist/pedro-lander
Irene Arcila,https://rateyourmusic.com/artist/irene-arcila
Louis BPM,https://rateyourmusic.com/artist/louis-bpm
Andrea Ferrero,https://rateyourmusic.com/artist/andrea-ferrero
Lilia Vera,https://rateyourmusic.com/artist/lilia-vera
Los Cuñaos,https://rateyourmusic.com/artist/los-cunaos
Maria Constanza Ferreira,https://rateyourmusic.com/artist/maria-constanza-ferreira
Neyson D,https://rateyourmusic.com/artist/neyson-d
Daniel Yegres,https://rateyourmusic.com/artist/daniel-yegres
Unos Panas Ahí,https://rateyourmusic.com/artist/unos-panas-ahi
Selva Volcán,https://rateyourmusic.com/artist/selva-volcan
Elia Schneider,https://rateyourmusic.com/artist/elia-schneider
Gabriela Montero,https://rateyourmusic.com/artist/gabriela-montero
AshDrown,https://rateyourmusic.com/artist/ashdrown
Lexxter,https://rateyourmusic.com/artist/lexxter
Trias GB,https://rateyourmusic.com/artist/trias-gb-1
Cinema Gore,https://rateyourmusic.com/artist/cinema-gore
Natalia Auli,https://rateyourmusic.com/artist/natalia-auli
Cheo Navarro,https://rateyourmusic.com/artist/cheo-navarro
Ray Romero,https://rateyourmusic.com/artist/ray-romero
Gustavo Elis,https://rateyourmusic.com/artist/gustavo-elis
BULANGER,https://rateyourmusic.com/artist/bulanger
Gabriel Chakarji,https://rateyourmusic.com/artist/gabriel-chakarji
Adina Izarra,https://rateyourmusic.com/artist/adina-izarra
Cordillera 905,https://rateyourmusic.com/artist/cordillera-905
Jesus David Milano Melgarejo,https://rateyourmusic.com/artist/jesus-david-milano-melgarejo
Betsayda Machado,https://rateyourmusic.com/artist/betsayda-machado
Andy Alent,https://rateyourmusic.com/artist/andy-alent
RoyalLive,https://rateyourmusic.com/artist/royallive
El Mago,https://rateyourmusic.com/artist/el-mago
Lino Rocha,https://rateyourmusic.com/artist/lino_rocha
Oswaldo Delgado,https://rateyourmusic.com/artist/oswaldo-delgado
Realengos,https://rateyourmusic.com/artist/realengos
Canelita Medina,https://rateyourmusic.com/artist/canelita-medina
Pinoir,https://rateyourmusic.com/artist/pinoir
Mrodriguez,https://rateyourmusic.com/artist/mrodriguez
La Sardina de Naiguatá,https://rateyourmusic.com/artist/la-sardina-de-naiguata
Quintín Duarte,https://rateyourmusic.com/artist/quintin-duarte
gL1tChhhvkVmv,https://rateyourmusic.com/artist/gl1tchhhvkvmv
Cinema Doom,https://rateyourmusic.com/artist/cinema-doom
Charlie Carr,https://rateyourmusic.com/artist/charlie_carr
Nelson Pinedo,https://rateyourmusic.com/artist/nelson-pinedo
NasokBeats,https://rateyourmusic.com/artist/nasokbeats
Alleh,https://rateyourmusic.com/artist/alleh
Yorghaki,https://rateyourmusic.com/artist/yorghaki
Contra Marcha Punk HxC,https://rateyourmusic.com/artist/contra-marcha-punk-hxc
Joux,https://rateyourmusic.com/artist/joux
Zarinovak,https://rateyourmusic.com/artist/zarinovak
VeryCherrii,https://rateyourmusic.com/artist/verycherrii
Xtensión,https://rateyourmusic.com/artist/xtension
Marianne Malí,https://rateyourmusic.com/artist/marianne-mali
Federico Betancourt,https://rateyourmusic.com/artist/federico-betancourt
HolySexyBastards,https://rateyourmusic.com/artist/holysexybastards
Orquesta La Tremenda,https://rateyourmusic.com/artist/orquesta-la-tremenda
Ivonne Reyes,https://rateyourmusic.com/artist/ivonne-reyes
Orquesta Batakum,https://rateyourmusic.com/artist/orquesta-batakum
Aroldo Betancourt,https://rateyourmusic.com/artist/aroldo-betancourt
Prieto Gang,https://rateyourmusic.com/artist/prieto-gang
Frailes,https://rateyourmusic.com/artist/frailes
Kurikos Suin,https://rateyourmusic.com/artist/kurikos-suin
Emmanuel Abraham,https://rateyourmusic.com/artist/emmanuel-abraham
Romina Palmisano,https://rateyourmusic.com/artist/romina-palmisano
Alaya,https://rateyourmusic.com/artist/alaya-1
WMF,https://rateyourmusic.com/artist/wmf_f1
Vict Molina,https://rateyourmusic.com/artist/vict-molina
Lara Project,https://rateyourmusic.com/artist/lara-project
Félix Lara,https://rateyourmusic.com/artist/felix-lara
Samuel Sahlieh,https://rateyourmusic.com/artist/samuel-sahlieh
Manuel Lara,https://rateyourmusic.com/artist/manuel-lara
Maria Marrone,https://rateyourmusic.com/artist/maria-marrone
Marianela Maldonado,https://rateyourmusic.com/artist/marianela-maldonado
Fernando Madina,https://rateyourmusic.com/artist/fernando-madina
Los Coveros,https://rateyourmusic.com/artist/los-coveros
Ferraz,https://rateyourmusic.com/artist/ferraz
Elik Álvarez,https://rateyourmusic.com/artist/elik-alvarez
Eliezer Boyer,https://rateyourmusic.com/artist/eliezer-boyer
Gus,https://rateyourmusic.com/artist/gus-6
Leonardo Luckert,https://rateyourmusic.com/artist/leonardo-luckert
Los Dead,https://rateyourmusic.com/artist/los-dead
Sr. Falla de Origen,https://rateyourmusic.com/artist/sr-falla-de-origen
Mikaela Monet,https://rateyourmusic.com/artist/mikaela-monet
85 DBA,https://rateyourmusic.com/artist/85-dba
Seji Morto,https://rateyourmusic.com/artist/seji-morto
Briella,https://rateyourmusic.com/artist/briella
HC Dendoh,https://rateyourmusic.com/artist/hc-dendoh
Swbas,https://rateyourmusic.com/artist/swbas
Küasi yu,https://rateyourmusic.com/artist/kuasi-yu
Los Zumo,https://rateyourmusic.com/artist/los-zumo
Grupo Cuyagua,https://rateyourmusic.com/artist/grupo-cuyagua
The Viridian Groove,https://rateyourmusic.com/artist/the_viridian_groove
djALVARO,https://rateyourmusic.com/artist/djalvaro
Borburata Jazz,https://rateyourmusic.com/artist/borburata-jazz
Carlos Riazuelo,https://rateyourmusic.com/artist/carlos-riazuelo
Rapisarda,https://rateyourmusic.com/artist/rapisarda
Jota Rodríguez,https://rateyourmusic.com/artist/jota-rodriguez
Robert Tiamo,https://rateyourmusic.com/artist/robert-tiamo
Torrecè,https://rateyourmusic.com/artist/torrece
Ray Pérez,https://rateyourmusic.com/artist/ray-perez
Niko la Fábrica,https://rateyourmusic.com/artist/niko-la-fabrica
Chris Baietta,https://rateyourmusic.com/artist/chris-baietta
Alboa,https://rateyourmusic.com/artist/alboa
Kelly Abarca,https://rateyourmusic.com/artist/kelly-abarca
revenue,https://rateyourmusic.com/artist/revenue-1
Nacho,https://rateyourmusic.com/artist/nacho
Niños con Pistolas,https://rateyourmusic.com/artist/ninos-con-pistolas
sentimentals,https://rateyourmusic.com/artist/sentimentals
pussidiq,https://rateyourmusic.com/artist/pussidiq
Valeria Solarino,https://rateyourmusic.com/artist/valeria_solarino
Veztalone,https://rateyourmusic.com/artist/veztalone
JJ Romero,https://rateyourmusic.com/artist/jj-romero
Motherflowers,https://rateyourmusic.com/artist/motherflowers
Tayko,https://rateyourmusic.com/artist/tayko
Adilia Castillo,https://rateyourmusic.com/artist/adilia_castillo
Pólyman,https://rateyourmusic.com/artist/polyman
Rui Gabriel,https://rateyourmusic.com/artist/rui-gabriel
Yva Las Vegass,https://rateyourmusic.com/artist/yva_las_vegass
Tripland,https://rateyourmusic.com/artist/tripland
Musanostra,https://rateyourmusic.com/artist/musanostra
Frank Lucas,https://rateyourmusic.com/artist/frank-lucas
Irepelusa,https://rateyourmusic.com/artist/irepelusa
Flayme,https://rateyourmusic.com/artist/flayme
Fabiola José,https://rateyourmusic.com/artist/fabiola_jose
The Monroes,https://rateyourmusic.com/artist/the_monroes_f3
Mr. Pauer,https://rateyourmusic.com/artist/mr-pauer
Rafael Payare,https://rateyourmusic.com/artist/rafael-payare
No Light No Water,https://rateyourmusic.com/artist/no-light-no-water
SALAS,https://rateyourmusic.com/artist/salas-1
Gusi,https://rateyourmusic.com/artist/gusi
Badborn,https://rateyourmusic.com/artist/badborn
Leo Pineda,https://rateyourmusic.com/artist/leo-pineda
Enrique Rivas,https://rateyourmusic.com/artist/enrique-rivas
Andrés Eloy Blanco,https://rateyourmusic.com/artist/andres_eloy_blanco
Enrique Torrealba,https://rateyourmusic.com/artist/enrique-torrealba
Mari la Carajita,https://rateyourmusic.com/artist/mari-la-carajita
Jessus Salvador,https://rateyourmusic.com/artist/jessus-salvador
Chico Mono y sus monitos,https://rateyourmusic.com/artist/chico-mono-y-sus-monitos
Ruddy Rodríguez,https://rateyourmusic.com/artist/ruddy_rodriguez
Maux,https://rateyourmusic.com/artist/maux
Omar Rudberg,https://rateyourmusic.com/artist/omar-rudberg
Cornelio Salazar,https://rateyourmusic.com/artist/cornelio-salazar
Susana Dujim,https://rateyourmusic.com/artist/susana-dujim
Sir Di Alex,https://rateyourmusic.com/artist/sir-di-alex
The Madman Alex,https://rateyourmusic.com/artist/the-madman-alex
Giovanni Guzzo,https://rateyourmusic.com/artist/giovanni-guzzo
Luis Edgardo Ramírez,https://rateyourmusic.com/artist/luis-edgardo-ramirez
Subliminal Terry,https://rateyourmusic.com/artist/subliminal-terry
Virtual Animal,https://rateyourmusic.com/artist/virtual-animal
Maxplay,https://rateyourmusic.com/artist/maxplay
Vincent Nuit,https://rateyourmusic.com/artist/vincent_nuit
nO_ram,https://rateyourmusic.com/artist/no_ram
Nina Romero,https://rateyourmusic.com/artist/nina-romero
Lú Marié,https://rateyourmusic.com/artist/lu-marie
Cherlatte,https://rateyourmusic.com/artist/cherlatte
Carlitos Calebra,https://rateyourmusic.com/artist/carlitos-calebra
Aeo,https://rateyourmusic.com/artist/aeo
Braulio Rodriguez,https://rateyourmusic.com/artist/braulio-rodriguez
Erika Needs,https://rateyourmusic.com/artist/erika-needs
Fran Vielma,https://rateyourmusic.com/artist/fran-vielma
Aurora Dream,https://rateyourmusic.com/artist/aurora-dream
Lunar,https://rateyourmusic.com/artist/lunar_f1
Creática,https://rateyourmusic.com/artist/creatica
Dell Soda,https://rateyourmusic.com/artist/dell-soda
Norelys Rodríguez,https://rateyourmusic.com/artist/norelys-rodriguez
Marianne Amelinckx,https://rateyourmusic.com/artist/marianne-amelinckx
Emiliano Hernandez-Santana,https://rateyourmusic.com/artist/emiliano-hernandez-santana
Los Vanders,https://rateyourmusic.com/artist/los_vanders
Fabro,https://rateyourmusic.com/artist/fabro
José Miguel Zamora Figuera,https://rateyourmusic.com/artist/jose-miguel-zamora-figuera
César Castro,https://rateyourmusic.com/artist/cesar-castro
Colibrí,https://rateyourmusic.com/artist/colibri-1
Irene Esser,https://rateyourmusic.com/artist/irene-esser
Gretchen G,https://rateyourmusic.com/artist/gretchen-g
Jorge Ostos,https://rateyourmusic.com/artist/jorge-ostos
Sunset 1986,https://rateyourmusic.com/artist/sunset-1986
B612,https://rateyourmusic.com/artist/b612
Pez Volador,https://rateyourmusic.com/artist/pez-volador
Manu Heredia,https://rateyourmusic.com/artist/manu-heredia
Daylens & George,https://rateyourmusic.com/artist/daylens-and-george
Jaxxtone,https://rateyourmusic.com/artist/jaxxtone
Juan Arteta,https://rateyourmusic.com/artist/juan-arteta
Luca Pisaroni,https://rateyourmusic.com/artist/luca_pisaroni
Hany Kauam,https://rateyourmusic.com/artist/hany_kauam
Cheo Hurtado,https://rateyourmusic.com/artist/cheo_hurtado
Manira,https://rateyourmusic.com/artist/manira
Vera Delacruz,https://rateyourmusic.com/artist/vera-delacruz
Scarlett Linares,https://rateyourmusic.com/artist/scarlett-linares
Francelín Casañas,https://rateyourmusic.com/artist/francelin-casanas
Mon Carrillo,https://rateyourmusic.com/artist/mon-carrillo
Eddie Hermida,https://rateyourmusic.com/artist/eddie-hermida
Gran Coquivacoa,https://rateyourmusic.com/artist/gran-coquivacoa
Abdénago Borjas,https://rateyourmusic.com/artist/abdenago-borjas
Beto Borjas,https://rateyourmusic.com/artist/beto-borjas
Héctor Francisco Silva Núñez,https://rateyourmusic.com/artist/hector-francisco-silva-nunez
Jean Carlo Centeno,https://rateyourmusic.com/artist/jean_carlo_centeno
Velesa,https://rateyourmusic.com/artist/velesa
Joe Urdaneta,https://rateyourmusic.com/artist/joe-urdaneta
Mario Viloria,https://rateyourmusic.com/artist/mario-viloria
00neaj,https://rateyourmusic.com/artist/00neaj
Scäper,https://rateyourmusic.com/artist/scaper
Mario y Sus Diamantes,https://rateyourmusic.com/artist/mario-y-sus-diamantes
Ricardo Aguirre,https://rateyourmusic.com/artist/ricardo-aguirre
Prob.LEM,https://rateyourmusic.com/artist/prob_lem
puertoazul,https://rateyourmusic.com/artist/puertoazul
José Tineo,https://rateyourmusic.com/artist/jose-tineo
Hotel,https://rateyourmusic.com/artist/hotel-6
Sr. Presidente,https://rateyourmusic.com/artist/sr-presidente
Manao,https://rateyourmusic.com/artist/manao
Gabio,https://rateyourmusic.com/artist/gabio
Sergio Valentín,https://rateyourmusic.com/artist/sergio-valentin
Johnny Sunrise,https://rateyourmusic.com/artist/johnny-sunrise
Menoles,https://rateyourmusic.com/artist/menoles
pm,https://rateyourmusic.com/artist/pm-7
Yojaira Saudita,https://rateyourmusic.com/artist/yojaira-saudita
Anarcoguarachero,https://rateyourmusic.com/artist/anarcoguarachero
La Comunidad Internacional,https://rateyourmusic.com/artist/la-comunidad-internacional
Marisela Berti,https://rateyourmusic.com/artist/marisela_berti
Annia Linares,https://rateyourmusic.com/artist/annia-linares
Los Satélites,https://rateyourmusic.com/artist/los-satelites
David Brito,https://rateyourmusic.com/artist/david-brito
Los Universales de Maracaibo,https://rateyourmusic.com/artist/los-universales-de-maracaibo
La Gallera Social Club,https://rateyourmusic.com/artist/la-gallera-social-club
Lupita Ferrer,https://rateyourmusic.com/artist/lupita-ferrer
Tragavenao Orquesta Afrobeat,https://rateyourmusic.com/artist/tragavenao-orquesta-afrobeat
Angelo Milli,https://rateyourmusic.com/artist/angelo-milli
Jean Carlo Simancas,https://rateyourmusic.com/artist/jean-carlo-simancas
Diveana,https://rateyourmusic.com/artist/diveana
Roberto Antonio,https://rateyourmusic.com/artist/roberto-antonio
Ana María Simon,https://rateyourmusic.com/artist/ana-maria-simon
Franklin Paz,https://rateyourmusic.com/artist/franklin-paz
Orquesta la Combinación,https://rateyourmusic.com/artist/orquesta-la-combinacion
Paisaje Local,https://rateyourmusic.com/artist/paisaje-local
Orlando Urdaneta,https://rateyourmusic.com/artist/orlando-urdaneta
Super Combo Los Tropicales,https://rateyourmusic.com/artist/super-combo-los-tropicales
Willy Quintero,https://rateyourmusic.com/artist/willy-quintero
Claudia Prieto,https://rateyourmusic.com/artist/claudia-prieto
Raúl Vale,https://rateyourmusic.com/artist/raul-vale
Los Imperial's,https://rateyourmusic.com/artist/los-imperials
Leo Díaz,https://rateyourmusic.com/artist/leo-diaz
Clan Coral,https://rateyourmusic.com/artist/clan-coral
Conjunto Santa Anita,https://rateyourmusic.com/artist/conjunto-santa-anita
Juan Diego Villalobos,https://rateyourmusic.com/artist/juan-diego-villalobos
Óscar Borjas,https://rateyourmusic.com/artist/oscar-borjas
Ronald Borjas,https://rateyourmusic.com/artist/ronald-borjas
Miguel Farías,https://rateyourmusic.com/artist/miguel-farias
Yonys Flores,https://rateyourmusic.com/artist/yonys-flores
Nerio Franco,https://rateyourmusic.com/artist/nerio-franco
Ender Fuenmayor,https://rateyourmusic.com/artist/ender-fuenmayor
Eudomar Peralta,https://rateyourmusic.com/artist/eudomar-peralta
Luis Rincón,https://rateyourmusic.com/artist/luis-rincon
Ricardo Hernández,https://rateyourmusic.com/artist/ricardo-hernandez
Michael Labarca,https://rateyourmusic.com/artist/michael-labarca
Los Master's,https://rateyourmusic.com/artist/los-masters
Molero,https://rateyourmusic.com/artist/molero
Neblinna,https://rateyourmusic.com/artist/neblinna
Patricia Ortega,https://rateyourmusic.com/artist/patricia-ortega
Felipe Peláez,https://rateyourmusic.com/artist/felipe-pelaez
Carlos Caridad Montero,https://rateyourmusic.com/artist/carlos-caridad-montero
Valentina Alvarado Matos,https://rateyourmusic.com/artist/valentina-alvarado-matos
Benito Gonzalez,https://rateyourmusic.com/artist/benito-gonzalez
Xabier Elorriaga,https://rateyourmusic.com/artist/xabier_elorriaga
Conjunto Blanco y Negro,https://rateyourmusic.com/artist/conjunto-blanco-y-negro
Amilcar Boscan,https://rateyourmusic.com/artist/amilcar-boscan
Linda Sjöquist,https://rateyourmusic.com/artist/linda-sjoquist
Omar Enrique,https://rateyourmusic.com/artist/omar-enrique
Caibo,https://rateyourmusic.com/artist/caibo
Los Casinos,https://rateyourmusic.com/artist/los-casinos
Los Blanco,https://rateyourmusic.com/artist/los-blanco
SanLuis,https://rateyourmusic.com/artist/sanluis
Gaiteros de Pillopo,https://rateyourmusic.com/artist/gaiteros-de-pillopo
El Club de Amigos Los Mejores del Amor,https://rateyourmusic.com/artist/el-club-de-amigos-los-mejores-del-amor
Tazajo Tamboo,https://rateyourmusic.com/artist/tazajo_tamboo
Demarchi,https://rateyourmusic.com/artist/demarchi
Technicolor,https://rateyourmusic.com/artist/technicolor-1
Carlos Trewher,https://rateyourmusic.com/artist/carlos-trewher
Alexis Moreno,https://rateyourmusic.com/artist/alexis-moreno
Clark Ross,https://rateyourmusic.com/artist/clark_ross
Nelson Henriquez,https://rateyourmusic.com/artist/nelson-henriquez
emnl,https://rateyourmusic.com/artist/emnl
The Slow Glow,https://rateyourmusic.com/artist/the-slow-glow
Cardenales del Éxito,https://rateyourmusic.com/artist/cardenales-del-exito
Leo Díaz,https://rateyourmusic.com/artist/leo-diaz-1
Symbiotic Faith,https://rateyourmusic.com/artist/symbiotic_faith
Marco Echeverria,https://rateyourmusic.com/artist/marco-echeverria
Annybell,https://rateyourmusic.com/artist/annybell
Bacanos,https://rateyourmusic.com/artist/bacanos
Wight Garden,https://rateyourmusic.com/artist/wight-garden
VHG,https://rateyourmusic.com/artist/vhg
Enio La Formula,https://rateyourmusic.com/artist/enio-la-formula
Montesanto,https://rateyourmusic.com/artist/montesanto
María Concepción Gutiérrez Lobo,https://rateyourmusic.com/artist/maria-concepcion-gutierrez-lobo
Ernesto Montiel,https://rateyourmusic.com/artist/ernesto-montiel-1
Mary'O,https://rateyourmusic.com/artist/maryo-2
Rincón Morales,https://rateyourmusic.com/artist/rincon-morales
Omar Acedo,https://rateyourmusic.com/artist/omar-acedo
Alan Anderson,https://rateyourmusic.com/artist/alan-anderson
Kyrie Seiko,https://rateyourmusic.com/artist/kyrie-seiko
Grupo Carangano,https://rateyourmusic.com/artist/grupo-carangano
Mónica Rodríguez,https://rateyourmusic.com/artist/monica-rodriguez
Date X Muerto,https://rateyourmusic.com/artist/date-x-muerto
Beet Acosta,https://rateyourmusic.com/artist/beet-acosta
Karmen Koe,https://rateyourmusic.com/artist/karmen-koe
Digital Decay,https://rateyourmusic.com/artist/digital_decay
Conjunto Saladillo,https://rateyourmusic.com/artist/conjunto-saladillo
Caceres,https://rateyourmusic.com/artist/caceres-1
Ender Carruyo,https://rateyourmusic.com/artist/ender-carruyo
Carlos Huertas,https://rateyourmusic.com/artist/carlos-huertas
Nebula Karbenogg,https://rateyourmusic.com/artist/nebula_karbenogg
니콜 [Nicole],https://rateyourmusic.com/artist/니콜-1
Abel Zamudio,https://rateyourmusic.com/artist/abel-zamudio
Nenadeagua,https://rateyourmusic.com/artist/nenadeagua
Meruva,https://rateyourmusic.com/artist/meruva
Afrochill,https://rateyourmusic.com/artist/afrochill
Bucle Lunar,https://rateyourmusic.com/artist/bucle-lunar
Insok,https://rateyourmusic.com/artist/insok
Merida Swing Boys ‎,https://rateyourmusic.com/artist/merida-swing-boys
Andrew Divoff,https://rateyourmusic.com/artist/andrew_divoff
Juancho Rois,https://rateyourmusic.com/artist/juancho-rois
Joss,https://rateyourmusic.com/artist/joss-4
Enrique Hidalgo,https://rateyourmusic.com/artist/enrique-hidalgo
Saunter,https://rateyourmusic.com/artist/saunter-1
Holy Hands,https://rateyourmusic.com/artist/holy-hands-1
Lyfer,https://rateyourmusic.com/artist/lyfer
Coral Falcón,https://rateyourmusic.com/artist/coral-falcon
Aún no Hija,https://rateyourmusic.com/artist/aun-no-hija
Astrid Celeste,https://rateyourmusic.com/artist/astrid-celeste
Juan Carlos Salazar,https://rateyourmusic.com/artist/juan-carlos-salazar
Pat Wictor,https://rateyourmusic.com/artist/pat-wictor
Manuel Rocca,https://rateyourmusic.com/artist/manuel-rocca
Vodini,https://rateyourmusic.com/artist/vodini
Claire Pereira,https://rateyourmusic.com/artist/claire-pereira
Audiospray,https://rateyourmusic.com/artist/audiospray
Japanese Scarf,https://rateyourmusic.com/artist/japanese-scarf
Osmer Hernández,https://rateyourmusic.com/artist/osmer-hernandez
Ártico,https://rateyourmusic.com/artist/artico
Bernard Lutic,https://rateyourmusic.com/artist/bernard_lutic
Rafael Montaño,https://rateyourmusic.com/artist/rafael-montano
Perucho Torcat,https://rateyourmusic.com/artist/perucho_torcat
Chuchú Bermudas,https://rateyourmusic.com/artist/chuchu-bermudas
Espartaco Santoni,https://rateyourmusic.com/artist/espartaco_santoni
Raquel González,https://rateyourmusic.com/artist/raquel-gonzalez-1
Grecia Limperani,https://rateyourmusic.com/artist/grecia-limperani
Jorge Guerrero,https://rateyourmusic.com/artist/jorge-guerrero
José Archila,https://rateyourmusic.com/artist/jose-archila
Edward Simon,https://rateyourmusic.com/artist/edward_simon
swan durh,https://rateyourmusic.com/artist/swan-durh
Jambene,https://rateyourmusic.com/artist/jambene
Kháli Issis,https://rateyourmusic.com/artist/khali-issis
Zen P,https://rateyourmusic.com/artist/zen-p
cloudy,https://rateyourmusic.com/artist/cloudy-2
UNDYING TRUTH,https://rateyourmusic.com/artist/undying-truth
José Montecano,https://rateyourmusic.com/artist/jose-montecano
Patricia Zavala,https://rateyourmusic.com/artist/patricia-zavala
Kandido,https://rateyourmusic.com/artist/kandido
Harry Zimmerman,https://rateyourmusic.com/artist/harry-zimmerman
Martin Dowser,https://rateyourmusic.com/artist/martin_dowser
Guillermo Marchena,https://rateyourmusic.com/artist/guillermo-marchena
Boy Dap,https://rateyourmusic.com/artist/boy-dap
Sherman de Jesus,https://rateyourmusic.com/artist/sherman-de-jesus
Oswin Chin Behilia,https://rateyourmusic.com/artist/oswin_chin_behilia
Theu Boermans,https://rateyourmusic.com/artist/theu-boermans
Peter Prommel,https://rateyourmusic.com/artist/peter-prommel
Apotheose,https://rateyourmusic.com/artist/apotheose
Jandino Asporaat,https://rateyourmusic.com/artist/jandino_asporaat
MC Pester,https://rateyourmusic.com/artist/mc-pester
ORI,https://rateyourmusic.com/artist/ori-4
Robby Müller,https://rateyourmusic.com/artist/robby-muller
Morto Kacho,https://rateyourmusic.com/artist/morto_kacho
Martin Verdonk,https://rateyourmusic.com/artist/martin_verdonk
Franky Douglas,https://rateyourmusic.com/artist/franky-douglas
Julien Coco,https://rateyourmusic.com/artist/julien-coco
Tony Sherman,https://rateyourmusic.com/artist/tony-sherman
Andy Callister,https://rateyourmusic.com/artist/andy-callister
Urban Menace,https://rateyourmusic.com/artist/urban-menace
Pearl Ash,https://rateyourmusic.com/artist/pearl-ash
Charles Maduro,https://rateyourmusic.com/artist/charles-maduro
Serenada,https://rateyourmusic.com/artist/serenada
Shirma Rouse,https://rateyourmusic.com/artist/shirma_rouse
Pappa Bear,https://rateyourmusic.com/artist/pappa_bear
Mildred Douglas,https://rateyourmusic.com/artist/mildred_douglas
Tania Kross,https://rateyourmusic.com/artist/tania_kross
Robert-Jonathan Koeyers,https://rateyourmusic.com/artist/robert-jonathan-koeyers
Rudy Plaate,https://rateyourmusic.com/artist/rudy-plaate
Danny Yanga,https://rateyourmusic.com/artist/danny-yanga
Edgar Palm,https://rateyourmusic.com/artist/edgar-palm
Selwyn de Wind,https://rateyourmusic.com/artist/selwyn-de-wind
Randy Winterdal,https://rateyourmusic.com/artist/randy_winterdal
Bboy Puff,https://rateyourmusic.com/artist/bboy-puff
Gideon Luciana,https://rateyourmusic.com/artist/gideon-luciana
Dickery Dock,https://rateyourmusic.com/artist/dickery-dock
"Orquesta ""Concordia""",https://rateyourmusic.com/artist/orquesta_concordia
Lou Prince,https://rateyourmusic.com/artist/lou_prince
Kinderen van de Zesde Klas van het Jeanne d'Arc-College,https://rateyourmusic.com/artist/kinderen-van-de-zesde-klas-van-het-jeanne-darc-college
Noraly Beyer,https://rateyourmusic.com/artist/noraly-beyer
The Singing Teachers,https://rateyourmusic.com/artist/the-singing-teachers
Julian B. Coco,https://rateyourmusic.com/artist/julian_b__coco
Wim Statius Muller,https://rateyourmusic.com/artist/wim_statius_muller
Jacobo Palm,https://rateyourmusic.com/artist/jacobo-palm
Sam Vloemans,https://rateyourmusic.com/artist/sam-vloemans
Christiana Bohorquez,https://rateyourmusic.com/artist/christiana-bohorquez
Jasmine Sendar,https://rateyourmusic.com/artist/jasmine-sendar
Luti Samson,https://rateyourmusic.com/artist/luti-samson
Dibo D,https://rateyourmusic.com/artist/dibo-d
Ophélia,https://rateyourmusic.com/artist/ophelia-7
De Aruba Zusjes,https://rateyourmusic.com/artist/de-aruba-zusjes
Lucas Eli,https://rateyourmusic.com/artist/lucas-eli
Kris Berry,https://rateyourmusic.com/artist/kris-berry
Jaike Belfor,https://rateyourmusic.com/artist/jaike-belfor
Bobby Farrell,https://rateyourmusic.com/artist/bobby-farrell
Roger Peterson,https://rateyourmusic.com/artist/roger-peterson
René van Nie,https://rateyourmusic.com/artist/rene-van-nie
Jeon,https://rateyourmusic.com/artist/jeon
Christiaan Hulsebos,https://rateyourmusic.com/artist/christiaan-hulsebos
The Isle Project,https://rateyourmusic.com/artist/the_isle_project
Julio Wilson,https://rateyourmusic.com/artist/julio_wilson
Simone Angel,https://rateyourmusic.com/artist/simone-angel
Sola,https://rateyourmusic.com/artist/sola
Esmeralda,https://rateyourmusic.com/artist/esmeralda-3
Dave Benton,https://rateyourmusic.com/artist/dave_benton
Zuri Nativa,https://rateyourmusic.com/artist/zuri-nativa
Susan Cagle,https://rateyourmusic.com/artist/susan-cagle
Merle Collins,https://rateyourmusic.com/artist/merle-collins
Chrisje Comvalius,https://rateyourmusic.com/artist/chrisje-comvalius
D'Maduro,https://rateyourmusic.com/artist/dmaduro
Lesley Vos,https://rateyourmusic.com/artist/lesley-vos
Los Aventureros,https://rateyourmusic.com/artist/los-aventureros
Ishanna,https://rateyourmusic.com/artist/ishanna
Juan Serrano,https://rateyourmusic.com/artist/juan-serrano
John W. Moore,https://rateyourmusic.com/artist/john-w-moore
Fred Jüssi,https://rateyourmusic.com/artist/fred_jussi
La Costa,https://rateyourmusic.com/artist/la-costa
Dhaddy Brokke,https://rateyourmusic.com/artist/dhaddy-brokke
Blue Haze,https://rateyourmusic.com/artist/blue_haze_f1
Paul Connor,https://rateyourmusic.com/artist/paul-connor
The Rabbit Hole Project,https://rateyourmusic.com/artist/the-rabbit-hole-project
Euson,https://rateyourmusic.com/artist/euson
Emily Bolton,https://rateyourmusic.com/artist/emily_bolton
Pete Philly,https://rateyourmusic.com/artist/pete_philly
Leslie Vaughn,https://rateyourmusic.com/artist/leslie_vaughn
Alacrán,https://rateyourmusic.com/artist/alacran_f2
Nando,https://rateyourmusic.com/artist/nando
Reg Isidore,https://rateyourmusic.com/artist/reg-isidore
Smiley,https://rateyourmusic.com/artist/smiley_f2
Los Juveniles,https://rateyourmusic.com/artist/los_juveniles
Rufo Wever,https://rateyourmusic.com/artist/rufo_wever
D-Rock,https://rateyourmusic.com/artist/d_rock
Roykey Wydh,https://rateyourmusic.com/artist/roykey-wydh
Padú del Caribe,https://rateyourmusic.com/artist/padu-del-caribe
Susan Justice,https://rateyourmusic.com/artist/susan-justice
Greg Hobson,https://rateyourmusic.com/artist/greg-hobson
Spooky,https://rateyourmusic.com/artist/spooky_f4
This Will Be No More,https://rateyourmusic.com/artist/this-will-be-no-more
Spartacus R,https://rateyourmusic.com/artist/spartacus_r
Marva Hodge,https://rateyourmusic.com/artist/marva-hodge
Fellow,https://rateyourmusic.com/artist/fellow_f1
Shamira Raphaëla,https://rateyourmusic.com/artist/shamira-raphaela
Karen Paulina Biswell,https://rateyourmusic.com/artist/karen-paulina-biswell
I Saw the Deep,https://rateyourmusic.com/artist/i_saw_the_deep
The Revoir,https://rateyourmusic.com/artist/the-revoir
Kevin Schuit,https://rateyourmusic.com/artist/kevin-schuit
Wally Warning,https://rateyourmusic.com/artist/wally-warning
Ronny Grant,https://rateyourmusic.com/artist/ronny-grant
Lloyd and the Joys,https://rateyourmusic.com/artist/lloyd-and-the-joys
Amy Sorinio,https://rateyourmusic.com/artist/amy-sorinio
Michiel de Jong,https://rateyourmusic.com/artist/michiel-de-jong
Marlon Titre,https://rateyourmusic.com/artist/marlon-titre
Willy Latino,https://rateyourmusic.com/artist/willy_latino
Aggression,https://rateyourmusic.com/artist/aggression-4
Etty Toppenberg,https://rateyourmusic.com/artist/etty-toppenberg
Yilmer Vivas,https://rateyourmusic.com/artist/yilmer-vivas
Marrom Fernández,https://rateyourmusic.com/artist/marrom-fernandez
Freddy Pereira,https://rateyourmusic.com/artist/freddy-pereira
Grupo V,https://rateyourmusic.com/artist/grupo-v
Aneeka,https://rateyourmusic.com/artist/aneeka
Édgar Ramírez,https://rateyourmusic.com/artist/edgar_ramirez
Joudy,https://rateyourmusic.com/artist/joudy
Orestes Gómez,https://rateyourmusic.com/artist/orestes-gomez
CORINGTA,https://rateyourmusic.com/artist/coringta
Venezuela Strings Recording Ensemble,https://rateyourmusic.com/artist/venezuela-strings-recording-ensemble
Jose Aquilino Sanchez,https://rateyourmusic.com/artist/jose-aquilino-sanchez
García Gomez,https://rateyourmusic.com/artist/garcia-gomez
Carzé,https://rateyourmusic.com/artist/carze
Reynaldo Armas,https://rateyourmusic.com/artist/reynaldo-armas
Mighty Composer,https://rateyourmusic.com/artist/mighty-composer
Daisy Voisin,https://rateyourmusic.com/artist/daisy-voisin
Lord Brynner,https://rateyourmusic.com/artist/lord_brynner
Mighty Duke,https://rateyourmusic.com/artist/mighty_duke
Sandra Browne,https://rateyourmusic.com/artist/sandra-browne-1
Naya George,https://rateyourmusic.com/artist/naya-george
Fay-Ann Lyons,https://rateyourmusic.com/artist/fay_ann_lyons
Earl Rodney,https://rateyourmusic.com/artist/earl_rodney
Superblue,https://rateyourmusic.com/artist/superblue
Blue Boy,https://rateyourmusic.com/artist/blue_boy
Blaxx,https://rateyourmusic.com/artist/blaxx-1
Iwer George,https://rateyourmusic.com/artist/iwer-george
The Tiger,https://rateyourmusic.com/artist/the-tiger
"Clive ""Zanda"" Alexander",https://rateyourmusic.com/artist/clive-zanda-alexander
Siparia Deltones,https://rateyourmusic.com/artist/siparia-deltones
Vilma Ali,https://rateyourmusic.com/artist/vilma-ali
Les Charles,https://rateyourmusic.com/artist/les_charles
Scorched Earth,https://rateyourmusic.com/artist/scorched-earth-6
Billy Ocean,https://rateyourmusic.com/artist/billy-ocean
Drupatee Ramgoonai,https://rateyourmusic.com/artist/drupatee-ramgoonai
Sundar Popo,https://rateyourmusic.com/artist/sundar-popo
Ramdeo Seelochan,https://rateyourmusic.com/artist/ramdeo-seelochan
Lord Shorty,https://rateyourmusic.com/artist/lord-shorty
L A T,https://rateyourmusic.com/artist/l-a-t
Milky Bros,https://rateyourmusic.com/artist/milky-bros
HXIST,https://rateyourmusic.com/artist/hxist
Manuel Alvarado,https://rateyourmusic.com/artist/manuel-alvarado
Rómulo Caicedo,https://rateyourmusic.com/artist/romulo-caicedo
Three Corners,https://rateyourmusic.com/artist/three-corners
Sikozis,https://rateyourmusic.com/artist/sikozis
Zzeta,https://rateyourmusic.com/artist/zzeta
J.P.M.R,https://rateyourmusic.com/artist/j_p_m_r
Matter,https://rateyourmusic.com/artist/matter-5
high drizzy,https://rateyourmusic.com/artist/high-drizzy
Elkin Díaz,https://rateyourmusic.com/artist/elkin_diaz
Yahaira,https://rateyourmusic.com/artist/yahaira
Ignis Haereticum,https://rateyourmusic.com/artist/ignis_haereticum
Bastard Cruciatu,https://rateyourmusic.com/artist/bastard-cruciatu
Carlos Duplat,https://rateyourmusic.com/artist/carlos-duplat
Fiallo,https://rateyourmusic.com/artist/fiallo
Cristal Aparicio,https://rateyourmusic.com/artist/cristal-aparicio
Spell,https://rateyourmusic.com/artist/spell-1
Uzur,https://rateyourmusic.com/artist/uzur
Lord Thanatos,https://rateyourmusic.com/artist/lord-thanatos
Oriol Rangel,https://rateyourmusic.com/artist/oriol-rangel
FIRE,https://rateyourmusic.com/artist/fire-7
Faster,https://rateyourmusic.com/artist/faster-2
Curse,https://rateyourmusic.com/artist/curse-9
Martha Liliana Ruiz,https://rateyourmusic.com/artist/martha-liliana-ruiz
Jessi Uribe,https://rateyourmusic.com/artist/jessi-uribe
Jaison Neutra,https://rateyourmusic.com/artist/jaison-neutra
Juan Pablo Cediel,https://rateyourmusic.com/artist/juan-pablo-cediel
Witchkings of Angmar,https://rateyourmusic.com/artist/witchkings-of-angmar
Ancestral Warchants,https://rateyourmusic.com/artist/ancestral-warchants
Inaeternum,https://rateyourmusic.com/artist/inaeternum
Jim Pluk,https://rateyourmusic.com/artist/jim-pluk
Jessie24,https://rateyourmusic.com/artist/jessie24
Lucía Orozco,https://rateyourmusic.com/artist/lucia-orozco
Dark Manthra,https://rateyourmusic.com/artist/dark-manthra
Santo Tuqueque,https://rateyourmusic.com/artist/santo-tuqueque
Blas Emilio Atehortúa,https://rateyourmusic.com/artist/blas-emilio-atehortua
ADS,https://rateyourmusic.com/artist/ads-1
Alberto Gómez Peña,https://rateyourmusic.com/artist/alberto-gomez-pena
Cabuya,https://rateyourmusic.com/artist/cabuya
Villa,https://rateyourmusic.com/artist/villa-6
Diego Barrios,https://rateyourmusic.com/artist/diego-barrios
Segunda mano,https://rateyourmusic.com/artist/segunda-mano
Francamente Ya No Sé,https://rateyourmusic.com/artist/francamente-ya-no-se
Carrizal,https://rateyourmusic.com/artist/carrizal
Fatiniza,https://rateyourmusic.com/artist/fatiniza
Auschwitz,https://rateyourmusic.com/artist/auschwitz-4
Bonestorm,https://rateyourmusic.com/artist/bonestorm-1
Rotten Spirit,https://rateyourmusic.com/artist/rotten-spirit
I.M.R.I.,https://rateyourmusic.com/artist/i_m_r_i
Kathreptis,https://rateyourmusic.com/artist/kathreptis
Los Embajadores Vallenatos,https://rateyourmusic.com/artist/los-embajadores-vallenatos
Hex Crow,https://rateyourmusic.com/artist/hex-crow
Hatred,https://rateyourmusic.com/artist/hatred-2
Cataleptic,https://rateyourmusic.com/artist/cataleptic-1
Nuctemeron,https://rateyourmusic.com/artist/nuctemeron-1
Las Avispas Africanas,https://rateyourmusic.com/artist/las-avispas-africanas
Diego Caicedo,https://rateyourmusic.com/artist/diego-caicedo
Ainur,https://rateyourmusic.com/artist/ainur_f1
Catalina Denis,https://rateyourmusic.com/artist/catalina_denis
Kull Trigger,https://rateyourmusic.com/artist/kull-trigger
Laura Román,https://rateyourmusic.com/artist/laura-roman
Lyda Zamora,https://rateyourmusic.com/artist/lyda_zamora
Perpetual,https://rateyourmusic.com/artist/perpetual_f1
Sinner Serpent,https://rateyourmusic.com/artist/sinner_serpent
Ztranger,https://rateyourmusic.com/artist/ztranger
Virgin Killer,https://rateyourmusic.com/artist/virgin_killer_f2
Sergio Cote Barco,https://rateyourmusic.com/artist/sergio-cote-barco
Supercuates,https://rateyourmusic.com/artist/supercuates
Kroniker,https://rateyourmusic.com/artist/kroniker-1
La Manigua,https://rateyourmusic.com/artist/la_manigua_f1
José Gálvez,https://rateyourmusic.com/artist/jose-galvez
Bañista Lunar,https://rateyourmusic.com/artist/banista-lunar
Möthiis Dominiüm,https://rateyourmusic.com/artist/mothiis-dominium
Lilo de la Vega,https://rateyourmusic.com/artist/lilo-de-la-vega
CRRDR,https://rateyourmusic.com/artist/crrdr
Santa Trinidad Rap,https://rateyourmusic.com/artist/santa-trinidad-rap
Aida Cortes,https://rateyourmusic.com/artist/aida-cortes
Borroza,https://rateyourmusic.com/artist/borroza
Oscar Acevedo,https://rateyourmusic.com/artist/oscar_acevedo
Jairo Camargo,https://rateyourmusic.com/artist/jairo_camargo
César Badillo,https://rateyourmusic.com/artist/cesar_badillo
Elsa y Elmar,https://rateyourmusic.com/artist/elsa_y_elmar
Edson Velandia,https://rateyourmusic.com/artist/edson_velandia
Lunalé,https://rateyourmusic.com/artist/lunale
Eden,https://rateyourmusic.com/artist/eden-19
Caos,https://rateyourmusic.com/artist/caos-7
María Cristina Plata,https://rateyourmusic.com/artist/maria-cristina-plata
Andrés Torres,https://rateyourmusic.com/artist/andres-torres-3
Hola Amiga ¿Cómo Estás?,https://rateyourmusic.com/artist/hola-amiga-como-estas
Asteriom,https://rateyourmusic.com/artist/asteriom
Alfonso Guerrero,https://rateyourmusic.com/artist/alfonso-guerrero
Sierra811,https://rateyourmusic.com/artist/sierra811
Menos Días Soleados,https://rateyourmusic.com/artist/menos-dias-soleados
Pablus Gallinazo,https://rateyourmusic.com/artist/pablus-gallinazo
Velandia y la Tigra,https://rateyourmusic.com/artist/velandia-y-la-tigra
Adriana Lizcano,https://rateyourmusic.com/artist/adriana-lizcano
Supremacia Satanica,https://rateyourmusic.com/artist/supremacia_satanica
Last Tyrant,https://rateyourmusic.com/artist/last_tyrant
Old Betrayer,https://rateyourmusic.com/artist/old_betrayer
Rebelión,https://rateyourmusic.com/artist/rebelion
Nostos,https://rateyourmusic.com/artist/nostos-2
Leddy Manzano,https://rateyourmusic.com/artist/leddy-manzano
Yolanda Pérez Manzano,https://rateyourmusic.com/artist/yolanda-perez-manzano
Rubén Darío Salcedo,https://rateyourmusic.com/artist/ruben-dario-salcedo
Lafér,https://rateyourmusic.com/artist/lafer
Ciro Guerra,https://rateyourmusic.com/artist/ciro_guerra
Teto Ocampo,https://rateyourmusic.com/artist/teto-ocampo
Ciro Durán,https://rateyourmusic.com/artist/ciro-duran
María Mulata,https://rateyourmusic.com/artist/maria_mulata_f1
Chimó Psicodélico,https://rateyourmusic.com/artist/chimo-psicodelico
Juan Farfán,https://rateyourmusic.com/artist/juan-farfan
Aries Vigoth,https://rateyourmusic.com/artist/aries_vigoth
Benjamin Fox Casey,https://rateyourmusic.com/artist/benjamin-fox-casey
Söuthkhänd,https://rateyourmusic.com/artist/southkhand
Marcelo Beroy,https://rateyourmusic.com/artist/marcelo-beroy
Luis Díaz,https://rateyourmusic.com/artist/luis-diaz-2
Leandro Díaz,https://rateyourmusic.com/artist/leandro-diaz
