152162	Estancia / Danzas del Ballet: IV. Danza final (Malambo) (Live)
152166	Symphony No. 5 in C Minor, Op. 67: I. Allegro con brio
152167	Symphony No. 5 in C Minor, Op. 67: II. Andante con moto
152168	Symphony No. 5 in C Minor, Op. 67: III. Allegro
152169	Symphony No. 5 in C Minor, Op. 67: IV. Allegro
152170	Symphony No. 7 in A Major, Op. 92: I. Poco sostenuto - Vivace
152171	Symphony No. 7 in A Major, Op. 92: II. Allegretto
152172	Symphony No. 7 in A Major, Op. 92: III. Presto - Assai meno presto
152173	Symphony No. 7 in A Major, Op. 92: IV. Allegro con brio
152850	Le nozze di Figaro, K. 492 / Act 2: Voi che sapete
152851	L'Amant anonyme / Act 1: Son amour, sa constance extrême
152852	La clemenza di Tito, K. 621 / Act 2: Deh per questo istante solo
152853	Le feste d'Apollo / Orfeo: Che farò senza Euridice?
136860	Canto Popular de la Vida y Muerte (Dinamita Auditiva Reprise)
