54889	Riete De Todo / Despacio Se Va Lejos
54890	Juguete / Donde
54891	Al Fin y Al Cabo Que / Si Tu Me Dejas
54893	La Burrita / Guarachando
73183	Lo Que Más Me Gusta / Son Del Carnaval
73185	Falda Larga / Cuando Yo Diga
73186	Espera / El Son Se Fue De Cuba
73187	Los Cadetes / Yo Quiero Un Cadete
73188	Cuando Yo Te Queria / Necesito Una Mujer
65268	Tutankamen / El Solito
65269	El Carburo / La Perra
65270	Los Merecures / El Gavilán
65271	El Nº 2 / Quitapesares
65272	5º Pasaje / Pasaje Nº 8
65273	El Seis / Los Claveles
77287	Araguita / Pata e' Jarro
77288	La Despedida / 4º Pasaje
77289	El Macan / Pasaje Nº 8
77290	Los Caujaritos / Los Valecitos
77291	Los Caracoles / El Nº 1
77292	El Nuevo Callao / Mis Cantares
72030	Gaita Onomatopéyica / La Cabra Mocha
72033	La Guachafita / Fiesta En Elorza
72034	La Grey Zuliana / Sentir Zuliano
72037	Maracaibera / Pregones Zulianos
72038	Presagio / María Antonia
72039	Aguinaldo Criollo / Pesebre Motilón
72043	Poco a Poco / Así Eres Tú
72045	Gualberteando: Cristal / La Carta / La Distancia
72046	Media Luna Andina / Mujer Merideña / Cuando Me Quieras
72047	Fiesta Decembrina / Venite Pa Maracaibo
72049	Inquietud / Chinita De Maracaibo
72051	5 Pa Las 12 / El Año Viejo / Cantares De Navidad
71549	No Sé Tú / Esperaré
71550	A Puro Dolor / Imagínate Sin Mí
71551	Contigo En La Distancia / El Reloj
71552	Se Nos Rompió El Amor / Era Mi Vida El
71553	Para Tu Amor / La Cartera
71554	Costumbres / Amor Eterno
71555	La Incodicional / Amarte Es Un Placer
71556	Aquellas Pequeñas Cosas / Penélope
71557	Invierno Porteño / Volver
71558	Si La Vez / Iluminada y Eterna
71559	Insensatez / Usted Abusó
71560	Anda y Ve / Yo Quería
142150	Ella (En Vivo)
150485	Recuerdos / Llámame (En Vivo 2025)
150480	Ponte Pila / Anhelo (En Vivo 2025)
150481	Se Acabó El Amor (En Vivo 2025)
150482	Persona Ideal (En Vivo 2025)
150483	Me Negó / Trágico / Arrepentida (En Vivo 2025)
150484	Virgen (En Vivo 2025)
150486	Latino (En Vivo 2025)
150487	Aquel Lugar (En Vivo 2025)
142097	Tritsch-Tratsch (En Vivo)
142098	Las Caraqueñas (En Vivo)
142099	De Vuelta a Tu Corazón (En Vivo)
142100	Regálame Tu Amor (En Vivo)
142101	Si Mis Paredes Hablaran (En Vivo)
142102	Aguas de Cristal (En Vivo)
142103	Si Usted la Viera (En Vivo)
142104	Lágrimas No Más (En Vivo)
142105	Sentimiento Nacional (En Vivo)
142106	Me Vas Llevando (En Vivo)
142107	Mambo (En Vivo)
142139	Eres Mas (En Vivo)
142140	Pa Ti (En Vivo)
142141	Lo Eres Todo (En Vivo)
142142	Quiero Decirte (En Vivo)
142143	Siempre Juntos (En Vivo)
142144	Todo Quedo, Quedo (En Vivo)
142145	Regalame Tu Amor (En Vivo)
142146	Si Usted la Viera (En Vivo)
142147	Como Sera (En Vivo)
142148	Como Es Tan Bella (En Vivo)
142149	Me Vas Llevando (En Vivo)
142151	Ya No Eres Tu (En Vivo)
142152	Confusion (En Vivo)
142153	Medley: Noche Sensacional / El Billetero / Pastelero / Cepillao / Un Cigarrito y un Café / Me Gustan las Caraquenas / La Radio (En Vivo)
142154	Sentimiento Nacional (En Vivo)
142185	Aguas de Cristal (Sinfónico)
142186	De Vuelta a Tu Corazón (Sinfónico)
142187	Si Usted la Viera (Sinfónico)
142188	Las Caraqueñas (Sinfónico)
142189	Regálame Tu Amor (Sinfónico)
142190	Si Mis Paredes Hablaran (Sinfónico)
142191	Lágrimas No Más (Sinfónico)
151555	el anuario (interludio)
151556	Rabia (live desde el baño)
151557	Freno (live desde el taller)
151558	Niñas de Instagram (live desde la sala)
151559	Los Mejores Años (live desde londres)
151560	Blanco y Negro (live desde la casa en construcción)
151561	el diploma (outro)
137742	Mención Honorífica (En Vivo)
137743	Epigrama (Deep Cover) (En Vivo)
137744	Fe de Errata (En Vivo)
137745	No Llores (En Vivo)
137746	Flawless (En Vivo)
137747	Culto (En Vivo)
137748	Wise Guys (En Vivo)
137749	Zü~Ríal (En Vivo)
137750	Escupe (En Vivo)
137751	Fresco & Sucio (Desperados Version) (En Vivo)
137752	光 Luz (En Vivo)
137753	Valórate / Despierta (En Vivo)
138147	Intro (Live at Cercle Odyssey)
138148	Nada Malo (Live at Cercle Odyssey)
138149	Tucacas / Vengase I (Live at Cercle Odyssey)
138150	La Tormenta (Live at Cercle Odyssey)
138151	911 (Live at Cercle Odyssey)
138152	Parece (Live at Cercle Odyssey)
138153	Caney (Live at Cercle Odyssey)
138154	Miel (Live at Cercle Odyssey)
138155	Feriado (Live at Cercle Odyssey)
138156	Bebé (Live at Cercle Odyssey)
138157	Hora Loca (Live at Cercle Odyssey)
138158	Binikini (Live at Cercle Odyssey)
138159	High (Live at Cercle Odyssey)
138160	Colchones, Tambores, Refrigeradores (Live at Cercle Odyssey)
138161	Funky Fiesta (Live at Cercle Odyssey)
138162	Besos Ricos (Live at Cercle Odyssey)
137676	Miami S&M (En Vivo)
138163	Game Over (Live at Cercle Odyssey)
138164	Veneka (Live at Cercle Odyssey)
138165	Dame Un Break (Live at Cercle Odyssey)
138675	Obstinado (Live Requiem Version)
138676	Dónde Estás (Live Requiem Version)
138677	Maya (Live Requiem Version)
138678	Muriendo por Ti (Live Requiem Version)
138679	Cuchillo (Live Requiem Version)
138680	Elefantes Marinos (Live Requiem Version)
138681	El Sol y la Luna (Live Requiem Version)
138682	La Razón de Estar Aquí (Live Requiem Version)
138683	Tan Cerca de Ti (Live Requiem Version)
138684	Amaranto (Live Requiem Version)
138685	Como un Fantasma (Live Requiem Version)
138686	Amo las Estrellas (Live Requiem Version)
138687	Ahora Estoy Sin Ti (Live Requiem Version)
138688	Separacion (Live Requiem Version)
138689	Amor de Hierro (Live Requiem Version)
138690	Pantaletas Negras (Live Requiem Version)
138691	Uñas Asesinas (Live Requiem Version)
138692	Entrada de Bala (Live Requiem Version)
137666	Radio Capital (En Vivo)
137667	Calle Barcelona (En Vivo)
137668	Hornos De Cal (En Vivo)
137669	Manos Arriba (En Vivo)
137670	El Zar (En Vivo)
137671	Você (En Vivo)
137672	Cementerio Del Este (En Vivo)
137673	Cortes y Mausoleos (En Vivo)
137674	Cementerio Del Sur (En Vivo)
137675	La Piel Del Mal (En Vivo)
137677	El Paraíso Perdido (En Vivo)
137678	Último Round (En Vivo)
137679	Nicaragua (En Vivo)
137680	El Mito Del Progreso (En Vivo)
137681	La Vida Mejor (En Vivo)
137682	Niña Bonita (En Vivo)
138022	Antes de Dormir (Extended) (feat. Betsayda Machado)
138023	Antes de Dormir (Instrumental)
138024	No se me Olvidó (Acústica) (feat. Alvaro Paiva-Bimbo)
