7622	Anamuc - Plagio
5677	Veneno
1752	Dime
1918	Anestesiado
6091	José Culebra
2424	Obstinado
3142	90's All Stars - A La Hora Justa
10680	Antidoto - La Reencarnación
10705	Strake - The Call Of Skin
10711	Metano - Templo Del Metal
10752	Lanthanum - Hombre Oscuro
10764	Lovespell - No Necesito Mas
10770	Morte Spiritual - Sacrificio
10780	Oxor - Oxor
10786	Transgresor - Literalis Non Romantis
10818	Boogieman's Curda - Bullet Bound
10701	Migraña - Políticos Malditos
10721	Noxious - Hellucination
10758	Sactrum - Mechanized
10771	Lucifugo - Ángel Del Mal
10777	Prack!! - Sepultado Vivo
10739	Permanece - Filth Element (Demo)
10762	Sangreal - Aves De Acero (Demo)
10802	Personal Yisus - Antidepresivo X (Demo)
10813	Orcas - Juan Maldito (Demo)
10827	Cerberus Radical - Niños De Las Calles (Demo)
10836	Tabú - Quizás (Demo)
4705	El Brujo
11087	Hater - Vivir En El Sol
4790	Amor
11127	Brutal Nativo - Hazlo Caer
11185	Toque D' Queda - Este Mundo
11191	Túnel Del Tiempo - Túnel Del Tiempo
11213	Karkava - La Quinta Dimensión
14436	Remembrance - Souless
14441	Moshpit - Future Genocide
14060	Felipe Randolfi - Extended delirium
18850	Mosaico "Escalofrío" Sinfónico
19132	Nosotros
19143	Cosas Que Pasan
19141	Yo Paso Por Los Años
19146	Solo Yo Se
19140	Caretas
19021	Acción, Reacción, Represión
19128	La De Los Indeseados
19133	Borrachos y Bolingas
19129	Porque?
5540	Calle Luna Calle Sol
3127	¿En Dónde Está Lo Bello?
5510	Help-X
5527	Luna Verde
5533	Mini Uzi
41195	Sin grilletes - Mundo Irracional
41196	Los Chaborroz punk - Capitalista explotador
41197	Koleto Rock - Auto Destruccion
41198	Los Dead - Fuerza Obrera
41199	PPD - Por Siempre Punks
41201	Contra Marcha - Ciclon
41202	A Raiz de Nuevas Causas - Descontrol
41203	Carajitos Grandes - Mentiras
41204	PANKemao - No Kreo
41205	Gurupera - Un dia Verde
41206	Los Mirians - Bajo el sol
41207	Los Dead - Descontrol
41208	Los Chaborroz Punk - Yo No Quiero Tocar
41209	Koleto - Siempre Igual
41210	PANKemao - Quien eres Fascista Maldito
41211	PPD - Siempre Fieles a Nuestro Ruido
5449	Mirándonos
5446	Lo Bueno
32584	Jala Jala (Roberto Roena)
55952	Let Me Love You Tonight / No Te Importe Saber
33565	'O Sole Mio
154488	Guarapo E' Papelón
149686	Ay Compa 'E
140734	Shockansorber (remix by OVe-NaXx)
140916	X-tended Reality
140724	Chivo que se devuel ve se esnuca Hardcore 1999-1997
149023	MEZCLA #2: Pastor Divino / En El Medio del Cielo / El Toro E'Candela / La Garza / El Pajarito / Cambur Pinton
152847	Rusalka, Op. 114, B. 203, Act I: Song to the Moon
