1	Los Kings
2	Fusión IV
3	Pablo Manavello
4	Henry Stephen
5	Pedro Castillo
6	Melissa
7	Ballroom Orchestra
8	OSV
9	Sangre
10	Permanence
11	Ravenous Feast
12	Fening
13	Kharma
14	La Abuela Disco
15	Funebria
16	Nocturnal Hollow
17	Selbst
18	Civilis
19	Corpse Profanation
20	Demise
21	Derian
22	Gamalyel
23	Necrosis
25	Torre de Marfil
26	Executers
27	Feel The Blade
28	Möbius Tyranny
29	This Is Irlanda
30	10MC
31	1ra Edición
32	20/20
33	A'mbar
34	APIX
35	ATTE
36	Aditus
37	Agresión
38	Alban Arthuan
39	Alfombra Roja
40	Almendra
41	Americania
42	Ananta
43	Andreazulado
44	Antena Mantis
45	Arbiza
46	Arkangel
47	Atkinson
48	Babylon Motorhome
49	Bacalao Men
50	Bala Perdida
51	Billy Se Fue
52	Buenaparte
53	C4 Trío
54	Cabezón Key
55	Candy66
56	Cangrejo
57	Canserbero
58	Caramelos De Cianuro
59	Cebollas Ardientes
60	Cero A La Izquierda
61	Charliepapa
62	Chucknorris
63	Chulius & The Filarmónicos
64	Chupi Lumpi
65	Cinema Sun
66	Circo Urbano
67	Claroscuro
68	Claudio Corsi
69	Colina
70	Culto Oculto
71	Cunaguaro Soul
72	DJ Afro
73	De Reyes
74	Decibel
75	Del Pez
76	Dermis Tatú
77	Desiderata
78	Desorden Público
79	DespuésDeVieja
80	Dioslepague
81	Dischord
82	Distrust
83	Dogon
84	Don Khumalo
85	E-óN
86	Edgar Jiménez
87	El Clan Spiteri
88	El Quinto Combo
89	El Rastro
90	El Supremo Hongo Imaginario
91	Elektra
92	EntreNos
93	Estructura
94	Faceless
95	Famasloop
96	Fernando Yvosky
97	Fibonacci
98	Fordelucs
99	Franco De Vita
100	Fuego Montevideo
101	Garnica
102	Gasolina
103	Gaêlica
105	Grand Bite
106	Grillos Mientras Tanto
107	Grupo Pan
108	Gustavo Dal Farra
109	Hana Kobayashi
110	Headweiler
111	Henrique Lazo
112	Horacero
113	Hydra
114	Icaro
115	Iguanas De Trapo
116	Ilan Chester
117	Jacktürbo
118	Joudy Ju
119	Joystick
120	Juan Carlos Torrealba
121	Julia
122	Julliet
123	KP9000
124	KRé
125	King Changó
126	Kodigo De Bar
127	La Banana Voladora
128	La Calle
129	La Corte
130	La Cándida Virgen
131	La Hermandad
132	La Leche
133	La Mar
134	La Misma Gente
135	La Mosca Punk
136	La Muy Bestia Pop
137	La Nave
138	La Puta Eléctrica
139	La Vida Bohème
140	LaMueka
141	Laberinto
142	Ladies W.C.
143	Lapamariposa
144	Las Cuatro Monedas
145	Le Merm
146	Le Picó
147	Lebronch
148	Levítico
149	Lil Supa'
150	Liqüet
151	Los Alteregos
152	Los Amigos Invisibles
153	Los Astrolabios
154	Los Beat3
155	Los Buitres
156	Los Crema Paraíso
157	Los Gusanos
158	Los Impala
159	Los Mesoneros
160	Los Oceánicos
161	Los Últimos Indocumentados
162	Luz Verde
163	Majarete Sound Machine
164	Malanga
165	Mantra
166	Marilanne
167	Maskhera
168	Masseratti 2lts
169	Mata Rica
170	Material Tóxico
171	Maurimix
172	Meganeura Monji
173	Mermelada Bunch
174	Metrozubdivision
175	Mochuelo
176	Movida Acústica Urbana
177	Mulato
178	Más Quejas
179	Nana Cadavieco
180	Ninah Mars
181	Niuno Niotro
182	OdraReg
183	Ohmio
184	Ojo Fatuo
185	Okills
186	Oscar Fanega
187	PAN
188	PP's
188	PP'S
189	Pablo Dagnino
190	Pacifica
191	Palmeras Kanibales
192	PapaShanty Saund System
193	Patafunk
194	Pedro Manuel Bolívar
195	Petrula
196	Pharmacy
197	Pixel
198	Planeador
199	Poster
200	Puck
201	Punto De Partida
202	Pzoom
203	RC2
204	Radio Clip
205	Radio Tigre Internacional
206	Rawayana
207	Reciclaje
208	Recipe Morado
209	Repe
210	Resistencia
211	Reyes
212	Ricochet
213	Rigel Michelena
214	Rodrigo Solo
215	SMAG
216	Salpachino
217	Samsara
218	Seguridad Nacional
219	Sentencia
220	Sentimiento Muerto
221	Serenata Guayanesa
222	Sietecuero
223	Sin Comentarios
224	Sincrónica
225	Skin
226	Slam Ballet
227	Sofía Insomnia
228	Solares
229	Spias
230	Spiteri
231	Submarino
232	Subsonus
233	Superglicerina
234	Sur Carabela
235	Susan
236	SyncroDynamic
237	Sónica
238	TLX
239	Tarot
240	Team Malín
241	Telegrama
242	Tha Chewbacca Project
243	The Asbestos
244	The Last April
245	The Love Depression
246	The Six
247	Tisuby & Georgina
248	Todosantos
249	Tomates Fritos
250	Trance Nuance
251	Tremolo Violenta
252	Tribop
253	Tribu Ultravioleta
254	Témpano
255	Ultrachic*
255	Ultrachic
256	Vagos y Maleantes
257	Various Artists
258	Vinicio Adames
259	Viniloversus
260	Vox
261	Vytas Brenner
262	Wahala
263	Willie Croes
264	Yordano
265	Yátu
266	Zapato 3
267	iX
268	Éxodo
269	Azucar Cacao Leche
270	Dimension Latina
273	Frank Quintero & Los Balzehaguados
274	Miguel Oldeberg
190	Pacífica
25	Torre De Marfíl
197	Los Pixel
204	Radioclip
212	Ricochet CCS
180	Ninah Mars & The Stickfaces
275	Circo Vulkano
277	Los Mentas
278	Los Paranoias
279	Soleà
280	Damper
281	Lo Blanco Del Ojo
281	Lo Blanco del Ojo
282	Virtual Lakai
283	Isa TKM
284	No Habrá Futuro
285	Psh Psh
286	Tulio Chuecos
287	Los Chevynovas
288	Pablo Gill
289	Azúcar, Cacao & Leche
293	Frank Quintero & Los Balzehaguaos
294	Mango Funk
295	Miguel Oldenburg
270	Dimensión Latina
296	Roraima
299	Embriogenesis
297	Nycaloteph
301	Doña Maldad
300	Predator
298	Wrathful
302	Elefreak
303	Triciclo
304	Human
305	Rompecara
306	Trauma
307	Psicosis
308	Among Disaster
309	Veldraveth
310	Maquina Animal
311	Remember The Legacy
312	Prozak
313	Haier
314	Beyond of Desolation
315	Neo Noir
316	Spindolla
317	D.H.D
318	Panthematic
319	Human Error
320	Anfitrite
321	Morzgul
322	Landsemk
323	Klimax
324	Tronos
325	Gastonia
326	Evhay
327	Armadura
337	Morbidsign
341	Virulent Deformed
344	Chaos Avatar
349	Boston Rex
354	Mar de Rabia
364	ID Hardcore
369	Krueger
390	Los Callejeros
395	Apocalypse
400	Metalepsia
406	Echoes
410	Goat Drinks
412	Kav
426	Motorfunk
431	Scythe
436	Morbid Defecation
448	Alma
449	Abdias
451	Elica
455	Tras Las Fauces
457	Mojo Pojo
463	Contrataque
465	Calvarium
471	Myzis
476	Hails
480	Intriga
486	Alfredo Herrera
492	Tukuca Zakayama
495	Tanqueta 77
500	Osteoporosis Aguda
502	Homicide
506	Sequia Negra
522	Mettanoia
526	Ignición 7
531	Bajo Cero
534	Los Humanoides
547	Alto Pana
552	Flanders
555	Celacanto
564	Orion
569	Tierra de Sombras
575	Edencry
582	Artex
595	A Day To Drink
600	Kiakra
601	Shelter Nefarie
328	Zombies No
333	Sulgogar
340	Blasphemovs War
345	Pulsobito
348	Igni Dare
355	Room Of The Mad Robots
359	Blood Prophecy
363	Manodura
368	The Greasers
373	Magnocore
376	Necronomisurf
379	Alexis Peña
382	Navegante
386	Raza Sur
392	Crucifixion
396	Rompiendo Muros
401	Zeus
407	Mertcurich
408	IslaSorda
411	Venezuela Porno Metal
414	Celtika
417	Amhortex
422	P3D1TVM
437	Scourgery
452	De La Nostalgie
460	Abstracademy
467	Salomón
473	Lienzo.M
478	Masturbation with the Bible
478	Masturbation With The Bible
482	Sifting
488	Silmarillion
489	UNCO
489	Unco
499	SOËDADE
505	Bad Portent
511	Jihad
517	Muerte Tóxica
523	Acidemia
528	Bueninvento
539	Portal X
542	IRH4
551	El Viaje de los Antiguos
556	Desierto Porno
563	Odio
568	Take Control
329	SulleN
330	Nomad Theory
331	Ghriéving
332	Kolman
335	Natastor
336	Terra Nullius
338	Cultura Tres
339	Leben Und Drama
346	Brutal Nativo
347	Niño Nuclear
350	Metallica
351	Sentencia/Xtremauncion
352	Vallium 100kg
353	Falcore
356	Haz
357	Trallador
358	Atancha
360	Human Carcass Crop Circle
361	Bajo Tierra
362	Schizophrenic Torture
366	PI XPRNC
367	Venezuela Dark Side
370	Fractal
371	Necropsia
372	Overground
374	Epitafio
375	Hiperión
377	Kuartzo
378	KO2
380	Eztado kritiko
381	The Art of Jor
383	La Puerk
384	Almagor
385	Agonal Breathing
387	Tendencia Extrema
388	Farenheit
389	Sarcom
391	K.F.D.
393	P.G.B.
394	Torkhe
397	Hasterium
398	Backhand
399	Marco Ciargo
402	Bolívar
403	Maracaibo
419	Argovia
428	Fuga
432	Menstrualithy
438	El Hijo de Sam
447	Aurea
459	Zeta
462	Logia Drakos
468	Malevolencia
472	Devastación
475	Aversio Humanitatis
479	Syriak
481	Sistema Diez
496	Colera Morbus
508	SS
516	Criptyca
521	Cayayo Troconis
521	Cayayo
524	Gladys Cordero
538	Aethernam
541	Ancelot
550	Buffalo Mad
570	Nederheim
573	Drakmord
577	Ashwave
580	Viceral
583	Marcial Meléndez
586	Nabarao
589	Drahcko
591	Enemigo
596	Living Dead
603	Khristenn Corpse
611	Sacrilegio
615	Biowarfare
618	Mean Machine
623	Bajo Zero
623	BajoZero
635	Emptiness
644	Fethuruz
652	Eutanasia Brutal
657	Extrema Unción
663	Lymphosarcoma
670	Grinder Skulls
676	Cover Vinilo
680	Diarrea Puku
685	S.P.G.
690	Trivu
404	Atlantica
409	Enfasis
413	Technical Work
415	Raw Oath
420	Macondo Children
423	Not For Memories
427	Deflesh The Abducted
435	Toxic Hoffman
441	Pellejo
444	Los Calvos
450	NADA
450	Nada
466	Languidez
485	Guerra Santa
490	DellaFe
498	Kryogenic
510	Makondo 2.0
513	Grow
519	Inhate
519	In Hate
529	Nekro Cvlt Desecration
533	Kingpin
540	Abismales
549	Optofobia
566	AdxivA
572	No More Jekyll
576	Arpía
587	Misera Venus
590	Nemesis
594	Leviathan
598	Basilisk
602	Impery
610	Metempsicosis
617	Maphalda
622	LAM
625	Collapsing System
632	Disaster Prophet
637	Exorcion
647	Conspiracy Of The Unseen
653	4 Signos
655	Dread Nation
660	High Risk Stragedy
668	Subliminal Code
405	Morbus
416	Meid
421	Blood Insane
425	Kemakuerda
429	Sentencia Acida
433	Miss Cabaret
439	Crímenes Cada Segundo
442	Defragment
445	Sibelíus
456	Fahrenheit
458	Agente Extraño
461	Boogieman's Curda
464	Brutal Destripation
469	Luar
470	Vecchini
474	Presos Por Detenidos
477	Sick Feel
484	Alice in Hell
491	Criterios
497	Morghduet
501	Oscura Realidad
504	Eternal Sorrow
507	Fray
512	Palabras Extrañas
515	Core
518	Across The Ruins
527	Overhate
544	Relleno Sanitario
548	Necronacia
554	NewtralSide
559	Los Volta
567	Jekyl Hydes
571	Incendiario
578	Adenophilia
579	Belzabet
585	Moira
588	Rudras
592	Tree Of Life
597	Los Telecaster
605	Hellbents Rise
607	Haboryn
621	Bajo Tsunami
627	Cuarto Magno
633	Living Decomposition
638	Extrema Realidad
649	Bleeding Tears
658	Asphixia
424	Diatriba
430	Krabat
434	Coral
440	Divinity Of Desolation
443	Synthness
446	A Raíz de Nuevas Causas
446	A Raiz De Nuevas Causas
454	Arrecho
483	Afropunk
487	Blush Magenta
493	Messiah In The Abyss
503	Massacre In The West
509	N.O.D.S.
514	Eliaquim
520	Infestus
525	Escudo
535	Zumo
537	La Séptima Bruja
543	Prognosis
545	Skoria
553	Puah
565	Marcelo Toutin
565	Marcelo Toutín
574	@patia No
613	Blackfemia
619	Arsenal
624	Alto Voltaje
630	Blackout
641	Hostil
646	Canuto’s Blues Band
651	Abraxas
656	Necroprogenie
661	Exordium Profanum
666	Masiva Energy
672	Cthonica
677	Crematorio
682	KOKO
688	Tierra del Dragón
691	Sonidos Foráneos
699	Chorizo con Papa
705	Exodie
707	Iván's Blitzkrieg
581	Adh Seidh
584	Dose
593	Mitodea
599	Leaves
604	Immunity Machine
608	Hier
612	Nocturnal
616	Southaven
636	En Carne Muerta
643	Trueno
648	Death Mortor
665	Los Tal Y Que Se Yo
671	Lester Nava
678	Dreams of Tears
681	Desesperanza
687	Fedon
693	Juan Manuel Ponce
696	Eighth Sin
704	Irillion
710	Geisha
716	Alianza Sagrada
722	Inkisitorium
729	Vehemencia
733	Ktharsys
737	Sepultura
743	Abortos Anales
747	Noctis Imperium
754	Erebus
759	Korpus Inc.
759	Korpus.Inc
765	Inferno
769	Metastasis
776	Deformicario
781	Sacro
784	Sea of Nectar
789	Silence of Tranquility
794	Metzeli
800	Luz en las Tinieblas 777
804	Gorepriest
814	Necrofago
820	Aravan
832	Demonical Rites
837	Deus Irae
840	Lake of Tears
56	Cangrejo (Abraham García)
1308	Víctimas de la Democracia
61	CharliePapa
606	Gutiroth
609	Godless
614	Convicción HxC
620	Raped Dolls
629	Hodah
634	Diphteria
640	Evogath
645	Laverno
650	Arcuri Overthrow
659	Ira de Dios
662	Exordium
667	Kriminal Dead
673	Astraria
683	Ysis Vivas
694	Ciudad Ojeda es Rock
700	Cronos
712	Ivanovich Mendoza
719	Etnica
724	Anopsia
728	Centurión
734	ThrasherHell
739	Crocell
745	Dissonath
755	Grotesque Deformity
760	Pantokrator
768	Nuclear Devastation
772	Forget the fallen
779	Serpent Christ
790	Mashiaj
797	Ritual
802	Arana
806	Blackholepit
810	Novarmada
817	La Cienaga
822	Intestinal Infection
827	Electrocirkus
841	Necromano
1287	Nemesis
1288	Agonia
1289	Necrosis
1292	Ora Pro Nobis
1297	Basilisk
1298	Osteoporosis Aguda
1299	Aborigen
824	Odo'Sha - Hekula...
664	Blindeyes
669	Vorarephilia
675	Zutura
679	El Techo de la Ballena
684	Chernobyl
689	Soundchaser
695	DeepZep
701	Degollado
706	Amocabel
711	Alta Frecuencia
717	Aesthesis
726	Cuarta Dimensión
730	Nox Desperatio
740	Sectasys
750	Occisas
753	Herejía
758	Incruento
762	Up the Terror
766	Broken Void
770	Santo Greal
785	Galaroth
792	Stratuz
807	Korpus
811	Bloody Semen
825	Index Of Wickedness
831	Desfigurated Human For Cannibalism
590	NEMESIS
839	Zatrarath
843	Lord of the Thunder
1310	Holocausto
1031	Taxídermia
1389	Nk Profeta and Underc Family
1393	Twamb
1399	Ashtar Sheran
1404	La Banda de Casablanca
1407	Deusnomia
1408	Surnova
1412	ByPass
1414	El Arca
1415	Vhortex-9
1419	Melao
1421	Mancebia
1422	Paraban
1425	Mala Copa
1426	El Cuarto del Blues
1428	Desde 1985
1429	Pan (1970)
674	Cabimas La Cuna Del Rock
674	Cabimas La Cuna del Rock
686	Southern Tempest
692	Eterna Oscuridad
697	Insomnia
702	Equilibrio Vital
709	A Falta Omen
715	Agata
720	Aborigen
725	Abismo
735	Félix Martin
741	Inhuman Conspiracy
746	Kroll
749	Oldskull
756	Decayed Corpulence
761	Enkdenados
771	Arma Letal
775	Porta Infernum
778	Between Aliens & Humans
782	Hatred Spawn
787	Extraña Defunción
793	Stratuz/Noxious
798	Demolicion
801	Sociedad Purpura
805	Carnagoth
812	Esfinge de Gizeh
818	Brutal Mutilation
823	Anatomiae Occultii
829	Pornecrorgasminfectanaleprosis Vajipenencefalitis
834	Atiko
838	Divus Kirius
471	MYZIS
257	Extreme Gore Fest 9
257	Coro Subterráneo
257	Miercoles Insolitos
257	Miercoles Insólitos
257	Dance Venezuela Vol I
463	CONTRATAQUE
693	JUAN MANUEL PONCE
218	SEGURIDAD NACIONAL
1314	PMB Pedro Manuel Bolívar
232	Subsonus (2005 & 2011)
1317	A-kordes
1321	Disco Duro
1330	Ak47
79	Despues de Vieja
698	Lepster
703	Akabatrapos
708	Makara
713	Alma Fósil
718	A.R.O.
723	Arastral
732	Deus Ex Machina
738	Hekla
744	Frente De Ira
752	Slow Death
763	Collateral Detriment
767	Goat Serpent
773	Thou Shall Fall
777	Kveldulv
780	C.a.q.ll.e.d
786	Spellforest
791	Dargothar
796	Gore Asylum
799	Sëoj
803	FG Felipe González
808	Omegua
813	Altered Saints
815	Trastorno
819	Black Venezuela
824	Odo'Sha
828	Denied
833	Disarmed Universe
842	A Day Before Death
1302	DIESEL
1305	COSMIC PASS
134	LA MISMA GENTE
61	Charliepapa –
336	TerraNullius
1318	Vel France
1327	Worship This Murder
1331	Sonó Así
1334	La Mala Piedra
1338	Psikopata
1232	Dulce O Truco
1348	Pablo Torres
1351	Para Llevar
1357	Tabako
1363	Hidem
1366	Old Times Revenge
1369	Upon My Soul
1115	Og Project
714	Carlos75.com
721	Allegro Andantino
727	Visai
731	Burial Ruthless
736	Ora Pro Nobis
742	Carnage
748	Agonia
751	Difuntos
757	Tinieblas
774	Verminous
788	Gota
795	Zardonic
809	Noctambulath
816	Ebola
821	Eternal Whisper
826	Land of The Living Bitches
830	Evola
835	Triangular Ascension
845	Infernal Moon
846	Brutal Assault
847	Human Annihilation
848	Lessthanot
849	Stunningstorm
850	Has The Worst Taste
851	Dandelion
853	Templo de Chivos
854	Sagoth
855	XVIIVX
856	Rotten Burial
858	Unwanted Existence
859	Rhadamanthyz
860	Bloodwork
861	Forgotten Moon
860	Blood Work
862	Curva Sur
863	Cenizas Del Ayer
864	Secta Canibal
865	Revolucion
866	Colission
867	Dead’s Day
868	Michael Zapata
869	Imperium
870	Sol Nocturno
1763	Banda: Misantropia
871	Aggression Of Death
879	Vorgrow
885	Gravelord
898	Enlighten Our Nature - EON
901	Akuhena Yavari
908	Pastel de Gente
913	Tephros
919	Blackstone
928	B.E.T.O.E
947	La Constelación Se Apagó
950	IxPxCxCxOxCxDxAxBxCxMxAxBxFxOxHx
954	Avathar
959	The Castle Sulfur
962	Alchera
977	Dxnny Glxver
992	Destruye Pony´s
992	Destruye Pony's
1009	4to Reich
1015	Santa Macoña
1019	Ulises Hadjis
1022	Simón Díaz Remixes
1022	Simón Díaz
1026	Merlot
1029	Max y Los Fagocitos Blancos
1034	Bacos
1040	Aeroplano
1044	La Maquina Azul
1050	Hotdrinkers
1050	Hotdrinkers!
1058	Eslabon Sur
1069	Danza Mecánica
1076	Suramerican
1085	Doctor No y el Sr Chacal
1089	Via de Escape
1089	Vía de Escape
1096	Captan obvio
1096	Captan, obvio
1107	Samantha Dagnino
1107	Samatha Dagnino
1112	Carmina
1117	Pig Farm on the Moon
872	Infected
877	Enigma
883	Marvelous Green
889	Subconsciente?
896	Cronica
902	KurareX
905	Guarapa Core
909	Stalingrado
914	Rebellion
917	Brew Army
926	Übercafé
931	Behated Reign
933	Coprophagist Satisfaction
938	PhotoPhobos
941	Dilemma
944	Daidalos
949	Revolver
953	Azif
966	Epifanor
974	Soberbia
980	Amantium
986	Van Halen
989	100 Stabwounds
996	Superheterodino
1001	Paro Cívico
1004	Venezea
1008	Los Residuos
1016	El Caminante
1021	Roñettes
1037	Keedosh
1039	Automatik
1045	Agugutata
1048	Sur
1052	Holy Pigs
1057	Zion
1061	NPI
1067	The Go Go Punkers
1073	Klan-Foot
1078	VMF
1118	PáramoSoundSystem
1127	Subdepresivo
1951	Paul Gillman
1569	15 Weeks - To Obliteration
873	Walking Like Ants
881	Animadversion
887	Halteria
897	Walking Over Strings
910	StormThrash
921	Aphelium
925	La Fiesta Animal
930	Wellcome To Never
932	Kraptor
937	Lithopedion
943	Praise No One
948	Desmoterion
958	Kindertoyz
965	Ad Intra
969	THE
982	Regardless
988	Indigestable Suppuration
993	La Rotunda
999	Maraña
1003	Enorme Roca Navaja
1007	DeKhalafarys
1007	De Khalafary's
1017	Tequila and Caroline
1024	Ninah Mars and The Stickfaces
1027	Letelier
1030	Big Landin Orquesta
1035	7dice
1049	Toberias
1055	Woma Maru
1060	Nalgas Independientes
1071	Jahbafana
1080	Furia de Buzo Ciego
1083	Autopista Sur
1092	Crisis Politica
1100	Soma Raza
1105	Rousbel
1109	Guillermo Carrasco
1113	Piso 23
1134	Rojo Satura
245	Love Depression
874	Chaima
878	Mr.Hodgkin
886	Rotten Vomit
891	Vrantia
900	NeverDead
904	Mugre
911	El Globo Oscuro
916	Días de Septiembre
924	Evil Reborn
927	Dlapiel
935	Goat on Sale
939	Dreamclouds
945	In Nomen
955	Animas Negras
960	Baphometh
964	Desolated Souls
968	Kama-Meru
973	Vitriol
978	Seres
983	MxDxH (Muestras de Heces)
990	Wolfang
997	Zufánico
1006	Black Hole Nine
1012	Op3rador
1018	Los Riff
1031	Taxidermia
1042	Triad
1051	Yago
1056	Perro Muerto
1068	La Sonóra Ponzoña
1072	Grapa Azul
1072	La Grapa Azul
1079	Apatía No
1079	Apatía No / Sin Dios
1093	Dame pa Matala
1097	Andriuw
1104	Ankla
1111	Bélica
1115	OG Project
1132	Negus Nagast
1143	Mattels
1150	SocialKlash
1155	Doppler
1160	Piolet
875	Okkvlt
880	Imitheos
884	Surverial
890	Triangular Ascension/Abiotha
893	Amanecer Gris
895	Theurgia
903	Structural Vortex
906	Hecatombe
912	Octavio Suñe
920	Asmodeo
923	D'Montana
934	Brooken
940	Exsecror
946	Davianda
952	Pedobear
956	Catástrofe
963	Abaddon
972	Leitmotiv
976	Deus Ex Machine
981	Our Astronomy
985	Twisted Ending
991	My Own Creation
995	Kaos Litio
1011	Flandrz
1014	Judy Buendía y Los Impostores
1014	Judy Buendia y Los Impostores
1023	Verona
1032	Neuma
1038	Trifulka
1041	Legado
1046	Septimo Oxigeno
1046	Séptimo Oxigeno
1053	La Radio Candela
1059	Combate
1074	Los Memphis
1077	Natural Dracs
1082	Facundo Project
1091	Apariencia Crítica
1102	Electrometro
1108	TurboEstereo
1119	Los Avispones
1124	Mermelada Maker
1131	Trabuco Contrapunto
876	Bajo Ritual
882	Thunderhell
888	Interdimensional Hypernova
892	Anxurth
894	Biophobia
899	Amordazados
907	Melancólicos Anónimos
922	Vetres
929	Blasphemy
936	Element of Decadence
942	Demedina's
951	Nota Profana
957	Lunar Dementia
961	Obscura Insania
967	Lignum Crucis
971	Sexto Sonar
975	N.W.D.
979	Hate From Hell
984	Obsidiah
987	Violent Wave
994	Machine Animata
1002	Ultra IB
1005	Illusive Mind
1010	7 Balazos
1013	Llave de Fuego
1020	Rastamaika
1020	Rastmaika
1025	Lado B
1033	God's New Version
1043	Vertigo
1047	Tercer Cuarto
1054	Ana Abandonada
1062	Nou Vin Lakay
1070	Trifixion
1081	Insulina
1084	Carlos1975
1094	Parke Inactivo
1099	Naxxo
1106	El Enano de la Catedral
1110	EA
1116	Panasuyo
1122	Guarapo 69
1126	Crashers
1130	Zeta Once
1135	B6doce
1145	Capitán Melao
1152	Ira
1157	Perroroboto
1164	Animas
1164	Ánimas
1178	Bloon
1184	Epoca de Recluta
1191	Cachicamoconcaspa
1202	Páymaco
1218	Ernie
1231	La Fé
1240	Ritual Sagrado
1245	Sala de Leb
1251	Distorsión
130	La Candida Virgen
140	La Mueka
58	Caramelos de Cianuro
126	Kodigo de Bar
257	5to Festival Nuevas Bandas
257	Decimo Festival Nuevas Bandas
1301	ULTRAZONIDO
46	ARKANGEL
1307	OFRENDA CON VYTAS BRENNER
25	Torre De Marfil
1315	Cronovisor
408	Isla Sorda
772	Forget The Fallen
150	Liqüet (2004-2006)
231	Submarino (2001)
1319	Mc Klopedia
1322	Gross Evolution
1328	Ska Jazz Messengers
1332	Calle Santiago
1336	Kreils
1339	At Dawn Fall
112	Hora Cero
1346	Los X5
1355	Virgilio Araque
1359	Otros Estratos
1364	Los Automatas Inteligentes
1373	Thickballah
1137	Los Martinis
1142	Numb
1154	AnalitiK
1161	Grubi Man
1169	Tótem
1173	Cubocabeza
1179	Crystal Requiem
1183	Cabaret
1193	Caracas Underground
1199	Laiza
1204	Super Vaca
1210	X-Vicio
1215	Tsunami
1221	Karma Coma
1239	Nametai
1246	El Pacto
51	Billy se fue
227	Sofia Insomnia
138	La Puta Electrica
284	No Habra Futuro
103	Gaelica
1304	MARSHALL
1306	CAÑERIA
76	Dermis Tatu
62	ChuckNorris
156	Los Crema Paraiso
1323	Séptimo Paralelo
117	JackTurbo
1344	Gilberto Finol
1350	Post Data
1353	Tuyero Submarin
1356	Trampas
1361	Jan Pawel
1365	Cable
1374	Three For All
1378	Dagaz
187	Pan
1380	Big Habana
1385	Los Inquilinos
1390	Los Que Rezan
1392	Templo de Nadie
1091	Apariencía Critica
1397	Tensión Cero
1401	Sistema 285
1140	Los Berenice
1144	Baphomet
1149	Mistabal
1158	En el laberinto
1163	Los Dolares
1172	Primera Edición
1174	Juan Peyote
1181	Aerea
1181	Aérea
1196	Fuhrend
1219	Sin Sospechas
1229	Los Javelin
1238	Onechot
1253	Faldas Largas
254	Tempano
150	Liquet
148	Levitico
187	P.A.N.
160	Los Oceanicos
123	Kp9000
54	Cabezon Key
257	La Bronka Petrolera
1341	Josefina Benedetti
257	Borrachos y Bolingas
257	Borrachos y Bolingas Vol. II
1303	PROARESIS
297	NYCALOTEPH
210	RESISTENCIA
1316	Holy Sexy Bastard
1320	Indigo
1325	D Chalinos
1329	The Luchos
182	OdrareG
1347	Partenón
1352	Rock I
1362	Aguamala Reggae Band
188	Pp's
1371	Sane Toxic
1376	Los Automaticos
1383	KDF
1386	Yellow Ipe
1395	Effect
1141	Saliv4
1151	Nictofobia
1159	Deskarriados
1166	El Gran Torino
1168	Onice
1187	Colectivo Proyectil
1195	Perversuus Su
1201	Ruidosa
1216	La Caja Organica Antiritmo
1217	Bloodwake
1222	Los Henry Zakka
1230	Silfo
1236	Skamorphosis
1242	9mm
1250	Nuuro
211	REYES
139	La Vida Bohéme
139	La Vida Boheme
202	P-zoom
78	Desorden Publico
192	Papashanty Saundsystem
193	Patafunk Dubdelic
257	El Subte Venezolano
257	Fabricado Acá
93	ESTRUCTURA
461	BOOGIEMAN´S CURDA
79	Después De Vieja
125	King Chango
1324	Tulipanes y Dragones
1326	Deymos
1333	The Cachivaches
1337	Ínfimo Paralelo
28	Mobius Tyranny
867	Dead's Day
1367	Sonda a Barnard
1370	Hyon
1375	Zephyrus
1381	Captain Obvio
1382	Séptima Raza
1117	Pig Farm on The Moon
1148	Soulmachine
1156	Devaluados
1162	Paluegoestarde
1170	La Pipa Freak
1186	Efecto Paralelo
1194	Sinsaye de Venezuela
1206	Grabaciones Olvidadas
1212	La Banda de la Banana Voladora
1225	Channel
1235	Sabotaje
1247	Skatz
55	Candy 66
238	Tlx
117	Jackturbo
224	Sincronica
237	Sonica
191	Palmeras Kaníbales
250	Trancenuance
178	Mas Quejas
115	Iguanas de Trapo
285	Psh-Psh
1335	Trebel
416	M.E.I.D
1342	Ficción
1345	Semeruco
1349	San Etílico
1354	Forever Farewell
1358	Zeverla
1368	Mind The Gap
1372	Immolated Souls
1377	Penumbra
1384	Pablo Mendoza
1387	Alexis Rossell
1391	Who Killed Kennedy
1398	La Partida Secreta
975	N.W.D
1403	Stereografía
1406	Climax
1411	Utam
1413	Pachi Jiménez
1417	Gladys
1165	No Rew
1171	Mr. Swing and The Bongo Clan
1171	Mr. Swing & The Bongo Clan
1177	Master Gurú
1189	Voodoo Dolls
1192	Farándula Popular
1198	Kuámasi
1203	V Sides Project
1220	Sevenfeet
1223	Factor Mental
1226	Embas
1232	Dulce o Truco
1237	Skabiosis
1243	Cerouno
1254	Hagane
79	Después de Vieja
79	Despuesdevieja
25	Torre de Marfíl
212	Ricochet Ccs
188	Pp´s
72	Dj Afro
229	Spías
257	Chillout Venezuela
1309	Oktavo Pasajero
1210	X-vicio
1379	Overlook Suite
1388	Dal Segno
1396	John Guarena
1400	Juliet
1402	North95
1405	Anarcolepsia
1122	Guarapo69
1409	JC Road
1410	Bituaya
1416	Los Elfos
1418	Abejas
279	Soleá
1420	Selector Cocoman
1423	ShittingFire
1424	Todas Las Abuelas Son Feas
1427	Psycho Squad
1430	Rebelion Andina
1431	Dying For Redemption
1432	Lakrosos Malamañosos
1433	Zero Positivo
1441	Proyecto Brujo
1446	Alvarez
1451	Alfajor Del Dolor
1456	Los Vicios
1465	Dinamo
1468	Scrappers
1473	Primitive
1477	Titi Cundekas'on
43	AndreAzulado
1485	Las Calaveras A Go Go
1491	Squirting
1500	Panacea
1503	The Sounds From RA
1509	Antares
1212	La Banda de La Banana Voladora
1516	The Hangover
1522	Grupo C
1527	Host
1530	Ahankar
1541	Caseroloops
1547	Rulos de Shirley Temple
1550	Holy Sexy Bastards
1553	100 Grados
1571	Furia de Buzo
1576	Porn-O-Joint
1580	Paralelo
1584	Los Ido
1589	La Abuela Arkadia
1593	Los Claners
1598	Paralais
1154	Analitik
1603	Cacao Express
445	Sibelius
1608	Revólver Suicida
772	Forget the Fallen
1612	Barahúnda
1620	Acero Plastico
1630	Between Tetris and Karma
1633	Call-On
1641	Todos Odiamos Todo
1646	Shangri Suite
63	Chulius and The Filarmónicos
1434	Karavan
1440	Vomito Adeco
1445	Jimmy Flamante
1454	Eucalipto
1460	A.P.L
1469	Tumbador
1474	Los Dangers
1481	La Corriente
1487	Razanima
1493	Aurora Turbo
1499	Cornelio Estación Caribe
923	D Montana
1512	Morrigan Crowley
1514	Fantasma Vagon
1523	Electrotribal
1118	Paramo Sound System
1542	Facundo Projet
1546	Cerberus
787	Extraña Defuncion
1552	Big Mandrake
688	Tierra del Dragon
1556	OK
34	Apix
259	Vinilo Versus
748	Agonía
1245	SaladeLeb
1581	Sur Martire
1587	Resaca
1588	Lobin Ejnay
1591	Los Blonders
1597	Guerrilla Seca
769	Metástasis
1605	Somos Héroes
1033	God`s New Version
1102	Electrómetro
1625	Bulevar
345	Pulsóbito
1636	W.T.Fest
1643	Venezuela A GoGo
1649	Le Folle
1652	Sonostático
1030	La Big Landin Orquesta
1963	The Holidays
1435	Algodón Egipcio
1438	Radio Tigre International
1443	Syma
1450	Esperanto
1453	White Offense
1461	Us - It
1466	Xtridencia
1472	WAG
1475	Carlos Morean
1480	Me vs. Murphy
1483	Ainnes
1490	Evero
1497	Nahu Padilla
1507	Los Polaroid
1513	Omerta
1515	Frank Risquez
835	Triangular Ascensión
1519	Aponwao
1525	...Al cruzar La Calle
1528	Los Ex Presidentes
1533	La Ultima Thule
1535	Trece
1540	La garantia Suspendida
1543	Chuchuguaza Style
1548	Aldy
191	Palmeraskanibales
831	Desfigurated Human for Cannibalism
1554	Fusión
1557	Somniator
1563	Anger In
1566	Pentatoniks
1068	La Sonora Ponzoña
1579	Los Confleis
1586	La Clem De La Clem
1590	The Ministers
1595	Rekeson
1613	Ninguna Divina Proporción
1617	Víctor Cuica
1623	Boulevard
1632	NOID
1638	Sodom’s Child
1647	An3stesia
1654	Abstinencia
1655	Radio Cassette
459	The Zeta
1436	Los Sordos
1439	Los Clippers
1449	The Arrival Babylon Monks
1455	Taremurú
1458	RepublicAnimal
1464	Zul
1467	Jovenes y Sexys
1471	Jesús Parra
1476	Visceral
1486	Incore
1495	Somático
1501	Irión
1504	La Cuestión
1506	Nomeolvides
1508	808
1520	Blandia
1524	Thorvald
1537	11011
527	Over Hate
780	C.A.Q.LL.E.D
753	Herejia
1561	Indie-Go
1564	Ok Fran
1567	Reckless
919	BlackStone
1570	Willbert Álvarez
1573	2Kra
1577	Guarapita
124	Kré
1585	Parásitos Urbanos
1592	Vortex
1599	Survival
1602	Selfish
1604	Sexta Legión
1611	Espiral Jack
1614	LeCaigoaPalo
1618	Trau
1626	Idónea
1628	Carlos Angola
1631	Disentir
1642	Aeternus Sum
509	N.O.D.S
528	Buen Invento
1437	Dolli
1444	Unos Infames
1448	Wismar
1452	Unificación Venezuela
1459	KNUP
1463	Domingo En Llamas
1478	Colorado
1484	Psiquis
1488	Los Noelia
1492	Día Siete
1498	Lasca
1013	Llave De Fuego
1511	Almmus
1518	Komo Zea
1539	A Mozaic of Memories
1544	Chupi Chupi Sucks
1549	BreakDown
174	Metro Zubdivision
1555	Klasse
1558	Bluff
1562	Predator T
1565	Todos los Monstruos
1569	15 Weeks
1575	Deveron
1583	Junior Squad
1594	Fracaso
1600	Darvaset
1606	Jahkogba
1610	Turbo Soul
1615	Zikoticos Armados
1624	Antonio Bello Blues Band
1629	Valencia DKE
62	Chuck Norris
1644	Fatal
131	La hermandad
1073	Klan Foot
1651	Empleado Del Mes
257	Venerock
1053	Radio Candela
257	Compilado Pepsi Music
1442	X.T.A.R
1447	3 Words
1457	Nocturnal Avernus
1470	Venezuela Electrónica
1479	Los 007
1482	Elaine
1489	AssarioN
1494	Paradigma Em
1496	Lasso
1502	Space Brain
1505	The Mind Legalized
268	Exodo
590	Némesis
1517	No Comply
1521	Chaos Descends
1529	Zion TPL
1534	Tratandose De Colina Tributo
1536	Jesús Tomed
1538	The Wave
1545	Kermit
910	Stormthrash
1551	Mr. Shotgun
473	Lienzo M
1559	Coupe
1568	Collapsing Systems
1574	Aetheris
1578	Sitcom
1002	Ultra I.B
1596	El Prieto
1601	Sad
1607	Petróleo Loco
1609	Saem
1616	Clan Colmena
1621	Tributo Aldemaro Romero
1191	Cachicamo con Caspa
1627	Otro Bar
438	El Hijo De Sam
1635	Los Spectors
1637	Estatico Cielo
1640	RxPxH
1648	Coletivo Proyectil
1650	Telecolor
1653	Frontera Sur
1656	Baquedanu's
1657	Garfio
1161	Grubiman
1659	Sononautas
1660	Hinris
1173	Cubo Cabeza
252	tribop
1661	La Gente
1662	Exilio
1663	Convoy
1664	Lumendei
762	Up The Terror
1665	Alex Portillo Band
1308	Victimas de la Democracia
266	Zapato3
1667	Leyla
1668	Mad Town
1669	Desigualdad 1
1670	Galgo
1671	Yani
1673	The Danos
1674	Retrazo Social
1675	Los Barman
1676	Worst Death
1677	Alce
1678	Gypsy Ska Orquesta
1679	Guayana Dub Project
1680	Sir Buffalo
1681	Apache
1682	Divine Of Desolation
1683	Bostas Brain
381	The Art Of Jor
1684	BioShaft
1685	Psinocencia
1686	Alter Ego
1687	The Josés
1688	David Montiel
409	Énfasis
1689	Norgyam
1690	Arkazul
1691	Oath Of Blood
1692	ASD
1693	Araziel
1694	Resistor
1695	Cindy López
1696	Presidente
257	Tributó a La Polla Records
1697	Ecos de La Peste
1704	Retrovértigo
1707	The Sundaes
1714	Umbra Summi Nobis‏
1718	LED
1721	Arena
1726	Mario Stern
1729	Betamax
1732	Tempera Bemol
1735	Adamantio
1740	Dissension
1754	Sonicosubte
1756	Luz Blanca
1158	En El Laberinto
1761	Cronova
146	Le Pico
1771	Venezuela Subterránea
1781	Sudamerica Brutal 2
1785	Simón Remixes
1177	Máster Gurú
1150	Social Klash
824	Odo`Sha
1793	Discarga
257	Venezuela PunkHC Compilation
1698	Bonzay
1702	SonTizon
1710	The Pelaballs
1713	Andrea Pinup y Los Hot Rods
1717	Rhadamantyz
1723	La Nota Ignota
1730	Compay Son
1106	El Enano De La Catedral
1744	FBRK
1750	Anestesia
1760	Dr. No y El Sr. Chacal
1093	Dame pa' matala
310	Máquina Animal
1029	Max y los Fagocitos Blancos
1768	La Liga
192	Papashanty Saund System
1774	Ruidos Bajo Suelo Guaro
1779	Childrens Games
1782	Venezuela Ska
1783	Ska and Punk Venezuela Bands
1220	Seven Feet
265	Yatu
1792	Dondi
865	Revolución
1701	Aeroclub
1705	Jungla Boulevard
1711	De Pushkos
1715	Vargas
1716	A Fatal Omen
1720	Pitmaster
1724	Perfect Asymmetry
761	EnKdenados
1734	Los Dhali
826	Land Of The Living Bitches
1751	Genialo
1049	Toberia's
1762	Viernes Negro
1763	Misantropia
1765	3 Dueños
1769	Bluepow Ocean
1079	Apatia No
1776	Venezuela Sin Fronteras
1777	Dromdead
257	Miércoles Insólitos
1789	Amputacion
1795	BrainX
1699	Sistema X
1703	Radio Activo
1706	Ruidos Violentos Vol.1
1708	Daniela Bascopé
1722	Frank Quintero
1733	Who's Barbara
1739	Bysonar
1741	Las Tripas
1743	Soto Blues Band
1748	Limpiacabezales
556	Desierto porno
942	Demedinas
95	Famas Loop
1780	Abner
1786	Todossantos
1035	7 Dice
1788	Porne crorgasm infect analeprosis Vajipenecefalitis
1791	Vomitando
552	Los Flanders
1700	Papas Underground
1709	No Me Molesten
142	Ladies W.C
1728	Las Perras Malditas
1731	Fate's Pride
1736	Valium
1738	Angel Rada
1745	Los Carraldos
1749	Alteración Genética
1753	UD-Ska
1757	Saliva
1759	Ira Projeckts
1764	Anatomiae Occultiido
1145	Capitan Melao
1770	Tan Frió el Verano
1778	Ñu y los Palitos del Atlantico
1794	El Gran Circo Babilon
257	Rock El Compilado
1712	Golgota
1719	Allanamiento Moral
1725	Reos PLC
1727	Chonto Musik
1737	Ashe
1742	Los Domingues
1747	Sur Solar
1755	Mi Amigo El Lisiado
1226	E.m.b.a.s
1766	Baroni One Time
1767	4to Poder
1775	Los Supersónicos
1784	Tributo Lo Fi
80	Dios Le Pague
1787	Joudy In
1796	Los Nogger's
1472	Wag
1797	Grupo Bota
1798	La Banda de
1799	Koincidencia
1800	Los Sharks
1801	Carlos Baute
1802	Los Perfectos Desconocidos
1804	The Pets
161	Los Ultimos Indocumentados
1805	Mirada Interna
1806	Blonder
1807	Louis Pola
1808	Los Zeppy
1809	Luiser (Luis Ernesto Serrano)
1810	José Antonio Bordell
1811	Luz Marina
1812	Madu's
1813	Unicornio
1814	Maiah
646	Canuto's Blues Band
1815	Mancha Negra
1475	Carlos Moreán
1816	María Conchita Alonso / Ambar
1817	Mariana Vega
1818	Mariano Godoy
1819	Maricruz Quintero
1820	Cadáveres Podridos
1821	Material de Desecho
1822	Matheus 10
1306	Cañeria
1829	Tecupae
1061	nPi
1832	Agni Mogollón
1838	Robert Valerio
1842	Azotea
1843	Abraham Gustin
1855	Delia
1863	Alfredo Romero
33	Ambar
1869	Animal Estelar
1870	Antonio Bello
1873	Asimilation
1875	Avalancha
1135	B6Doce
1882	Bonanza
1887	Caña Loca
1892	Celsitud
1893	César Muñoz
1895	Charly Duur
1902	Colores Invisibles
676	Covervinilo
1911	Daniel Grau
1920	Dúplex
1921	Eddy & Delia
1923	Edgar Alexander
177	Mulato (Pablo González Romero)
1823	Metrópolis
1827	Mussa
1835	Los Discotecos
1837	Vocal Song
1852	Parthenon
1853	Paula Morales
1858	Phonit
1859	Plan 9
1861	Al Zeppy / Alberto Lewis
484	Alice In Hell
1868	Angela
1884	Bronce
1886	Grupo Cañon
1891	Los Cazadores
1897	Cien Grados
1899	Clavel Púrpura
1900	Clio
1907	Culto Aborigen
1093	Dame Pa' Matala
1913	Defenders
1932	Espumante
69	Colina (O. J. Colina)
1825	Música Expresiva
1836	Nella
1839	5to. Aguacate
1848	Oeste Santo
1850	Oswaldo Grillet
1856	Pentágono
1885	Los Bugat's
1889	Carlos Mata
1896	Cherry Navarro
1898	Clarox
1905	Cuarto Poder
1918	Dogma Infinito
1927	Los Electrodos
1611	Espiraljack
1226	Embas (Eclectic Music By A Sextet)
47	Atkinson - La Banda
1826	Stormtrash
1830	Ricardo Montaner
1833	Alfred Gómez Jr.
1846	ADN
182	Odrareg
1849	One Road
1854	Siete Palos
1860	Poetas Tercos
1862	Ale Ramírez
1867	Andrea Lacoste
1877	Bartolomé Diaz
1904	Croj
1914	Denis Gonzalez
1915	Dficitt
916	Días De Septiembre
1917	Divina Ciencia
1919	Druidas
1810	José Antonio Bordell / Bordell
1828	Nauta
1831	Neblina
1834	Azabache
1841	40 Plus
1844	ACME
1845	Numens
1847	Nyah
1851	Paro Kardíaco - Paro K
1857	PH Siete
1117	Pig Farm On The Moon
1864	Almas
1865	Alterna
1880	Boris Bossio
1888	Callejon 88
1894	Chasin
1909	D'Cero
1912	Defleshed The
1916	Difuntos, Extraños y Volátiles
1922	Eclipse
1924	Eduardo
1926	El Medio Evo
1933	Preludio
1840	A Lo Flamenko
1866	Alvaro Segura
1871	Arian
1872	Ashes In Sapphire
404	Atlántica
1878	Bashako
1879	Blindaje
1883	Braulio Polanco
1890	Carlos Moreno
1903	Contraluz
1906	Cuatromundos
1908	Cyam
1910	Los Darts
1925	Eduardo Soto
1928	Elisa Rego
1930	Encuentro Causal
1931	Ramas
1934	ETC
1935	Fábrica De Sueños
1303	Proaresis
1936	Q-80
1937	Profecia
1938	Fabrika
1939	Feedback
1940	Fauna Crepuscular / Fauna
1941	Proganda
735	Félix Martín
1942	Fernando Valladares
1943	Fernando y Juan Carlos
1944	Fhes
1945	Flor di Tormento
1946	Fractaler
1947	Frank Morón
1948	Quarzo
1949	Frankie
1080	Furia De Buzo Ciego
1950	Proyecto Franklin Holland
1951	Paul Gillman / Gillman
1953	Gatas Verdes
1952	Germán Freytes
1954	La Gran Fogata
1955	Gina y Agny
804	Gore Priest
1956	Grado 33
1957	Greasy Grapes
1958	Grupo Geyser / Los Geyser
1959	Propiedad Privada
356	HAZ
1963	Los Holiday's
1969	Ivan Higa
1971	Jade
1982	KBB
1983	Kleyver
1231	La Fe
1986	La Tía
143	LapaMariposa
2015	Shesura
2018	Srod
2020	Suki Landaeta
2021	Susana Abreu
2029	Tranzas
2031	Trino Mora
2033	Vile Hex
1861	Al Zeppy
1960	Guillermo Dávila
1965	Homer & The Dont's
1974	Jorge Cid
1977	Juan Francisco (Juan Francisco Zerpa)
1994	Raimundo Rodulfo
212	Ricochet ccs
2007	San Luis
2013	Sergio Pérez
2030	Tres Tristes Tigres
2034	Víctor Muñoz
2043	Zignia
1961	Hermes
1967	IV Parlamento
1972	Javying
1978	Juegos De Azar
1987	Laila
1991	Lorenzo Adam
1992	Quince y Ultimo
1995	Ranamers
2000	Rhapsodia
2005	San Lukas
2011	Santos Viejos
2016	Sikem
2025	The Wertos
2045	Zozaya
265	Yátu (Juan Bautista López)
1962	Hiena
1966	I-Mind
1970	Ivo
1973	Jorge Aguilar
1979	Julio César
1984	La Araña En El Jardín
1985	La Fleur
142	Ladies W. C.
1990	Lift
1999	Retrovisor
2001	Rodolfo "Pocho" Serra
2002	Roque Valero
2006	San Francisco
2008	Santuario
2022	Tez
2026	Tiempo Gris
2028	Tolerance
2032	Vamos Pa'lante
2035	Via Lactea
2037	Voz Veis
2046	Zro
2051	Blue Strings
1861	Alberto Lewis
1964	Hojalata Suite
1968	Intemperia
1976	Juan Carlos Sabater
1981	Kiara
1988	Leo Carnicella
1993	Rafael Gómez
1134	Rojosatura
2003	Rudy La Scala
2009	Sandino
1046	Séptimo Oxígeno
2019	Still Dot
2024	The Black Project
2027	Tinajas
2039	Winda
2044	Zetafónica
2047	Guillermo Carrasco y Agni Mogollón
2050	4 OF US
53	C4 Trío &
264	Yordano (Giordano Di Marzo)
1975	Juan Carlos Pérez Soto
1980	Karina
1989	Licio Lugarini Melloni "Licho"
1996	Reaxion
1997	Reloj de Cuerda
1998	Reos
2004	Rudy Márquez
2010	Santa Paula
2012	Semilla
2014	Servando y Florentino
2017	Sin Dirección
2023	The Blues Voodoo
1714	Umbra Summi Nobis
2036	Viover y Los Piraos
2038	Williams
2040	Yaguar
1888	Callejón 88
1885	Los Bugats
1346	Los X-5
289	Azúcar Cacao y Leche
257	Escenario Juvenil
289	Azúcar, Cacao y Leche
289	Azúcar. Cacao y Leche
289	Azúcar,Cacao y Leche
168	Masserrati 2lts
1307	Ofrenda con Vytas Brenner
2052	KungFu Club
2053	Versed
2054	Novo Color
2055	Dandy León
2056	Quincalla
2057	D'Eras
2058	La Pagana Trinidad
2059	Desinformados
2060	Ainhoa
2061	José y El Toro
2062	Xarz
2063	Los Navajo
2064	TAK
2065	Cleo72
2066	Non Grata
2067	Flip95
2068	No Hay Rollo
2070	Zoller
2071	Skate Thrasher Punk
2072	Roy
969	THE (Lara)
2073	Vinoacido
2085	Sisrema Diez
2095	Mystica
2100	Angelus
2108	Cronopios
2116	Virus Acrata
2135	Los J
2144	Captiveri
2150	Sorthe
2154	Across
2159	Koi
2168	Open Your Mind
2174	SOUL OUT
2178	DANNIEL JIMENEZ
2186	REDENCIÓN
2190	Insame
2194	Aurora
2198	Porro Project
2202	Valery's
2206	Primero Venezuela
2211	Arquitex
2215	Sombras Rotas
2074	Los Hippies
2080	Pentavarium
2084	Katkousu
2088	Corriente Alterna
2096	Mustang 78
2099	Sobredosis de Kool Aid
2106	Poca Fe
2117	Los Impalas
2125	Bioactivo
2129	Impulsos
2134	Hellbent Rise
2137	Cárcel
2143	Cursi Máquina
2162	Darwin Lubo
2167	Hands Of Murder
2180	OPPONENT
2184	DESDEZERO
2204	Audiocafé
2210	Vicio
2221	Disonante
1720	Pit Master
545	La Skoria
2075	Salón
2081	Santa Palanka
2087	Elite
2094	Estereoflash
2101	Teoría del Caos
2110	Los Plus
2123	Incierto
2133	Los Termites
2145	Stereocast
2155	Los Gabba Gabba Heys
2158	Mortandad
2165	ANHK
2171	CUSTOM 70
2183	GOT BEER
2187	SALUDO SECRETO
2191	Eclipside
2196	Antidoping
2200	Granganga
2208	Ares
1412	By Pass
2076	Proyecto Boogie Boogie
2083	Combustible Cohete
2089	Manta
2093	VodkApaticos
2097	Abstracta
2103	Violetas Negras
2107	AverlinG
2114	Sismo
2120	Litio
2124	DivisKirius
2138	Adriana Lorenzi
2149	Sacrodaemon
2156	Crónicas De Elyze
2160	Moriturio
2173	INFECTO DE AFECTO
2177	MAGNOLIA
2182	PRIMERA LEY
2189	Latitud Zero
2193	K.A.F.C.
2214	Obertura
2218	Naturaleza Muerta
2222	ZaPiratz
2077	Evangelium
2082	Umma Gumma
2092	Venas De Vehemencia
2105	Loica
2109	La Iguana
2113	Sideral
2127	CG Project
2130	Ruptura
2142	Vida de Campeones
2146	Plaza de la Republica
2151	Tercer Imperio
2153	Nefest
2157	Lethal Destroyer
2164	In Sophie's Grace
2170	Into The Crisis
2175	SINAPSIS
2181	NEXHUS
2188	ESTOCOLMO
2192	La Naranja Mecánica
2197	Espejos Rotos
2203	Tercer Mundo
2217	Represión
2078	Villa Mayor
2086	Soured
2090	Muf
2104	Heartech Band
2112	Gas
2119	Sotter
2122	Tupelo Blues
2126	Inercía
2131	Atentado
2136	Ebelnelion
2140	Danto
2148	La Experiencia Taxi
2152	Diaclasa
2163	Obediente
2172	EPIGNOSIS
2179	NEKROPOLIS
2185	CARLO QUIJADA
2195	Lilianth
2199	Nerón
2205	Lenguas de Fuego
2209	Dominion
2213	Agrubio
2220	Lord of Thunder
2079	Excelsior
2091	C4
2098	Decapitado Social
2102	Subdivisión
2111	Aula
2115	Innuendo
2118	XVirus
2128	Vacteria
2132	Efecto Violeta
2141	Ruido Atlántico
2147	Chapter II
2161	Carlos Perez
2166	Edema
2169	Sepulcro
2176	SEPARACIÓN
2201	Opensky
2207	Exocet
2212	Harax
2219	Filosofía Barata
2223	Cinco Minutos Más
2224	Sides Project
2225	DJ Rey
2226	Wyzton Borreo
2227	Mare Imbrium
2228	Proyecto Amber
2229	Rafael L. Garnica
2230	Panas
2231	Nancy Ramos
2232	The Nasty Pillows
2233	Los Snobs
2234	Orquesta Venezuela Pop
2235	Los Bonnevilles
2236	Wendy
2237	Wolfgang Vivas
2238	Sin Salida
2239	Don Seruyo
2240	El Péndulo
2241	Nada De Lo Anterior
2242	Kinder Toten
2243	Pablo Schneider
2244	Un Dos Tres y Fuera
2245	Miguel Ángel Fuster
2246	Grupo C.I.M.
2247	Apocalipsis
2248	LSD
2249	Tsee Mud
2250	Bacro
2251	Parke Interactivo
2252	Sfinter
2257	Súcubo
2265	NEFARIUS
2269	ANARKIA
2276	SUBLIMINAL SENSE
2280	DEEP SEVEN
2291	ARTIFICIO
2306	QUID DE NOCTE
2319	VIZIO VITAL
2253	DCT
2272	BLESS
2290	DOSIS
2295	LA PRIMA NOTTE
2304	WAR PIGS
2312	FRANK MORO
2317	ARCONAUTAS
2322	ZAIRE
2254	Chingo D´Meco
2258	ILUVATAR
2271	R'LYEH
2279	EQUINOCCIO
2285	INFLUEZA
2289	OBNOXIOUS
2292	DESSDEMONA
2302	CASONA FLETCHER
2309	NECRONIUM
2314	CHAIN REACTION
2318	LUXOR
2255	Jammas
2261	ANAMUC
2270	RIGIL KENTAURUS
2274	RENACIMIENTO
2278	SOURTHEM TEMPEST
2282	CRON
2288	2HD
2293	SARKASMO
2297	FULERIOUS
2303	WAR OF DEATH
2308	LOST GRAVITY
2315	MEDUZA
2323	ZOOCIEDAD VICIOSA
2256	Mute
2259	TRIVIAL
2264	DARK ANGELS
2268	UNDERCORE
2275	ILUSIÓN SÓNICA
2284	REMEMBRANCE
2294	CHRISUS
2299	AHRIMAN
2310	MORFINA
2313	HOOK IN HAND
2320	K2
2260	DEMOLITION
2263	RPG
2267	SPRAY ONE
2281	ADLIBITUM
2287	FORZEN ANGEL
2298	JAREJ
2301	MY OPPRESSED COUNTRY
2305	AXIOMA
2311	AVERNO
2321	LITHIUM
2262	ADES
2266	POX
2273	SINAPSYS 5.0
2277	ALKKON
2283	DULCE VOLÁTIL
2286	LENGUAJE CAUSTICO
2296	MENTES SUBLIMINALES
2300	D.E.S.
2307	ELECTRIC BATHROOM
2316	ENKANTEN MORT
2324	Illya Kuryaki & The Valderramas
2325	Aterciopelados
2326	La Unión
2327	El General
2328	Antonio Vega
2329	Soda Stereo
2330	Soraya
2331	Molotov
2332	Fito Páez
2333	Ketama
2334	Fobia
2335	Paulo Ricardo
2336	Angélica
2337	Maxxwell
2338	Always War
2339	Cave of Swimmers
2340	Suicide Silence
2341	Días de Agresión
2342	Rage
2343	Mafia
2344	Moonspell
2345	Nightrage
2346	Heloise
2347	Kingbeast
2348	Pikawa
2349	Possessed
2350	Gods of Silence
2351	Audionever
2352	Rainmaker
2353	Sun Traitors
2354	Alexx Mattey
2355	Gruesome
2356	Piel de Lobo
2357	High Risk Strategy
2358	Honra
2359	Bala Negra
2360	Denso
2361	Amoklauf
2362	Carnal Diafragma
2363	Pulmonary Fibrosis
2364	Cerebral Enema
2365	Bitchfork
2366	Nasty Surgeons
2367	Embryopathia
2368	Anal Arcade
2369	AxGxI
2370	Genoxidio
2371	Fluffy Fuckbeast
2372	Rectal Rooter
2373	Postmorten
2374	Porno Fart
2375	Piggy
2376	Enema Torture
2377	Hematoputrefaction Sexologicunt
2378	Mortuus Neurons
2379	Cursed Burial
2380	Putrid Cunt
2381	Glavio
2382	Grindigena
2383	Pene Con Challa
2384	Deprauationem Hans Autopsy
2385	Urinophobic
2386	Condylomata Acuminata
2387	Meatknife
2388	Purulent Expectoration
2389	SxWxMx
2390	Mutilation Of Disciples
2391	Tripxss
2392	Infected Maggots
2393	Kadaverficker
2394	Cum Gayser
2395	Putrido
2396	Porno Kult
2397	Lord Piggy
2398	Staphylococcus Aureus
2399	Gonzo
2400	Clitoris Amputator
2401	Vaginosis Bacteriana
2402	Tu Culo
2403	Chostomo
2404	Bizarre Tastes
2405	Gorezadera
2406	M.I.L.F
2407	Fuck Hole
2408	Bassookah
2409	Severity
2414	Proyecto Panica
2419	Zoophilic Infection
2423	Prolapso
2428	Menstruating Cunt
2433	Kharms
2448	Mordecai Mapper
2453	I porno You
2410	Gutslut
2416	PVS
2421	Ulcerous Diseased
2426	Pancong Coklat Keju
2452	Depornicated
2455	Insufferable
2459	Mal Aliento
2411	CX9
2415	Fekal Vomyt
2430	Embryo Bulldozer
2435	Parastratiosphecomyia Stratiosphecomyioides
2439	Coprogasm
2443	Pork Necrophiliac
2447	Kusari Gama Kill
2451	Internet Era Alienation
2412	Cannibalistic Coprophagia
2418	Cum Book
2424	MxTxFx
2429	Rot in Space
2434	Inverted Scrotum
2438	Comemierda
2442	Intestinal Crusher
2454	Creaneofibroma
2458	Pure Fun
2413	Atomization
2417	Uretrocarcinoma
2422	Game Black Ant
2427	Bowel Maggots
2431	Pinworm Infection
2441	Intestinal Pandemic
2445	Radiacion Suicyda
2450	Clitorodectomia
2457	Gastric Edema
2420	Raxal Fun Time
2425	Testicular Cancer
2436	Ovoducto
2440	Feasting on Scaphism Remains
2446	Epidemic Pain
2449	Individual Distortion
2456	Meekness
2432	Operacion Canguro
2437	Intestine Fetus Abortion
2444	Necrosis Cutanea
2460	Miroslava
2461	Una Luz
2462	Luis Oberto
2463	La Fe Perdida
2464	Jorge Manuel
2465	Ciruela
2466	Adelante Juventud
2467	Grupo Espiga
2468	Grupo Syma
2469	Skank
2470	Ekhymosis
2471	Enrique Bunbury
2472	Plastilina Mosh
2473	Puya
2474	Lucybell
2475	Control Machete
2476	Los Pericos
2477	Slamophiliac
2478	Septic Mutagen
2479	Dressed for Apocalypse
2480	Perverted Dexterity
2481	Human Decomposition
2482	Putrefy the Living
2483	Anomalistic
2484	Deformed Cadaver
2485	As They Dilapidate
2486	Carnivorous Swarm
2487	Infestation
2488	Pigto
2489	Bizarre Bondage
2490	Tampax Vortex
2491	Clitogusano Espermatide
2492	Rip
2493	Fetus Disease
2494	Satiro
2495	Putrid Noise
2496	Kick Ass
2497	Sangre Antigua
2498	Konstrictor
2499	Sorath
2500	Toxic Invader
2501	Reaper
2502	Tempestor
2503	Atomic Attack
2504	Tungsteno
2508	Ataque Nuclear
2521	Mourtoria
2526	Unscarred
2538	Black Hate
2505	Sin Mente
2517	Holocausto Nuclear
2525	Humans Destroyer
2533	Nebelstreyf
2537	Desolate Soul
2506	Demencia
2511	ExMxN
2516	F.A.L.
2531	Skull Krusher
2536	Ravn
2540	Sanguine Pluit
2507	Hell Inside
2513	Slaughtered
2518	Gorecult
2523	Pantano
2532	Nox Illunis
2514	Guerra Total
2520	Corroidos Pelo Odio
2524	Ley Del Caos
2528	Wargod
910	Storm Thrash
2510	Chemical Assault
2515	Legacy
2519	Blood Thirst
2529	Nakacc
2535	Vulto
2539	Devilry
2512	Tortura
2522	Empire's Darkness
2527	Massacrator
2530	Witch Hunt
2534	Der Misanthrope
1033	God´s New Version
106	Los Grillos Mientras Tanto
983	MxDxH
511	Jihad (Caracas)
471	Myzis (Táchira)
702	Equilibrio Vital (Caracas)
606	Gutiroth (Carabobo)
325	Gastonia (Carabobo)
809	Noctambulath (Caracas)
394	Torkhe (Lara)
63	Chulius & The Filarmonicos
63	Chulius and The Filarmonicos
2541	Barilari
2542	Elastic Bond
2543	Machete
2544	Sorrow Plagues
2546	Elderwind
2548	Dreams of Nature
2550	Arkhon Infaustus
2551	Bathory
2552	Black Label Society
2553	Meshuggah
2554	Mind Shelter
2555	Mirrorthrone
2556	Primal Fear
2557	Satyricon
2558	Death
2560	Anaal Nathrakh
2561	Gorgoroth
2565	Impaled
2566	Ghoul
2567	Helltrash
2568	Luis Daniel González
2571	Gianko y Su Sonido La Limpia
2572	Rod
2573	Rafael Rico
2574	Different Fountains
2575	Laps
2576	Kid Navajas
2577	Andrecho
2578	Gazoo
2579	Los Niños Cantores Del Ghetto
2580	Los Tony Danzas
2581	Doctor Phono
2582	Mopecito y Su Orquesta
2583	Y2K
2584	Apá y Sus 7 Primos Nietos
2585	Gandolera
2586	Los Venados Del Sol
2587	Djedi
2588	Sigur Rurikson
2589	Riera
2590	Chacaito Dub All Stars
2591	Vendaval
2592	Six Magics
2598	Crepar
2605	Grupo Fantasma
2617	Dubwise
2626	DJ Trece
2594	Jasón
2599	Saga
2620	Spyro
2595	Trashnos
2596	Renacer
2606	C-funk
2618	Demetrio De CCS
2625	187
2597	Angkor
2604	Dimitri From Paris
2609	Deborah Bond
2601	Introspección
2603	Sonorama
2607	Santo Domingo Funk Crew
2616	Morajazz
2623	Familia Subterránea
2608	La Casa Del Ritmo
2611	Joe Watusi
2621	Nicolai Chek Chenkov
2647	Dr. Scratch
2652	Planet Fish
2653	Marcela Velásquez
2654	Pacha Massive
2655	Mexican Institute Of Sound
2656	Dapuntobeat
2657	Funky C
2658	Los Mono
2660	Fundación Tony Manero
2661	Los Charly's Orchesta
2662	Pacheko
2663	Maria Daniela y Su Sonido Lasser
2664	Lady Bombon
2665	Juan Rivas
2666	Donatore Di Groove
2667	Ale Mc
2668	Chris Cags
2669	DJ Beat
2672	Yare
2673	Odnam
2674	Syme
2675	Pablo Sánchez
2676	Willie Colón
2677	Evio Di Marzo
2679	Cecilia Todd
2681	Mat Urano
2683	Jorge Spiteri Banda
2699	Al Jadaqui
2700	Ferreira
2701	Lucky y Los Astrolabios
2702	Ensamble 2
2703	Ex K La
2704	Zona 7
2705	Angel Gómez
2706	Los Toros Band
2707	Pandilleros
2708	Simón Bolívar Niño
2709	Habitantes De Caracas
2710	Platinado y Esbirros De La S.N
2711	Manuelita
2712	Alumnos Escuela República de Venezuela
2725	Rombo
2732	Trilobites
2713	Cruela La Vil y Esbirros De La S.N
2717	Adriana Pimentel
2721	Mario Parker
2714	Director Oliverio
2718	David González
2715	Toda La Compañía
2719	Rosa Marina Leña
2727	Dr. Muu
2716	Elsa M. Mateu
2720	Zulay Ascanio
2726	Trujillo
2733	Cardopusher
2722	Elsa A. Camacho
2731	Velazco
2724	José Ramón Morales
2783	La Original
2784	Maíz
2785	DJ MKC
2786	Magu
2787	Spiralz
2788	Electrobot
2789	Club Nuclear
2790	Carls Matthes
2794	Miguel Noya
2795	Intima
2796	Manuel Ragel
2797	Jabalee
2808	Dj Khont
2809	Sergio Muñoz
2810	Bombay
2811	Pedro Gil
2812	Nano
2813	Javith
2814	Salazar
2816	Robert Rabbath
2817	Mario Romero
2818	ADN Colectiva
2819	Dj Aureal
2822	Jonathan SC
2823	Nino Prez
2824	Pedro Duran
2825	Betamacs
2826	Carlos Cress
2827	DJ Who
2828	Armando Arizaleta
2829	DJ Luigi Daniel
2830	Alfredo Mena
2832	Chriqui
2833	Klahr
2834	Daniel Peterman
2835	José Cabello
2837	Turtled
2838	Emerson
2839	Roberto Chiriqui
2840	Ra Visual Sound
2841	Ajd
2842	Leo Castillo
2843	Bless Killa
2844	The Lords Ethnics Percussion
2846	Santo
2847	Chango
2848	Berio 303
2852	Mango
2854	Tito Fierro
2855	Manuel Macías
2856	Miguel Ángel Noya
2857	Jean De Oliveira
2858	GM120
2859	Disord Sith
2860	Whitie Breaks Mastah
2861	María Rivas
2862	Hector Gamez
2863	DJ Bombay
2864	Reix
2865	Carlos Salazar
2866	DJ Fist
2867	DJ Yayo
2868	Javid Ghersi
2869	Ortix
2870	Hebert Bravo
2871	Luis Patty
2872	Wax-0-Matik
2873	Hidra
2874	Sebas
2875	Charles
2876	Y.LO
2877	Moreon
2878	Klipp
2879	DJ Fuse
2880	Fernand Dust
2881	Dan B
2882	Tremo
2883	Michael Lawrence
2884	DJ Wope
2885	Manybeat
2886	Dj Luis Patty
2887	Dual Truemakers
2888	G-Trhonic
2889	DJ Jonathan Sc
2890	Activeout
2891	Analog Circl8 (Daniel Maal)
2892	SER+ (Nacho Nuett)
2893	Esc
2894	Futurason
2895	Meg & Play
2896	Edgard Jiménez
2897	Ordep Zerep
2898	Norberto Fornerino
2899	Ascoculto
2900	Chunktrade
2901	Anorexia Isan
1816	María Conchita Alonso
1816	Ambar
1851	Paro Kardíaco
1851	Paro K
1940	Fauna
1951	Gillman
1958	Grupo Geyser
1958	Los Geyser
898	Enlighten Our Nature
898	EON
1809	Luiser
1809	Luis Ernesto Serrano
1977	Juan Francisco
1977	Juan Francisco Zerpa
983	Muestras de Heces
2891	Analog Circl8
2891	Daniel Maal
2892	SER+
2892	Nacho Nuett
1810	Bordell
2902	Alexis y Fido
2903	Piso 21
2861	Maria Rivas
1940	Fauna Crepúscular
1940	El Primero Siempre es Rapido
1940	Fauna Crepuscular
1823	Metropolis
2784	Maiz
2608	La Casa del Ritmo
2254	Chingo D'Meco
257	Fundación Nuevas Bandas
2173	Infecto de Afecto
2295	La Prima Notte
2301	My Oppressed Country
2306	Quid de Nocte
2313	Hook In Hand
2904	KC
2905	Kalashnikov
2906	Concord Dawn
2907	Vortex Involute
2908	Voodoo Velkro
2909	The Berzerker
2911	Nine Inch Nails
2922	Playma
2934	Nomadas
2910	Dark Funeral
2912	Morbid Angel
2923	Throttler
2924	Lowbss
2913	XquicksilverX
2918	Voicians
2928	Receptor
2933	Reid Speed
2936	Chriqui Vs. Klahr
2914	Exhumed
2926	Omar Santana
2927	Evan Gamble Lewis
2935	Loops
2915	Counterstrike
2916	Gein
2917	Robyn Chaos
2929	Memtrix
2930	Cooh
2931	No Money
2919	Mark Instinct
2920	NumberNin6
2921	Run DMT
2932	Krusha
2925	Messinian
2937	Turtled & Emmerson
2938	Buena Lavativa
2940	Choc Quib Town
2941	Ak
2942	2irie
2943	Trío Venezuela
2944	Orquesta Sinfónica de Venezuela
2945	Los Niños Actores De Venezuela
2944	Orquesta Sinfónica Venezuela
63	Chulius
1949	Frankie & The Blue Devils
