2855	Manuel Macías	band
1	Los Kings	band
2946	Cangrejo & Kreils	duo
11	Ravenous Feast	band
2445	Radiacion Suicyda	band
2457	Gastric Edema	band
2450	Clitorodectomia	band
2441	Intestinal Pandemic	band
2852	Mango	band
2652	Planet Fish	band
10	Permanence	band
100	Fuego Montevideo	band
31	1ra Edición	band
18	Civilis	band
110	Headweiler	band
2056	Quincalla	band
58	Caramelos De Cianuro	band
2442	Intestinal Crusher	band
102	Gasolina	band
2454	Creaneofibroma	band
1376	Los Automaticos	band
1538	The Wave	band
177	Mulato	band
2225	DJ Rey	band
2733	Cardopusher	band
2653	Marcela Velásquez	band
201	Punto De Partida	band
181	Niuno Niotro	band
187	PAN	band
207	Reciclaje	band
239	Tarot	band
2861	María Rivas	band
565	Marcelo Toutin	band
972	Leitmotiv	band
21	Derian	band
1948	Quarzo	band
2054	Novo Color	band
2458	Pure Fun	band
2654	Pacha Massive	band
266	Zapato 3	band
2943	Trío Venezuela	group
83	Dogon	band
2945	Los Niños Actores De Venezuela	group
1949	Frankie & The Blue Devils	band
63	Chulius & The Filarmónicos	band
2180	OPPONENT	band
2201	Opensky	band
2129	Impulsos	band
2159	Koi	band
2134	Hellbent Rise	band
2944	Orquesta Sinfónica de Venezuela	group
2057	D'Eras	band
2461	Una Luz	band
2198	Porro Project	band
2466	Adelante Juventud	band
90	El Supremo Hongo Imaginario	band
117	Jacktürbo	band
2211	Arquitex	band
607	Haboryn	band
149	Lil Supa'	band
2856	Miguel Ángel Noya	band
2463	La Fe Perdida	band
155	Los Buitres	band
2075	Salón	band
2062	Xarz	band
2066	Non Grata	band
2487	Infestation	band
2389	SxWxMx	band
2857	Jean De Oliveira	band
2366	Nasty Surgeons	band
2348	Pikawa	band
2866	DJ Fist	band
2425	Testicular Cancer	band
2865	Carlos Salazar	band
171	Maurimix	band
2888	G-Trhonic	band
2551	Bathory	band
372	Overground	band
393	P.G.B.	band
2879	DJ Fuse	band
2092	Venas De Vehemencia	band
174	Metrozubdivision	band
2380	Putrid Cunt	band
2371	Fluffy Fuckbeast	band
2384	Deprauationem Hans Autopsy	band
2197	Espejos Rotos	band
2082	Umma Gumma	band
2876	Y.LO	band
2882	Tremo	band
2858	GM120	band
2067	Flip95	band
2055	Dandy León	band
2859	Disord Sith	band
2334	Fobia	band
2096	Mustang 78	band
2224	Sides Project	band
2860	Whitie Breaks Mastah	band
2456	Meekness	band
241	Telegrama	band
2079	Excelsior	band
2091	C4	band
397	Hasterium	band
2878	Klipp	band
250	Trance Nuance	band
113	Hydra	band
304	Human	band
255	Ultrachic	band
2084	Katkousu	band
2080	Pentavarium	band
2167	Hands Of Murder	band
2137	Cárcel	band
2184	DESDEZERO	band
2116	Virus Acrata	band
328	Zombies No	band
1314	PMB Pedro Manuel Bolívar	band
333	Sulgogar	band
2178	DANNIEL JIMENEZ	band
2144	Captiveri	band
2475	Control Machete	band
2186	REDENCIÓN	band
2154	Across	band
2480	Perverted Dexterity	band
2190	Insame	band
2090	Muf	band
2205	Lenguas de Fuego	band
2400	Clitoris Amputator	band
2333	Ketama	band
386	Raza Sur	band
2863	DJ Bombay	band
2078	Villa Mayor	band
1316	Holy Sexy Bastard	band
1289	Necrosis (Zulia)	band
2325	Aterciopelados	band
2409	Severity	band
2175	SINAPSIS	band
2150	Sorthe	band
2516	F.A.L.	band
2510	Chemical Assault	band
2095	Mystica	band
818	Brutal Mutilation	band
2395	Putrido	band
426	Motorfunk	band
823	Anatomiae Occultii	band
862	Curva Sur	band
841	Necromano	band
2149	Sacrodaemon	band
2114	Sismo	band
2107	AverlinG	band
478	Masturbation with the Bible	band
2477	Slamophiliac	band
2379	Cursed Burial	band
986	Van Halen	band
1016	El Caminante	band
2418	Cum Book	band
2478	Septic Mutagen	band
2099	Sobredosis de Kool Aid	band
2473	Puya	band
526	Ignición 7	band
2869	Ortix	band
481	Sistema Diez	band
2881	Dan B	band
2887	Dual Truemakers	band
2867	DJ Yayo	band
2883	Michael Lawrence	band
533	Kingpin	band
2087	Elite	band
2874	Sebas	band
2081	Santa Palanka	band
2446	Epidemic Pain	band
2194	Aurora	band
2219	Filosofía Barata	band
2486	Carnivorous Swarm	band
2875	Charles	band
2880	Fernand Dust	band
1003	Enorme Roca Navaja	band
1027	Letelier	band
1055	Woma Maru	band
1148	Soulmachine	band
2110	Los Plus	band
2147	Chapter II	band
2098	Decapitado Social	band
614	Convicción HxC	band
606	Gutiroth	band
2132	Efecto Violeta	band
2128	Vacteria	band
2133	Los Termites	band
2873	Hidra	band
2436	Ovoducto	band
2102	Subdivisión	band
2126	Inercía	band
672	Cthonica	band
700	Cronos	band
2131	Atentado	band
2122	Tupelo Blues	band
2119	Sotter	band
2112	Gas	band
2104	Heartech Band	band
1070	Trifixion	band
1099	Naxxo	band
2136	Ebelnelion	band
2113	Sideral	band
2870	Hebert Bravo	band
2130	Ruptura	band
2476	Los Pericos	band
2162	Darwin Lubo	band
2071	Skate Thrasher Punk	band
2170	Into The Crisis	band
2088	Corriente Alterna	band
2125	Bioactivo	band
2076	Proyecto Boogie Boogie	band
1038	Trifulka	band
2165	ANHK	band
2155	Los Gabba Gabba Heys	band
2158	Mortandad	band
2408	Bassookah	band
2177	MAGNOLIA	band
2383	Pene Con Challa	band
1015	Santa Macoña	band
2117	Los Impalas	band
833	Disarmed Universe	band
809	Noctambulath	band
863	Cenizas Del Ayer	band
1026	Merlot	band
1217	Bloodwake	band
1352	Rock I	band
899	Amordazados	band
913	Tephros	band
2157	Lethal Destroyer	band
2146	Plaza de la Republica	band
2151	Tercer Imperio	band
1362	Aguamala Reggae Band	band
2396	Porno Kult	band
1401	Sistema 285	band
2153	Nefest	band
2101	Teoría del Caos	band
2222	ZaPiratz	band
2414	Proyecto Panica	band
2074	Los Hippies	band
2085	Sisrema Diez	band
2669	DJ Beat	band
2464	Jorge Manuel	band
2212	Harax	band
1061	NPI	band
2161	Carlos Perez	band
1391	Who Killed Kennedy	band
2496	Kick Ass	band
2515	Legacy	band
2519	Blood Thirst	band
2529	Nakacc	band
2535	Vulto	band
2539	Devilry	band
2474	Lucybell	band
1091	Apariencia Crítica	band
2438	Comemierda	band
2168	Open Your Mind	band
2174	SOUL OUT	band
2169	Sepulcro	band
1192	Farándula Popular	band
2202	Valery's	band
2552	Black Label Society	band
2531	Skull Krusher	band
2890	Activeout	band
2229	Rafael L. Garnica	band
2303	WAR OF DEATH	band
2120	Litio	band
2365	Bitchfork	band
1019	Ulises Hadjis	band
2072	Roy	band
2376	Enema Torture	band
2215	Sombras Rotas	band
1115	OG Project	band
2891	Analog Circl8	band
1031	Taxidermia	band
1210	X-Vicio	band
1351	Para Llevar	band
2163	Obediente	band
2195	Lilianth	band
2326	La Unión	band
2193	K.A.F.C.	band
2083	Combustible Cohete	band
1354	Forever Farewell	band
2893	Esc	band
2203	Tercer Mundo	band
1382	Séptima Raza	band
1395	Effect	band
1403	Stereografía	band
1406	Climax	band
1433	Zero Positivo	band
2188	ESTOCOLMO	band
2181	NEXHUS	band
2492	Rip	band
2501	Reaper	band
2497	Sangre Antigua	band
2484	Deformed Cadaver	band
2533	Nebelstreyf	band
2191	Eclipside	band
2187	SALUDO SECRETO	band
2507	Hell Inside	band
2329	Soda Stereo	band
1570	Willbert Álvarez	band
2505	Sin Mente	band
2183	GOT BEER	band
1422	Paraban	band
2494	Satiro	band
2656	Dapuntobeat	band
1641	Todos Odiamos Todo	band
1653	Frontera Sur	band
1684	BioShaft	band
1425	Mala Copa	band
2218	Naturaleza Muerta	band
2214	Obertura	band
2189	Latitud Zero	band
2525	Humans Destroyer	band
2517	Holocausto Nuclear	band
2196	Antidoping	band
2200	Granganga	band
2089	Manta	band
2490	Tampax Vortex	band
2283	DULCE VOLÁTIL	band
1416	Los Elfos	band
1424	Todas Las Abuelas Son Feas	band
1742	Los Domingues	band
2397	Lord Piggy	band
1428	Desde 1985	band
1432	Lakrosos Malamañosos	band
1449	The Arrival Babylon Monks	band
1880	Boris Bossio	band
2209	Dominion	band
1858	Phonit	band
2220	Lord of Thunder	band
2540	Sanguine Pluit	band
2506	Demencia	band
2511	ExMxN	band
2536	Ravn	band
2521	Mourtoria	band
1920	Dúplex	band
23	Necrosis	band
2538	Black Hate	band
1442	X.T.A.R	band
2489	Bizarre Bondage	band
2504	Tungsteno	band
2657	Funky C	band
2491	Clitogusano Espermatide	band
2377	Hematoputrefaction Sexologicunt	band
2208	Ares	band
2495	Putrid Noise	band
2674	Syme	band
2369	AxGxI	band
2668	Chris Cags	band
2702	Ensamble 2	band
2706	Los Toros Band	band
2667	Ale Mc	band
1453	White Offense	band
1946	Fractaler	band
2512	Tortura	band
2221	Disonante	band
2493	Fetus Disease	band
2527	Massacrator	band
2530	Witch Hunt	band
2498	Konstrictor	band
2373	Postmorten	band
2534	Der Misanthrope	band
2543	Machete	band
2109	La Iguana	band
2666	Donatore Di Groove	band
2106	Poca Fe	band
2241	Nada De Lo Anterior	band
2307	ELECTRIC BATHROOM	band
101	Garnica	band
2286	LENGUAJE CAUSTICO	band
2300	D.E.S.	band
2316	ENKANTEN MORT	band
2572	Rod	band
2273	SINAPSYS 5.0	band
2579	Los Niños Cantores Del Ghetto	band
2296	MENTES SUBLIMINALES	band
2262	ADES	band
2266	POX	band
2503	Atomic Attack	band
2277	ALKKON	band
2245	Miguel Ángel Fuster	band
2608	La Casa Del Ritmo	band
2894	Futurason	band
2242	Kinder Toten	band
2068	No Hay Rollo	band
2142	Vida de Campeones	band
2449	Individual Distortion	band
2028	Tolerance	band
1452	Unificación Venezuela	band
2413	Atomization	band
2353	Sun Traitors	band
2599	Saga	band
2895	Meg & Play	band
48	Babylon Motorhome	band
65	Cinema Sun	band
137	La Nave	band
2255	Jammas	band
2270	RIGIL KENTAURUS	band
2274	RENACIMIENTO	band
2226	Wyzton Borreo	band
1456	Los Vicios	band
2470	Ekhymosis	band
2111	Aula	band
142	Ladies W.C.	band
147	Lebronch	band
166	Marilanne	band
2238	Sin Salida	band
2269	ANARKIA	band
2252	Sfinter	band
2500	Toxic Invader	band
2350	Gods of Silence	band
2276	SUBLIMINAL SENSE	band
2257	Súcubo	band
167	Maskhera	band
180	Ninah Mars	band
182	OdraReg	band
2268	UNDERCORE	band
219	Sentencia	band
2240	El Péndulo	band
2256	Mute	band
2284	REMEMBRANCE	band
2264	DARK ANGELS	band
2294	CHRISUS	band
2310	MORFINA	band
2259	TRIVIAL	band
2275	ILUSIÓN SÓNICA	band
2299	AHRIMAN	band
245	The Love Depression	band
2317	ARCONAUTAS	band
2896	Edgard Jiménez	band
2272	BLESS	band
302	Elefreak	band
307	Psicosis	band
2239	Don Seruyo	band
2304	WAR PIGS	band
2249	Tsee Mud	band
2387	Meatknife	band
1489	AssarioN	band
2290	DOSIS	band
2251	Parke Interactivo	band
2267	SPRAY ONE	band
309	Veldraveth	band
2513	Slaughtered	band
2263	RPG	band
2260	DEMOLITION	band
2298	JAREJ	band
2312	FRANK MORO	band
2281	ADLIBITUM	band
2287	FORZEN ANGEL	band
2485	As They Dilapidate	band
2093	VodkApaticos	band
2210	Vicio	band
2520	Corroidos Pelo Odio	band
2309	NECRONIUM	band
2285	INFLUEZA	band
2292	DESSDEMONA	band
1500	Panacea	band
2514	Guerra Total	band
2318	LUXOR	band
1503	The Sounds From RA	band
2289	OBNOXIOUS	band
2258	ILUVATAR	band
2524	Ley Del Caos	band
2528	Wargod	band
2658	Los Mono	band
2302	CASONA FLETCHER	band
2314	CHAIN REACTION	band
2279	EQUINOCCIO	band
2434	Inverted Scrotum	band
2176	SEPARACIÓN	band
335	Natastor	band
402	Bolívar	band
422	P3D1TVM	band
436	Morbid Defecation	band
446	A Raíz de Nuevas Causas	band
2293	SARKASMO	band
2278	SOURTHEM TEMPEST	band
2315	MEDUZA	band
2282	CRON	band
2323	ZOOCIEDAD VICIOSA	band
1030	Big Landin Orquesta	band
2306	Quid de Nocte	band
2319	VIZIO VITAL	band
2560	Anaal Nathrakh	band
2898	Norberto Fornerino	band
2584	Apá y Sus 7 Primos Nietos	band
1511	Almmus	band
2322	ZAIRE	band
2063	Los Navajo	band
2598	Crepar	band
2488	Pigto	band
2580	Los Tony Danzas	band
2588	Sigur Rurikson	band
2592	Six Magics	band
2605	Grupo Fantasma	band
2617	Dubwise	band
2554	Mind Shelter	band
2546	Elderwind	band
1528	Los Ex Presidentes	band
1533	La Ultima Thule	band
2156	Crónicas De Elyze	band
2297	FULERIOUS	band
2199	Nerón	band
457	Mojo Pojo	band
2899	Ascoculto	band
1535	Trece	band
883	Marvelous Green	band
2518	Gorecult	band
2683	Jorge Spiteri Banda	band
2590	Chacaito Dub All Stars	band
2321	LITHIUM	band
2548	Dreams of Nature	band
2586	Los Venados Del Sol	band
2577	Andrecho	band
2311	AVERNO	band
1118	PáramoSoundSystem	band
2301	My Oppressed Country	band
2557	Satyricon	band
1542	Facundo Projet	band
2305	AXIOMA	band
2565	Impaled	band
2324	Illya Kuryaki & The Valderramas	band
2320	K2	band
2582	Mopecito y Su Orquesta	band
1169	Tótem	band
2663	Maria Daniela y Su Sonido Lasser	band
2704	Zona 7	band
2606	C-funk	band
2591	Vendaval	band
2337	Maxxwell	band
1568	Collapsing Systems	band
2550	Arkhon Infaustus	band
2367	Embryopathia	band
2172	EPIGNOSIS	band
2625	187	band
2502	Tempestor	band
2578	Gazoo	band
2587	Djedi	band
2673	Odnam	band
2148	La Experiencia Taxi	band
1161	Grubi Man	band
2428	Menstruating Cunt	band
2073	Vinoacido	band
2349	Possessed	band
2094	Estereoflash	band
2123	Incierto	band
461	Boogieman's Curda	band
2355	Gruesome	band
2553	Meshuggah	band
524	Gladys Cordero	band
1052	Holy Pigs	band
528	Bueninvento	band
649	Bleeding Tears	band
1544	Chupi Chupi Sucks	band
2558	Death	band
2601	Introspección	band
691	Sonidos Foráneos	band
740	Sectasys	band
1549	BreakDown	band
2575	Laps	band
2585	Gandolera	band
2603	Sonorama	band
2607	Santo Domingo Funk Crew	band
769	Metastasis	band
2340	Suicide Silence	band
770	Santo Greal	band
2164	In Sophie's Grace	band
2253	DCT	band
2481	Human Decomposition	band
2192	La Naranja Mecánica	band
2544	Sorrow Plagues	band
2217	Represión	band
2261	ANAMUC	band
2346	Heloise	band
2065	Cleo72	band
2655	Mexican Institute Of Sound	band
1056	Perro Muerto	band
2077	Evangelium	band
1105	Rousbel	band
2108	Cronopios	band
774	Verminous	band
2472	Plastilina Mosh	band
2145	Stereocast	band
835	Triangular Ascension	band
865	Revolucion	band
1557	Somniator	band
951	Nota Profana	band
961	Obscura Insania	band
990	Wolfang	band
2583	Y2K	band
2571	Gianko y Su Sonido La Limpia	band
2710	Platinado y Esbirros De La S.N	band
748	Agonia	band
2361	Amoklauf	band
2561	Gorgoroth	band
2576	Kid Navajas	band
2595	Trashnos	band
2716	Elsa M. Mateu	band
2705	Angel Gómez	band
2709	Habitantes De Caracas	band
2714	Director Oliverio	band
2715	Toda La Compañía	band
2720	Zulay Ascanio	band
1009	4to Reich	band
1042	Triad	band
1046	Septimo Oxigeno	band
2589	Riera	band
2555	Mirrorthrone	band
1573	2Kra	band
2354	Alexx Mattey	band
2594	Jasón	band
2330	Soraya	band
2341	Días de Agresión	band
2160	Moriturio	band
2435	Parastratiosphecomyia Stratiosphecomyioides	band
2467	Grupo Espiga	band
2171	CUSTOM 70	band
2207	Exocet	band
1041	Legado	band
2455	Insufferable	band
1586	La Clem De La Clem	band
2447	Kusari Gama Kill	band
1077	Natural Dracs	band
2596	Renacer	band
1081	Insulina	band
1094	Parke Inactivo	band
1221	Karma Coma	band
1232	Dulce o Truco	band
2675	Pablo Sánchez	band
1315	Cronovisor	band
2597	Angkor	band
2327	El General	band
1594	Fracaso	band
2336	Angélica	band
2609	Deborah Bond	band
2717	Adriana Pimentel	band
2681	Mat Urano	band
2701	Lucky y Los Astrolabios	band
2712	Alumnos Escuela República de Venezuela	band
2725	Rombo	band
2679	Cecilia Todd	band
1601	Sad	band
1607	Petróleo Loco	band
2611	Joe Watusi	band
2621	Nicolai Chek Chenkov	band
1414	El Arca	band
1444	Unos Infames	band
1529	Zion TPL	band
1562	Predator T	band
1577	Guarapita	band
2700	Ferreira	band
2707	Pandilleros	band
2711	Manuelita	band
2713	Cruela La Vil y Esbirros De La S.N	band
1102	Electrometro	band
2328	Antonio Vega	band
1628	Carlos Angola	band
2499	Sorath	band
1591	Los Blonders	band
1723	La Nota Ignota	band
2342	Rage	band
2439	Coprogasm	band
1597	Guerrilla Seca	band
2100	Angelus	band
2271	R'LYEH	band
2892	SER+	band
143	Lapamariposa	band
2105	Loica	band
2265	NEFARIUS	band
2391	Tripxss	band
884	Surverial	band
1770	Tan Frió el Verano	band
2359	Bala Negra	band
2143	Cursi Máquina	band
2532	Nox Illunis	band
2345	Nightrage	band
1797	Grupo Bota	band
1849	One Road	band
1872	Ashes In Sapphire	band
1907	Culto Aborigen	band
2351	Audionever	band
2331	Molotov	band
1072	Grapa Azul	band
1084	Carlos1975	band
2335	Paulo Ricardo	band
2338	Always War	band
2344	Moonspell	band
2482	Putrefy the Living	band
1194	Sinsaye de Venezuela	band
2308	LOST GRAVITY	band
2440	Feasting on Scaphism Remains	band
2902	Alexis y Fido	band
2182	PRIMERA LEY	band
1092	Crisis Politica	band
1954	La Gran Fogata	band
2415	Fekal Vomyt	band
2726	Trujillo	band
2541	Barilari	band
2364	Cerebral Enema	band
1616	Clan Colmena	band
2185	CARLO QUIJADA	band
2118	XVirus	band
1966	I-Mind	band
2479	Dressed for Apocalypse	band
2903	Piso 21	band
2347	Kingbeast	band
2204	Audiocafé	band
1621	Tributo Aldemaro Romero	band
2537	Desolate Soul	band
2566	Ghoul	band
2254	Chingo D'Meco	band
2173	Infecto de Afecto	band
2352	Rainmaker	band
2375	Piggy	band
2064	TAK	band
257	Various Artists	band
1024	Ninah Mars and The Stickfaces	band
220	Sentimiento Muerto	band
2248	LSD	band
2459	Mal Aliento	band
2664	Lady Bombon	band
2522	Empire's Darkness	band
1076	Suramerican	band
2206	Primero Venezuela	band
2313	Hook In Hand	band
2935	Loops	band
2508	Ataque Nuclear	band
2179	NEKROPOLIS	band
347	Niño Nuclear	band
2483	Anomalistic	band
2907	Vortex Involute	band
997	Zufánico	band
2927	Evan Gamble Lewis	band
2926	Omar Santana	band
366	PI XPRNC	band
511	Jihad	band
2469	Skank	band
2358	Honra	band
1126	Crashers	band
2124	DivisKirius	band
1623	Boulevard	band
2401	Vaginosis Bacteriana	band
1632	NOID	band
2925	Messinian	band
2908	Voodoo Velkro	band
2526	Unscarred	band
2115	Innuendo	band
2097	Abstracta	band
2060	Ainhoa	band
1078	VMF	band
1089	Via de Escape	band
2152	Diaclasa	band
2905	Kalashnikov	band
2556	Primal Fear	band
1173	Cubocabeza	band
1636	W.T.Fest	band
1164	Animas	band
2411	CX9	band
2213	Agrubio	band
2103	Violetas Negras	band
2567	Helltrash	band
1631	Disentir	band
832	Demonical Rites	band
1202	Páymaco	band
2616	Morajazz	band
2360	Denso	band
2918	Voicians	band
2356	Piel de Lobo	band
2623	Familia Subterránea	band
2936	Chriqui Vs. Klahr	band
2928	Receptor	band
2933	Reid Speed	band
2913	XquicksilverX	band
2357	High Risk Strategy	band
2920	NumberNin6	band
2919	Mark Instinct	band
1654	Abstinencia	band
1657	Garfio	band
2830	Alfredo Mena	band
2841	Ajd	band
2660	Fundación Tony Manero	band
2661	Los Charly's Orchesta	band
1662	Exilio	band
1663	Convoy	band
1667	Leyla	band
2394	Cum Gayser	band
1660	Hinris	band
1668	Mad Town	band
885	Gravelord	band
2388	Purulent Expectoration	band
2419	Zoophilic Infection	band
2423	Prolapso	band
2362	Carnal Diafragma	band
2937	Turtled & Emmerson	band
2929	Memtrix	band
1237	Skabiosis	band
1676	Worst Death	band
2923	Throttler	band
2932	Krusha	band
2916	Gein	band
2940	Choc Quib Town	band
2924	Lowbss	band
38	Alban Arthuan	band
2931	No Money	band
2909	The Berzerker	band
2941	Ak	band
2390	Mutilation Of Disciples	band
136	La Muy Bestia Pop	band
2904	KC	band
2398	Staphylococcus Aureus	band
2910	Dark Funeral	band
2368	Anal Arcade	band
2930	Cooh	band
2363	Pulmonary Fibrosis	band
2372	Rectal Rooter	band
2385	Urinophobic	band
115	Iguanas De Trapo	band
2911	Nine Inch Nails	band
1162	Paluegoestarde	band
2912	Morbid Angel	band
2921	Run DMT	band
1697	Ecos de La Peste	band
1151	Nictofobia	band
2826	Carlos Cress	band
2922	Playma	band
2942	2irie	band
2915	Counterstrike	band
2917	Robyn Chaos	band
2906	Concord Dawn	band
2914	Exhumed	band
1713	Andrea Pinup y Los Hot Rods	band
2399	Gonzo	band
2381	Glavio	band
2374	Porno Fart	band
2417	Uretrocarcinoma	band
1332	Calle Santiago	band
153	Los Astrolabios	band
1719	Allanamiento Moral	band
1727	Chonto Musik	band
1718	LED	band
1740	Dissension	band
1721	Arena	band
1754	Sonicosubte	band
2420	Raxal Fun Time	band
521	Cayayo Troconis	band
2404	Bizarre Tastes	band
1112	Carmina	band
2393	Kadaverficker	band
2406	M.I.L.F	band
2430	Embryo Bulldozer	band
2451	Internet Era Alienation	band
2403	Chostomo	band
2443	Pork Necrophiliac	band
1134	Rojo Satura	band
559	Los Volta	band
2382	Grindigena	band
2378	Mortuus Neurons	band
2370	Genoxidio	band
2386	Condylomata Acuminata	band
1032	Neuma	band
1140	Los Berenice	band
2405	Gorezadera	band
1748	Limpiacabezales	band
2432	Operacion Canguro	band
2392	Infected Maggots	band
1158	En el laberinto	band
1160	Piolet	band
1145	Capitán Melao	band
1029	Max y Los Fagocitos Blancos	band
1220	Sevenfeet	band
2424	MxTxFx	band
2407	Fuck Hole	band
2412	Cannibalistic Coprophagia	band
1768	La Liga	band
2402	Tu Culo	band
2429	Rot in Space	band
1387	Alexis Rossell	band
1199	Laiza	band
139	La Vida Bohème	band
1789	Amputacion	band
1059	Combate	band
1411	Utam	band
148	Levítico	band
134	La Misma Gente	band
1781	Sudamerica Brutal 2	band
1785	Simón Remixes	band
1035	7dice	band
152	Los Amigos Invisibles	band
1583	Junior Squad	band
159	Los Mesoneros	band
1786	Todossantos	band
1722	Frank Quintero	band
1792	Dondi	band
158	Los Impala	band
1794	El Gran Circo Babilon	band
1798	La Banda de	band
1801	Carlos Baute	band
2410	Gutslut	band
2416	PVS	band
1008	Los Residuos	band
164	Malanga	band
1686	Alter Ego	band
16	Nocturnal Hollow	band
1805	Mirada Interna	band
1804	The Pets	band
1809	Luiser	band
1812	Madu's	band
1815	Mancha Negra	band
2421	Ulcerous Diseased	band
165	Mantra	band
1820	Cadáveres Podridos	band
175	Mochuelo	band
1104	Ankla	band
1475	Carlos Morean	band
1836	Nella	band
1839	5to. Aguacate	band
189	Pablo Dagnino	band
105	Grand Bite	band
1891	Los Cazadores	band
1826	Stormtrash	band
889	Subconsciente?	band
1886	Grupo Cañon	band
1899	Clavel Púrpura	band
157	Los Gusanos	band
1857	PH Siete	band
2422	Game Black Ant	band
2427	Bowel Maggots	band
1864	Almas	band
2431	Pinworm Infection	band
1894	Chasin	band
124	KRé	band
1854	Siete Palos	band
1860	Poetas Tercos	band
2426	Pancong Coklat Keju	band
2452	Depornicated	band
1862	Ale Ramírez	band
1867	Andrea Lacoste	band
1914	Denis Gonzalez	band
1953	Gatas Verdes	band
1593	Los Claners	band
1878	Bashako	band
1879	Blindaje	band
1883	Braulio Polanco	band
1890	Carlos Moreno	band
1906	Cuatromundos	band
1925	Eduardo Soto	band
1902	Colores Invisibles	band
191	Palmeras Kanibales	band
1921	Eddy & Delia	band
1980	Karina	band
1013	Llave de Fuego	band
1912	Defleshed The	band
1916	Difuntos, Extraños y Volátiles	band
1924	Eduardo	band
379	Alexis Peña	band
1023	Verona	band
1943	Fernando y Juan Carlos	band
2453	I porno You	band
2448	Mordecai Mapper	band
2433	Kharms	band
1963	Los Holiday's	band
1969	Ivan Higa	band
2444	Necrosis Cutanea	band
2437	Intestine Fetus Abortion	band
2703	Ex K La	band
1971	Jade	band
2036	Viover y Los Piraos	band
2040	Yaguar	band
2699	Al Jadaqui	band
2708	Simón Bolívar Niño	band
1964	Hojalata Suite	band
1968	Intemperia	band
1981	Kiara	band
2003	Rudy La Scala	band
1231	La Fé	band
1982	KBB	band
1983	Kleyver	band
1986	La Tía	band
2018	Srod	band
2021	Susana Abreu	band
1714	Umbra Summi Nobis	band
1720	Pitmaster	band
2045	Zozaya	band
259	Viniloversus	band
1226	Embas	band
1288	Agonia (Caracas)	band
125	King Changó	band
394	Torkhe	band
2818	ADN Colectiva	band
2816	Robert Rabbath	band
2783	La Original	band
2785	DJ MKC	band
2786	Magu	band
2812	Nano	band
2790	Carls Matthes	band
2811	Pedro Gil	band
2809	Sergio Muñoz	band
2822	Jonathan SC	band
2795	Intima	band
2784	Maíz	band
2787	Spiralz	band
2788	Electrobot	band
2796	Manuel Ragel	band
2797	Jabalee	band
2808	Dj Khont	band
2810	Bombay	band
2823	Nino Prez	band
2827	DJ Who	band
2848	Berio 303	band
1246	El Pacto	band
886	Rotten Vomit	band
2824	Pedro Duran	band
2833	Klahr	band
2839	Roberto Chiriqui	band
2832	Chriqui	band
887	Halteria	band
888	Interdimensional Hypernova	band
2840	Ra Visual Sound	band
1738	Angel Rada	band
221	Serenata Guayanesa	band
2834	Daniel Peterman	band
2846	Santo	band
2847	Chango	band
1001	Paro Cívico	band
1002	Ultra IB	band
1004	Venezea	band
1005	Illusive Mind	band
1006	Black Hole Nine	band
1007	DeKhalafarys	band
2828	Armando Arizaleta	band
2844	The Lords Ethnics Percussion	band
2838	Emerson	band
1010	7 Balazos	band
1011	Flandrz	band
1012	Op3rador	band
2231	Nancy Ramos	band
2829	DJ Luigi Daniel	band
1014	Judy Buendía y Los Impostores	band
1017	Tequila and Caroline	band
1018	Los Riff	band
1020	Rastamaika	band
1021	Roñettes	band
1022	Simón Díaz Remixes	band
2835	José Cabello	band
1025	Lado B	band
103	Gaêlica	band
1033	God's New Version	band
1034	Bacos	band
1037	Keedosh	band
1039	Automatik	band
2842	Leo Castillo	band
2843	Bless Killa	band
1040	Aeroplano	band
1043	Vertigo	band
1044	La Maquina Azul	band
1045	Agugutata	band
1047	Tercer Cuarto	band
1048	Sur	band
89	El Rastro	band
890	Triangular Ascension/Abiotha	band
1049	Toberias	band
1050	Hotdrinkers	band
1051	Yago	band
1053	La Radio Candela	band
1054	Ana Abandonada	band
1057	Zion	band
1058	Eslabon Sur	band
106	Grillos Mientras Tanto	band
1060	Nalgas Independientes	band
891	Vrantia	band
892	Anxurth	band
1062	Nou Vin Lakay	band
1067	The Go Go Punkers	band
1068	La Sonóra Ponzoña	band
1069	Danza Mecánica	band
107	Grupo Pan	band
1071	Jahbafana	band
1073	Klan-Foot	band
893	Amanecer Gris	band
894	Biophobia	band
1074	Los Memphis	band
1079	Apatía No	band
108	Gustavo Dal Farra	band
1080	Furia de Buzo Ciego	band
895	Theurgia	band
1082	Facundo Project	band
1083	Autopista Sur	band
1085	Doctor No y el Sr Chacal	band
109	Hana Kobayashi	band
1093	Dame pa Matala	band
1096	Captan obvio	band
1097	Andriuw	band
1100	Soma Raza	band
1106	El Enano de la Catedral	band
1107	Samantha Dagnino	band
1108	TurboEstereo	band
1109	Guillermo Carrasco	band
111	Henrique Lazo	band
1110	EA	band
1111	Bélica	band
1113	Piso 23	band
1116	Panasuyo	band
1117	Pig Farm on the Moon	band
1119	Los Avispones	band
1122	Guarapo 69	band
1124	Mermelada Maker	band
1127	Subdepresivo	band
1130	Zeta Once	band
896	Cronica	band
112	Horacero	band
1131	Trabuco Contrapunto	band
1132	Negus Nagast	band
1135	B6doce	band
1137	Los Martinis	band
114	Icaro	band
1141	Saliv4	band
1142	Numb	band
1143	Mattels	band
1144	Baphomet	band
897	Walking Over Strings	band
1149	Mistabal	band
1150	SocialKlash	band
1152	Ira	band
1154	AnalitiK	band
1155	Doppler	band
1156	Devaluados	band
1157	Perroroboto	band
1159	Deskarriados	band
116	Ilan Chester	band
1163	Los Dolares	band
898	Enlighten Our Nature	band
1165	No Rew	band
1166	El Gran Torino	band
1168	Onice	band
1171	Mr. Swing and The Bongo Clan	band
1170	La Pipa Freak	band
1172	Primera Edición	band
1174	Juan Peyote	band
1177	Master Gurú	band
1178	Bloon	band
1179	Crystal Requiem	band
118	Joudy Ju	band
1181	Aerea	band
1183	Cabaret	band
1184	Epoca de Recluta	band
1186	Efecto Paralelo	band
1187	Colectivo Proyectil	band
1189	Voodoo Dolls	band
119	Joystick	band
1191	Cachicamoconcaspa	band
1193	Caracas Underground	band
1195	Perversuus Su	band
1196	Fuhrend	band
1198	Kuámasi	band
12	Fening	band
120	Juan Carlos Torrealba	band
1201	Ruidosa	band
1203	V Sides Project	band
1204	Super Vaca	band
1206	Grabaciones Olvidadas	band
121	Julia	band
908	Pastel de Gente	band
909	Stalingrado	band
1212	La Banda de la Banana Voladora	band
1215	Tsunami	band
1216	La Caja Organica Antiritmo	band
1218	Ernie	band
1219	Sin Sospechas	band
122	Julliet	band
1222	Los Henry Zakka	band
1223	Factor Mental	band
1225	Channel	band
1229	Los Javelin	band
123	KP9000	band
91	Elektra	band
1230	Silfo	band
1235	Sabotaje	band
1236	Skamorphosis	band
1238	Onechot	band
1239	Nametai	band
1240	Ritual Sagrado	band
1242	9mm	band
1243	Cerouno	band
1245	Sala de Leb	band
1247	Skatz	band
1250	Nuuro	band
1251	Distorsión	band
1253	Faldas Largas	band
1254	Hagane	band
126	Kodigo De Bar	band
127	La Banana Voladora	band
128	La Calle	band
1287	Nemesis (Lara)	band
129	La Corte	band
1292	Ora Pro Nobis (Caracas)	band
1297	Basilisk (Aragua)	band
1298	Osteoporosis Aguda (Anzoátegui)	band
1299	Aborigen (Zulia)	band
13	Kharma	band
130	La Cándida Virgen	band
1301	ULTRAZONIDO	band
1302	DIESEL	band
1303	PROARESIS	band
1304	MARSHALL	band
1305	COSMIC PASS	band
1306	CAÑERIA	band
1307	Ofrenda con Vytas Brenner	band
1308	Víctimas de la Democracia	band
1309	Oktavo Pasajero	band
131	La Hermandad	band
1310	Holocausto	band
1317	A-kordes	band
1318	Vel France	band
1319	Mc Klopedia	band
132	La Leche	band
1320	Indigo	band
1321	Disco Duro	band
1322	Gross Evolution	band
1323	Séptimo Paralelo	band
1324	Tulipanes y Dragones	band
1325	D Chalinos	band
1326	Deymos	band
1327	Worship This Murder	band
1328	Ska Jazz Messengers	band
1329	The Luchos	band
133	La Mar	band
1330	Ak47	band
1331	Sonó Así	band
1333	The Cachivaches	band
1334	La Mala Piedra	band
1335	Trebel	band
1336	Kreils	band
1337	Ínfimo Paralelo	band
1338	Psikopata	band
1339	At Dawn Fall	band
1341	Josefina Benedetti	band
1342	Ficción	band
1344	Gilberto Finol	band
1345	Semeruco	band
1346	Los X5	band
1347	Partenón	band
1348	Pablo Torres	band
1349	San Etílico	band
135	La Mosca Punk	band
910	StormThrash	band
1350	Post Data	band
1353	Tuyero Submarin	band
1355	Virgilio Araque	band
1356	Trampas	band
1357	Tabako	band
1358	Zeverla	band
1359	Otros Estratos	band
1361	Jan Pawel	band
1363	Hidem	band
1364	Los Automatas Inteligentes	band
1365	Cable	band
1366	Old Times Revenge	band
1367	Sonda a Barnard	band
1368	Mind The Gap	band
1369	Upon My Soul	band
1370	Hyon	band
1371	Sane Toxic	band
1372	Immolated Souls	band
1373	Thickballah	band
1374	Three For All	band
1375	Zephyrus	band
1377	Penumbra	band
1378	Dagaz	band
1379	Overlook Suite	band
1380	Big Habana	band
138	La Puta Eléctrica	band
1381	Captain Obvio	band
1383	KDF	band
1384	Pablo Mendoza	band
1385	Los Inquilinos	band
1386	Yellow Ipe	band
1388	Dal Segno	band
1389	Nk Profeta and Underc Family	band
1390	Los Que Rezan	band
1392	Templo de Nadie	band
1393	Twamb	band
1396	John Guarena	band
1397	Tensión Cero	band
1398	La Partida Secreta	band
1399	Ashtar Sheran	band
14	La Abuela Disco	band
140	LaMueka	band
1400	Juliet	band
1402	North95	band
1404	La Banda de Casablanca	band
1405	Anarcolepsia	band
1407	Deusnomia	band
1408	Surnova	band
1409	JC Road	band
141	Laberinto	band
1410	Bituaya	band
1412	ByPass	band
1413	Pachi Jiménez	band
1415	Vhortex-9	band
929	Blasphemy	band
1417	Gladys	band
1418	Abejas	band
1419	Melao	band
1420	Selector Cocoman	band
1421	Mancebia	band
1423	ShittingFire	band
1426	El Cuarto del Blues	band
1427	Psycho Squad	band
1429	Pan (1970)	band
1430	Rebelion Andina	band
1431	Dying For Redemption	band
1434	Karavan	band
1435	Algodón Egipcio	band
1437	Dolli	band
1438	Radio Tigre International	band
1439	Los Clippers	band
144	Las Cuatro Monedas	band
1436	Los Sordos	band
1440	Vomito Adeco	band
1441	Proyecto Brujo	band
1443	Syma	band
1445	Jimmy Flamante	band
1446	Alvarez	band
1447	3 Words	band
1448	Wismar	band
145	Le Merm	band
1450	Esperanto	band
1451	Alfajor Del Dolor	band
1454	Eucalipto	band
1455	Taremurú	band
1457	Nocturnal Avernus	band
1458	RepublicAnimal	band
1459	KNUP	band
146	Le Picó	band
1460	A.P.L	band
1461	Us - It	band
1463	Domingo En Llamas	band
1464	Zul	band
1465	Dinamo	band
1466	Xtridencia	band
1467	Jovenes y Sexys	band
1468	Scrappers	band
1470	Venezuela Electrónica	band
1471	Jesús Parra	band
1469	Tumbador	band
1473	Primitive	band
1474	Los Dangers	band
1476	Visceral	band
1477	Titi Cundekas'on	band
1478	Colorado	band
1472	WAG	band
1479	Los 007	band
1480	Me vs. Murphy	band
1481	La Corriente	band
1482	Elaine	band
1483	Ainnes	band
1484	Psiquis	band
1485	Las Calaveras A Go Go	band
1486	Incore	band
1487	Razanima	band
1488	Los Noelia	band
1490	Evero	band
1491	Squirting	band
1492	Día Siete	band
1493	Aurora Turbo	band
1494	Paradigma Em	band
1495	Somático	band
1496	Lasso	band
1497	Nahu Padilla	band
1498	Lasca	band
1499	Cornelio Estación Caribe	band
15	Funebria	band
150	Liqüet	band
1501	Irión	band
1502	Space Brain	band
1504	La Cuestión	band
1505	The Mind Legalized	band
1506	Nomeolvides	band
1507	Los Polaroid	band
1508	808	band
1509	Antares	band
151	Los Alteregos	band
1512	Morrigan Crowley	band
1513	Omerta	band
1514	Fantasma Vagon	band
1515	Frank Risquez	band
1516	The Hangover	band
1517	No Comply	band
1518	Komo Zea	band
1519	Aponwao	band
1520	Blandia	band
1521	Chaos Descends	band
1522	Grupo C	band
1523	Electrotribal	band
1524	Thorvald	band
1525	...Al cruzar La Calle	band
1527	Host	band
1530	Ahankar	band
1534	Tratandose De Colina Tributo	band
1537	11011	band
1539	A Mozaic of Memories	band
154	Los Beat3	band
1536	Jesús Tomed	band
1540	La garantia Suspendida	band
1541	Caseroloops	band
1543	Chuchuguaza Style	band
1545	Kermit	band
1546	Cerberus	band
1547	Rulos de Shirley Temple	band
1548	Aldy	band
93	Estructura	band
1550	Holy Sexy Bastards	band
1551	Mr. Shotgun	band
1552	Big Mandrake	band
1553	100 Grados	band
1554	Fusión	band
1555	Klasse	band
1556	OK	band
930	Wellcome To Never	band
1558	Bluff	band
1559	Coupe	band
156	Los Crema Paraíso	band
1561	Indie-Go	band
1563	Anger In	band
1564	Ok Fran	band
1565	Todos los Monstruos	band
1566	Pentatoniks	band
1567	Reckless	band
1569	15 Weeks	band
1571	Furia de Buzo	band
1574	Aetheris	band
1575	Deveron	band
1576	Porn-O-Joint	band
1578	Sitcom	band
1579	Los Confleis	band
1580	Paralelo	band
1581	Sur Martire	band
1584	Los Ido	band
1585	Parásitos Urbanos	band
1587	Resaca	band
1588	Lobin Ejnay	band
1589	La Abuela Arkadia	band
1590	The Ministers	band
1592	Vortex	band
1595	Rekeson	band
1596	El Prieto	band
1598	Paralais	band
1599	Survival	band
160	Los Oceánicos	band
1600	Darvaset	band
1602	Selfish	band
1603	Cacao Express	band
1604	Sexta Legión	band
1605	Somos Héroes	band
1606	Jahkogba	band
1608	Revólver Suicida	band
1609	Saem	band
161	Los Últimos Indocumentados	band
1610	Turbo Soul	band
1611	Espiral Jack	band
1612	Barahúnda	band
1613	Ninguna Divina Proporción	band
1614	LeCaigoaPalo	band
1615	Zikoticos Armados	band
1617	Víctor Cuica	band
1618	Trau	band
162	Luz Verde	band
1620	Acero Plastico	band
931	Behated Reign	band
1624	Antonio Bello Blues Band	band
1625	Bulevar	band
1626	Idónea	band
1627	Otro Bar	band
1629	Valencia DKE	band
163	Majarete Sound Machine	band
1630	Between Tetris and Karma	band
1633	Call-On	band
932	Kraptor	band
1635	Los Spectors	band
1637	Estatico Cielo	band
1638	Sodom’s Child	band
1640	RxPxH	band
1642	Aeternus Sum	band
1643	Venezuela A GoGo	band
1644	Fatal	band
1646	Shangri Suite	band
933	Coprophagist Satisfaction	band
1647	An3stesia	band
1648	Coletivo Proyectil	band
1649	Le Folle	band
1650	Telecolor	band
1651	Empleado Del Mes	band
1652	Sonostático	band
1655	Radio Cassette	band
1656	Baquedanu's	band
1659	Sononautas	band
934	Brooken	band
935	Goat on Sale	band
936	Element of Decadence	band
1661	La Gente	band
1664	Lumendei	band
1665	Alex Portillo Band	band
1669	Desigualdad 1	band
1670	Galgo	band
1673	The Danos	band
937	Lithopedion	band
938	PhotoPhobos	band
1671	Yani	band
1674	Retrazo Social	band
1675	Los Barman	band
1677	Alce	band
1678	Gypsy Ska Orquesta	band
1679	Guayana Dub Project	band
168	Masseratti 2lts	band
1680	Sir Buffalo	band
1681	Apache	band
1682	Divine Of Desolation	band
1683	Bostas Brain	band
1685	Psinocencia	band
1687	The Josés	band
1688	David Montiel	band
1689	Norgyam	band
169	Mata Rica	band
1690	Arkazul	band
1691	Oath Of Blood	band
1692	ASD	band
1693	Araziel	band
1694	Resistor	band
1695	Cindy López	band
1696	Presidente	band
1698	Bonzay	band
1699	Sistema X	band
17	Selbst	band
170	Material Tóxico	band
1700	Papas Underground	band
1701	Aeroclub	band
1702	SonTizon	band
1703	Radio Activo	band
1704	Retrovértigo	band
1705	Jungla Boulevard	band
1706	Ruidos Violentos Vol.1	band
1707	The Sundaes	band
939	Dreamclouds	band
94	Faceless	band
1708	Daniela Bascopé	band
1709	No Me Molesten	band
1710	The Pelaballs	band
1711	De Pushkos	band
1712	Golgota	band
1715	Vargas	band
1716	A Fatal Omen	band
1717	Rhadamantyz	band
172	Meganeura Monji	band
1724	Perfect Asymmetry	band
1725	Reos PLC	band
1726	Mario Stern	band
1728	Las Perras Malditas	band
1729	Betamax	band
173	Mermelada Bunch	band
1730	Compay Son	band
1731	Fate's Pride	band
1732	Tempera Bemol	band
1733	Who's Barbara	band
1734	Los Dhali	band
1735	Adamantio	band
1736	Valium	band
1737	Ashe	band
1739	Bysonar	band
1741	Las Tripas	band
1743	Soto Blues Band	band
1744	FBRK	band
1745	Los Carraldos	band
1747	Sur Solar	band
1749	Alteración Genética	band
1750	Anestesia	band
1751	Genialo	band
1753	UD-Ska	band
1755	Mi Amigo El Lisiado	band
1756	Luz Blanca	band
1757	Saliva	band
1759	Ira Projeckts	band
176	Movida Acústica Urbana	band
1760	Dr. No y El Sr. Chacal	band
1761	Cronova	band
1762	Viernes Negro	band
1763	Misantropia	band
1764	Anatomiae Occultiido	band
940	Exsecror	band
941	Dilemma	band
1765	3 Dueños	band
1766	Baroni One Time	band
1767	4to Poder	band
1769	Bluepow Ocean	band
1771	Venezuela Subterránea	band
1774	Ruidos Bajo Suelo Guaro	band
1775	Los Supersónicos	band
1776	Venezuela Sin Fronteras	band
1777	Dromdead	band
1778	Ñu y los Palitos del Atlantico	band
1779	Childrens Games	band
178	Más Quejas	band
1780	Abner	band
1782	Venezuela Ska	band
1783	Ska and Punk Venezuela Bands	band
1784	Tributo Lo Fi	band
1787	Joudy In	band
1788	Porne crorgasm infect analeprosis Vajipenecefalitis	band
179	Nana Cadavieco	band
1791	Vomitando	band
1793	Discarga	band
1795	BrainX	band
1796	Los Nogger's	band
942	Demedina's	band
943	Praise No One	band
1799	Koincidencia	band
1800	Los Sharks	band
944	Daidalos	band
945	In Nomen	band
946	Davianda	band
947	La Constelación Se Apagó	band
1802	Los Perfectos Desconocidos	band
1806	Blonder	band
1807	Louis Pola	band
1808	Los Zeppy	band
1810	José Antonio Bordell	band
1811	Luz Marina	band
1813	Unicornio	band
1814	Maiah	band
1816	María Conchita Alonso	band
1817	Mariana Vega	band
1818	Mariano Godoy	band
1819	Maricruz Quintero	band
1821	Material de Desecho	band
1822	Matheus 10	band
1823	Metrópolis	band
1825	Música Expresiva	band
1827	Mussa	band
1828	Nauta	band
1829	Tecupae	band
183	Ohmio	band
1831	Neblina	band
1832	Agni Mogollón	band
1833	Alfred Gómez Jr.	band
1830	Ricardo Montaner	band
1834	Azabache	band
1835	Los Discotecos	band
1837	Vocal Song	band
1838	Robert Valerio	band
184	Ojo Fatuo	band
1840	A Lo Flamenko	band
1841	40 Plus	band
1842	Azotea	band
1843	Abraham Gustin	band
1844	ACME	band
1845	Numens	band
1846	ADN	band
1847	Nyah	band
1848	Oeste Santo	band
962	Alchera	band
185	Okills	band
1850	Oswaldo Grillet	band
1851	Paro Kardíaco	band
1852	Parthenon	band
1853	Paula Morales	band
1855	Delia	band
1856	Pentágono	band
1859	Plan 9	band
186	Oscar Fanega	band
1861	Al Zeppy	band
1863	Alfredo Romero	band
1865	Alterna	band
1866	Alvaro Segura	band
1868	Angela	band
1869	Animal Estelar	band
1870	Antonio Bello	band
1871	Arian	band
1873	Asimilation	band
1875	Avalancha	band
1877	Bartolomé Diaz	band
188	PP's	band
1882	Bonanza	band
1884	Bronce	band
1885	Los Bugat's	band
1887	Caña Loca	band
1888	Callejon 88	band
1889	Carlos Mata	band
1892	Celsitud	band
1893	César Muñoz	band
1895	Charly Duur	band
1896	Cherry Navarro	band
1897	Cien Grados	band
1898	Clarox	band
19	Corpse Profanation	band
190	Pacifica	band
1900	Clio	band
1903	Contraluz	band
1904	Croj	band
911	El Globo Oscuro	band
1905	Cuarto Poder	band
1908	Cyam	band
1909	D'Cero	band
1910	Los Darts	band
1911	Daniel Grau	band
1913	Defenders	band
1915	Dficitt	band
1917	Divina Ciencia	band
1918	Dogma Infinito	band
1919	Druidas	band
192	PapaShanty Saund System	band
1922	Eclipse	band
1923	Edgar Alexander	band
1926	El Medio Evo	band
1927	Los Electrodos	band
1928	Elisa Rego	band
193	Patafunk	band
1930	Encuentro Causal	band
1931	Ramas	band
912	Octavio Suñe	band
1932	Espumante	band
1933	Preludio	band
1934	ETC	band
1935	Fábrica De Sueños	band
1936	Q-80	band
1937	Profecia	band
1938	Fabrika	band
1939	Feedback	band
194	Pedro Manuel Bolívar	band
1940	Fauna Crepuscular	band
1941	Proganda	band
1942	Fernando Valladares	band
1944	Fhes	band
1945	Flor di Tormento	band
1947	Frank Morón	band
195	Petrula	band
1950	Proyecto Franklin Holland	band
1951	Paul Gillman	band
1952	Germán Freytes	band
1955	Gina y Agny	band
1956	Grado 33	band
1957	Greasy Grapes	band
1958	Grupo Geyser	band
1959	Propiedad Privada	band
196	Pharmacy	band
1960	Guillermo Dávila	band
1961	Hermes	band
1962	Hiena	band
1965	Homer & The Dont's	band
1967	IV Parlamento	band
197	Pixel	band
1970	Ivo	band
1972	Javying	band
1973	Jorge Aguilar	band
1975	Juan Carlos Pérez Soto	band
1976	Juan Carlos Sabater	band
1977	Juan Francisco	band
1978	Juegos De Azar	band
1974	Jorge Cid	band
1979	Julio César	band
198	Planeador	band
1984	La Araña En El Jardín	band
1985	La Fleur	band
1987	Laila	band
1988	Leo Carnicella	band
1989	Licio Lugarini Melloni "Licho"	band
199	Poster	band
1990	Lift	band
1991	Lorenzo Adam	band
1992	Quince y Ultimo	band
1993	Rafael Gómez	band
1994	Raimundo Rodulfo	band
1995	Ranamers	band
1996	Reaxion	band
1997	Reloj de Cuerda	band
1998	Reos	band
1999	Retrovisor	band
2	Fusión IV	band
20	Demise	band
200	Puck	band
2000	Rhapsodia	band
2001	Rodolfo "Pocho" Serra	band
2002	Roque Valero	band
2004	Rudy Márquez	band
2005	San Lukas	band
2006	San Francisco	band
2007	San Luis	band
2009	Sandino	band
2010	Santa Paula	band
2008	Santuario	band
2011	Santos Viejos	band
2012	Semilla	band
2013	Sergio Pérez	band
2014	Servando y Florentino	band
2015	Shesura	band
2016	Sikem	band
2017	Sin Dirección	band
202	Pzoom	band
2020	Suki Landaeta	band
2022	Tez	band
2019	Still Dot	band
2023	The Blues Voodoo	band
2024	The Black Project	band
2025	The Wertos	band
2026	Tiempo Gris	band
2027	Tinajas	band
2029	Tranzas	band
203	RC2	band
2030	Tres Tristes Tigres	band
2031	Trino Mora	band
2032	Vamos Pa'lante	band
2033	Vile Hex	band
2034	Víctor Muñoz	band
2035	Via Lactea	band
2037	Voz Veis	band
2038	Williams	band
2039	Winda	band
204	Radio Clip	band
2043	Zignia	band
2044	Zetafónica	band
2046	Zro	band
2047	Guillermo Carrasco y Agni Mogollón	band
205	Radio Tigre Internacional	band
2050	4 OF US	band
2051	Blue Strings	band
2052	KungFu Club	band
2053	Versed	band
2058	La Pagana Trinidad	band
2059	Desinformados	band
914	Rebellion	band
206	Rawayana	band
2061	José y El Toro	band
2070	Zoller	band
208	Recipe Morado	band
2086	Soured	band
209	Repe	band
210	Resistencia	band
981	Our Astronomy	band
982	Regardless	band
211	Reyes	band
212	Ricochet	band
2127	CG Project	band
2135	Los J	band
2138	Adriana Lorenzi	band
214	Rodrigo Solo	band
213	Rigel Michelena	band
2140	Danto	band
2141	Ruido Atlántico	band
215	SMAG	band
216	Salpachino	band
2166	Edema	band
217	Samsara	band
218	Seguridad Nacional	band
22	Gamalyel	band
983	MxDxH	band
222	Sietecuero	band
2223	Cinco Minutos Más	band
2227	Mare Imbrium	band
2228	Proyecto Amber	band
223	Sin Comentarios	band
2230	Panas	band
2232	The Nasty Pillows	band
2233	Los Snobs	band
2234	Orquesta Venezuela Pop	band
2235	Los Bonnevilles	band
2236	Wendy	band
984	Obsidiah	band
2237	Wolfgang Vivas	band
224	Sincrónica	band
2243	Pablo Schneider	band
2244	Un Dos Tres y Fuera	band
2246	Grupo C.I.M.	band
2247	Apocalipsis	band
225	Skin	band
2250	Bacro	band
226	Slam Ballet	band
227	Sofía Insomnia	band
985	Twisted Ending	band
987	Violent Wave	band
228	Solares	band
2280	DEEP SEVEN	band
2288	2HD	band
229	Spias	band
2291	ARTIFICIO	band
2295	La Prima Notte	band
230	Spiteri	band
231	Submarino	band
232	Subsonus	band
233	Superglicerina	band
2332	Fito Páez	band
2339	Cave of Swimmers	band
234	Sur Carabela	band
2343	Mafia	band
235	Susan	band
236	SyncroDynamic	band
237	Sónica	band
238	TLX	band
240	Team Malín	band
242	Tha Chewbacca Project	band
243	The Asbestos	band
244	The Last April	band
246	The Six	band
2460	Miroslava	band
2462	Luis Oberto	band
2465	Ciruela	band
2468	Grupo Syma	band
247	Tisuby & Georgina	band
2471	Enrique Bunbury	band
249	Tomates Fritos	band
25	Torre de Marfil	band
248	Todosantos	band
251	Tremolo Violenta	band
252	Tribop	band
2523	Pantano	band
254	Témpano	band
2542	Elastic Bond	band
256	Vagos y Maleantes	band
2568	Luis Daniel González	band
2573	Rafael Rico	band
2574	Different Fountains	band
258	Vinicio Adames	band
2581	Doctor Phono	band
26	Executers	band
260	Vox	band
253	Tribu Ultravioleta	band
2604	Dimitri From Paris	band
261	Vytas Brenner	band
2618	Demetrio De CCS	band
2620	Spyro	band
2626	DJ Trece	band
263	Willie Croes	band
264	Yordano	band
2647	Dr. Scratch	band
265	Yátu	band
2662	Pacheko	band
2665	Juan Rivas	band
262	Wahala	band
267	iX	band
2672	Yare	band
2676	Willie Colón	band
2677	Evio Di Marzo	band
268	Éxodo	band
269	Azucar Cacao Leche	band
27	Feel The Blade	band
270	Dimension Latina	band
2718	David González	band
2719	Rosa Marina Leña	band
2721	Mario Parker	band
2722	Elsa A. Camacho	band
2724	José Ramón Morales	band
2727	Dr. Muu	band
273	Frank Quintero & Los Balzehaguados	band
2731	Velazco	band
2732	Trilobites	band
274	Miguel Oldeberg	band
275	Circo Vulkano	band
277	Los Mentas	band
278	Los Paranoias	band
2789	Club Nuclear	band
279	Soleà	band
2794	Miguel Noya	band
28	Möbius Tyranny	band
280	Damper	band
281	Lo Blanco Del Ojo	band
2813	Javith	band
2814	Salazar	band
2817	Mario Romero	band
2819	Dj Aureal	band
282	Virtual Lakai	band
2825	Betamacs	band
283	Isa TKM	band
2837	Turtled	band
284	No Habrá Futuro	band
988	Indigestable Suppuration	band
989	100 Stabwounds	band
285	Psh Psh	band
2854	Tito Fierro	band
286	Tulio Chuecos	band
2862	Hector Gamez	band
2864	Reix	band
2868	Javid Ghersi	band
287	Los Chevynovas	band
2871	Luis Patty	band
2872	Wax-0-Matik	band
2877	Moreon	band
288	Pablo Gill	band
2884	DJ Wope	band
2885	Manybeat	band
2886	Dj Luis Patty	band
2889	DJ Jonathan Sc	band
289	Azúcar, Cacao & Leche	band
2897	Ordep Zerep	band
29	This Is Irlanda	band
2900	Chunktrade	band
2901	Anorexia Isan	band
293	Frank Quintero & Los Balzehaguaos	band
2934	Nomadas	band
2938	Buena Lavativa	band
294	Mango Funk	band
295	Miguel Oldenburg	band
296	Roraima	band
297	Nycaloteph	band
298	Wrathful	band
299	Embriogenesis	band
3	Pablo Manavello	band
30	10MC	band
300	Predator	band
301	Doña Maldad	band
303	Triciclo	band
305	Rompecara	band
306	Trauma	band
308	Among Disaster	band
310	Maquina Animal	band
311	Remember The Legacy	band
312	Prozak	band
313	Haier	band
314	Beyond of Desolation	band
315	Neo Noir	band
316	Spindolla	band
317	D.H.D	band
318	Panthematic	band
319	Human Error	band
32	20/20	band
320	Anfitrite	band
321	Morzgul	band
322	Landsemk	band
323	Klimax	band
324	Tronos	band
325	Gastonia	band
326	Evhay	band
327	Armadura	band
329	SulleN	band
33	A'mbar	band
330	Nomad Theory	band
332	Kolman	band
331	Ghriéving	band
336	Terra Nullius	band
337	Morbidsign	band
338	Cultura Tres	band
339	Leben Und Drama	band
34	APIX	band
340	Blasphemovs War	band
341	Virulent Deformed	band
344	Chaos Avatar	band
345	Pulsobito	band
348	Igni Dare	band
35	ATTE	band
350	Metallica	band
351	Sentencia/Xtremauncion	band
352	Vallium 100kg	band
353	Falcore	band
354	Mar de Rabia	band
355	Room Of The Mad Robots	band
349	Boston Rex	band
346	Brutal Nativo	band
356	Haz	band
357	Trallador	band
358	Atancha	band
359	Blood Prophecy	band
36	Aditus	band
360	Human Carcass Crop Circle	band
361	Bajo Tierra	band
362	Schizophrenic Torture	band
363	Manodura	band
364	ID Hardcore	band
367	Venezuela Dark Side	band
368	The Greasers	band
369	Krueger	band
37	Agresión	band
370	Fractal	band
371	Necropsia	band
373	Magnocore	band
374	Epitafio	band
375	Hiperión	band
376	Necronomisurf	band
377	Kuartzo	band
378	KO2	band
380	Eztado kritiko	band
381	The Art of Jor	band
382	Navegante	band
384	Almagor	band
385	Agonal Breathing	band
387	Tendencia Extrema	band
388	Farenheit	band
389	Sarcom	band
39	Alfombra Roja	band
383	La Puerk	band
390	Los Callejeros	band
391	K.F.D.	band
392	Crucifixion	band
395	Apocalypse	band
396	Rompiendo Muros	band
398	Backhand	band
399	Marco Ciargo	band
4	Henry Stephen	band
40	Almendra	band
400	Metalepsia	band
401	Zeus	band
403	Maracaibo	band
404	Atlantica	band
405	Morbus	band
406	Echoes	band
407	Mertcurich	band
408	IslaSorda	band
409	Enfasis	band
41	Americania	band
410	Goat Drinks	band
411	Venezuela Porno Metal	band
412	Kav	band
413	Technical Work	band
414	Celtika	band
415	Raw Oath	band
416	Meid	band
417	Amhortex	band
419	Argovia	band
42	Ananta	band
421	Blood Insane	band
423	Not For Memories	band
424	Diatriba	band
425	Kemakuerda	band
420	Macondo Children	band
427	Deflesh The Abducted	band
428	Fuga	band
429	Sentencia Acida	band
43	Andreazulado	band
430	Krabat	band
431	Scythe	band
432	Menstrualithy	band
433	Miss Cabaret	band
434	Coral	band
435	Toxic Hoffman	band
437	Scourgery	band
438	El Hijo de Sam	band
439	Crímenes Cada Segundo	band
44	Antena Mantis	band
440	Divinity Of Desolation	band
441	Pellejo	band
442	Defragment	band
443	Synthness	band
444	Los Calvos	band
445	Sibelíus	band
447	Aurea	band
448	Alma	band
449	Abdias	band
45	Arbiza	band
450	NADA	band
451	Elica	band
452	De La Nostalgie	band
454	Arrecho	band
455	Tras Las Fauces	band
456	Fahrenheit	band
458	Agente Extraño	band
46	Arkangel	band
460	Abstracademy	band
459	Zeta	band
462	Logia Drakos	band
463	Contrataque	band
464	Brutal Destripation	band
465	Calvarium	band
466	Languidez	band
467	Salomón	band
468	Malevolencia	band
469	Luar	band
47	Atkinson	band
470	Vecchini	band
471	Myzis	band
472	Devastación	band
473	Lienzo.M	band
474	Presos Por Detenidos	band
476	Hails	band
477	Sick Feel	band
479	Syriak	band
480	Intriga	band
475	Aversio Humanitatis	band
483	Afropunk	band
484	Alice in Hell	band
485	Guerra Santa	band
486	Alfredo Herrera	band
487	Blush Magenta	band
488	Silmarillion	band
482	Sifting	band
489	UNCO	band
49	Bacalao Men	band
490	DellaFe	band
491	Criterios	band
492	Tukuca Zakayama	band
495	Tanqueta 77	band
496	Colera Morbus	band
497	Morghduet	band
498	Kryogenic	band
499	SOËDADE	band
5	Pedro Castillo	band
493	Messiah In The Abyss	band
50	Bala Perdida	band
500	Osteoporosis Aguda	band
501	Oscura Realidad	band
502	Homicide	band
503	Massacre In The West	band
504	Eternal Sorrow	band
505	Bad Portent	band
506	Sequia Negra	band
507	Fray	band
508	SS	band
509	N.O.D.S.	band
51	Billy Se Fue	band
510	Makondo 2.0	band
512	Palabras Extrañas	band
513	Grow	band
514	Eliaquim	band
515	Core	band
516	Criptyca	band
517	Muerte Tóxica	band
519	Inhate	band
52	Buenaparte	band
520	Infestus	band
522	Mettanoia	band
525	Escudo	band
518	Across The Ruins	band
523	Acidemia	band
527	Overhate	band
529	Nekro Cvlt Desecration	band
53	C4 Trío	band
531	Bajo Cero	band
534	Los Humanoides	band
535	Zumo	band
537	La Séptima Bruja	band
538	Aethernam	band
539	Portal X	band
54	Cabezón Key	band
540	Abismales	band
541	Ancelot	band
542	IRH4	band
543	Prognosis	band
544	Relleno Sanitario	band
545	Skoria	band
547	Alto Pana	band
548	Necronacia	band
549	Optofobia	band
55	Candy66	band
550	Buffalo Mad	band
552	Flanders	band
553	Puah	band
554	NewtralSide	band
555	Celacanto	band
551	El Viaje de los Antiguos	band
556	Desierto Porno	band
56	Cangrejo	band
563	Odio	band
564	Orion	band
566	AdxivA	band
567	Jekyl Hydes	band
568	Take Control	band
569	Tierra de Sombras	band
57	Canserbero	band
570	Nederheim	band
571	Incendiario	band
572	No More Jekyll	band
573	Drakmord	band
574	@patia No	band
575	Edencry	band
576	Arpía	band
577	Ashwave	band
578	Adenophilia	band
579	Belzabet	band
580	Viceral	band
581	Adh Seidh	band
582	Artex	band
583	Marcial Meléndez	band
584	Dose	band
585	Moira	band
586	Nabarao	band
587	Misera Venus	band
588	Rudras	band
589	Drahcko	band
59	Cebollas Ardientes	band
590	Nemesis	band
591	Enemigo	band
592	Tree Of Life	band
593	Mitodea	band
594	Leviathan	band
595	A Day To Drink	band
596	Living Dead	band
916	Días de Septiembre	band
597	Los Telecaster	band
599	Leaves	band
6	Melissa	band
60	Cero A La Izquierda	band
600	Kiakra	band
602	Impery	band
603	Khristenn Corpse	band
605	Hellbents Rise	band
598	Basilisk	band
601	Shelter Nefarie	band
604	Immunity Machine	band
608	Hier	band
609	Godless	band
61	Charliepapa	band
610	Metempsicosis	band
611	Sacrilegio	band
612	Nocturnal	band
613	Blackfemia	band
615	Biowarfare	band
616	Southaven	band
617	Maphalda	band
619	Arsenal	band
62	Chucknorris	band
620	Raped Dolls	band
621	Bajo Tsunami	band
622	LAM	band
618	Mean Machine	band
624	Alto Voltaje	band
625	Collapsing System	band
627	Cuarto Magno	band
629	Hodah	band
623	Bajo Zero	band
630	Blackout	band
632	Disaster Prophet	band
633	Living Decomposition	band
634	Diphteria	band
635	Emptiness	band
636	En Carne Muerta	band
637	Exorcion	band
638	Extrema Realidad	band
64	Chupi Lumpi	band
640	Evogath	band
641	Hostil	band
643	Trueno	band
644	Fethuruz	band
645	Laverno	band
646	Canuto’s Blues Band	band
647	Conspiracy Of The Unseen	band
648	Death Mortor	band
650	Arcuri Overthrow	band
651	Abraxas	band
652	Eutanasia Brutal	band
653	4 Signos	band
655	Dread Nation	band
656	Necroprogenie	band
657	Extrema Unción	band
658	Asphixia	band
659	Ira de Dios	band
66	Circo Urbano	band
660	High Risk Stragedy	band
661	Exordium Profanum	band
662	Exordium	band
663	Lymphosarcoma	band
664	Blindeyes	band
665	Los Tal Y Que Se Yo	band
666	Masiva Energy	band
667	Kriminal Dead	band
668	Subliminal Code	band
669	Vorarephilia	band
67	Claroscuro	band
670	Grinder Skulls	band
671	Lester Nava	band
673	Astraria	band
674	Cabimas La Cuna Del Rock	band
675	Zutura	band
676	Cover Vinilo	band
677	Crematorio	band
678	Dreams of Tears	band
679	El Techo de la Ballena	band
68	Claudio Corsi	band
680	Diarrea Puku	band
681	Desesperanza	band
682	KOKO	band
683	Ysis Vivas	band
684	Chernobyl	band
685	S.P.G.	band
686	Southern Tempest	band
687	Fedon	band
688	Tierra del Dragón	band
69	Colina	band
690	Trivu	band
692	Eterna Oscuridad	band
689	Soundchaser	band
693	Juan Manuel Ponce	band
694	Ciudad Ojeda es Rock	band
695	DeepZep	band
696	Eighth Sin	band
697	Insomnia	band
698	Lepster	band
699	Chorizo con Papa	band
7	Ballroom Orchestra	band
70	Culto Oculto	band
701	Degollado	band
702	Equilibrio Vital	band
703	Akabatrapos	band
704	Irillion	band
705	Exodie	band
706	Amocabel	band
707	Iván's Blitzkrieg	band
708	Makara	band
709	A Falta Omen	band
71	Cunaguaro Soul	band
710	Geisha	band
711	Alta Frecuencia	band
712	Ivanovich Mendoza	band
713	Alma Fósil	band
714	Carlos75.com	band
715	Agata	band
716	Alianza Sagrada	band
717	Aesthesis	band
718	A.R.O.	band
719	Etnica	band
72	DJ Afro	band
720	Aborigen	band
721	Allegro Andantino	band
722	Inkisitorium	band
723	Arastral	band
724	Anopsia	band
725	Abismo	band
726	Cuarta Dimensión	band
727	Visai	band
728	Centurión	band
729	Vehemencia	band
73	De Reyes	band
730	Nox Desperatio	band
731	Burial Ruthless	band
732	Deus Ex Machina	band
733	Ktharsys	band
734	ThrasherHell	band
735	Félix Martin	band
736	Ora Pro Nobis	band
737	Sepultura	band
738	Hekla	band
739	Crocell	band
74	Decibel	band
741	Inhuman Conspiracy	band
742	Carnage	band
743	Abortos Anales	band
744	Frente De Ira	band
745	Dissonath	band
746	Kroll	band
747	Noctis Imperium	band
749	Oldskull	band
75	Del Pez	band
750	Occisas	band
751	Difuntos	band
752	Slow Death	band
753	Herejía	band
754	Erebus	band
755	Grotesque Deformity	band
756	Decayed Corpulence	band
757	Tinieblas	band
759	Korpus Inc.	band
76	Dermis Tatú	band
760	Pantokrator	band
761	Enkdenados	band
758	Incruento	band
762	Up the Terror	band
763	Collateral Detriment	band
765	Inferno	band
766	Broken Void	band
767	Goat Serpent	band
768	Nuclear Devastation	band
77	Desiderata	band
771	Arma Letal	band
772	Forget the fallen	band
773	Thou Shall Fall	band
775	Porta Infernum	band
776	Deformicario	band
777	Kveldulv	band
778	Between Aliens & Humans	band
779	Serpent Christ	band
78	Desorden Público	band
780	C.a.q.ll.e.d	band
781	Sacro	band
782	Hatred Spawn	band
784	Sea of Nectar	band
785	Galaroth	band
786	Spellforest	band
787	Extraña Defunción	band
788	Gota	band
789	Silence of Tranquility	band
917	Brew Army	band
79	DespuésDeVieja	band
790	Mashiaj	band
791	Dargothar	band
792	Stratuz	band
793	Stratuz/Noxious	band
794	Metzeli	band
795	Zardonic	band
796	Gore Asylum	band
797	Ritual	band
798	Demolicion	band
799	Sëoj	band
8	OSV	band
80	Dioslepague	band
800	Luz en las Tinieblas 777	band
801	Sociedad Purpura	band
802	Arana	band
803	FG Felipe González	band
804	Gorepriest	band
805	Carnagoth	band
927	Dlapiel	band
806	Blackholepit	band
807	Korpus	band
808	Omegua	band
81	Dischord	band
810	Novarmada	band
811	Bloody Semen	band
812	Esfinge de Gizeh	band
813	Altered Saints	band
814	Necrofago	band
815	Trastorno	band
816	Ebola	band
817	La Cienaga	band
819	Black Venezuela	band
82	Distrust	band
820	Aravan	band
821	Eternal Whisper	band
822	Intestinal Infection	band
824	Odo'Sha	band
825	Index Of Wickedness	band
826	Land of The Living Bitches	band
827	Electrocirkus	band
828	Denied	band
829	Pornecrorgasminfectanaleprosis Vajipenencefalitis	band
830	Evola	band
831	Desfigurated Human For Cannibalism	band
834	Atiko	band
837	Deus Irae	band
838	Divus Kirius	band
839	Zatrarath	band
84	Don Khumalo	band
840	Lake of Tears	band
842	A Day Before Death	band
843	Lord of the Thunder	band
845	Infernal Moon	band
846	Brutal Assault	band
847	Human Annihilation	band
848	Lessthanot	band
849	Stunningstorm	band
85	E-óN	band
850	Has The Worst Taste	band
851	Dandelion	band
853	Templo de Chivos	band
854	Sagoth	band
855	XVIIVX	band
856	Rotten Burial	band
858	Unwanted Existence	band
859	Rhadamanthyz	band
928	B.E.T.O.E	band
86	Edgar Jiménez	band
860	Bloodwork	band
861	Forgotten Moon	band
864	Secta Canibal	band
866	Colission	band
867	Dead’s Day	band
868	Michael Zapata	band
869	Imperium	band
87	El Clan Spiteri	band
870	Sol Nocturno	band
871	Aggression Of Death	band
872	Infected	band
873	Walking Like Ants	band
874	Chaima	band
875	Okkvlt	band
876	Bajo Ritual	band
877	Enigma	band
878	Mr.Hodgkin	band
879	Vorgrow	band
88	El Quinto Combo	band
880	Imitheos	band
881	Animadversion	band
882	Thunderhell	band
9	Sangre	band
901	Akuhena Yavari	band
902	KurareX	band
903	Structural Vortex	band
904	Mugre	band
905	Guarapa Core	band
906	Hecatombe	band
907	Melancólicos Anónimos	band
900	NeverDead	band
919	Blackstone	band
92	EntreNos	band
920	Asmodeo	band
921	Aphelium	band
922	Vetres	band
923	D'Montana	band
924	Evil Reborn	band
925	La Fiesta Animal	band
926	Übercafé	band
948	Desmoterion	band
949	Revolver	band
95	Famasloop	band
950	IxPxCxCxOxCxDxAxBxCxMxAxBxFxOxHx	band
953	Azif	band
952	Pedobear	band
954	Avathar	band
955	Animas Negras	band
956	Catástrofe	band
957	Lunar Dementia	band
958	Kindertoyz	band
959	The Castle Sulfur	band
96	Fernando Yvosky	band
960	Baphometh	band
963	Abaddon	band
964	Desolated Souls	band
965	Ad Intra	band
966	Epifanor	band
967	Lignum Crucis	band
968	Kama-Meru	band
969	THE	band
97	Fibonacci	band
971	Sexto Sonar	band
973	Vitriol	band
974	Soberbia	band
975	N.W.D.	band
976	Deus Ex Machine	band
977	Dxnny Glxver	band
979	Hate From Hell	band
98	Fordelucs	band
980	Amantium	band
978	Seres	band
99	Franco De Vita	band
991	My Own Creation	band
992	Destruye Pony's	band
993	La Rotunda	band
994	Machine Animata	band
995	Kaos Litio	band
996	Superheterodino	band
999	Maraña	band
