1134	6420
257	2515
176	957
257	166
1840	4370
1961	2953
1801	8133
257	1251
1593	153
1889	8256
1821	4085
1832	7107
257	2199
257	436
93	341
5	7749
47	3492
1387	7382
257	2243
1801	8125
182	2084
257	570
1832	3
931	4925
948	5398
1247	1442
192	1848
1995	6311
257	2025
107	2872
257	1007
165	1384
164	1092
310	4000
266	494
61	950
338	5303
152	2273
42	1599
1999	4268
257	980
189	3411
1801	194
1865	4712
257	596
1990	6234
1837	7782
1905	5269
257	2070
1722	3346
58	1904
1912	5379
963	6982
2036	2287
1904	794
49	504
2036	6860
940	5633
1801	280
1078	6876
99	810
233	2341
257	646
99	1470
257	1834
257	604
1046	2553
419	4780
1924	5498
203	3040
106	7622
46	4796
96	2940
257	886
2038	3698
90	2825
231	2183
1919	3379
257	1372
2011	5711
257	2004
257	2027
370	5750
47	174
1078	6881
257	3278
204	1306
245	629
69	8646
168	1108
257	3178
261	21
1942	68
257	1071
257	3275
257	1800
257	1487
236	1517
1071	6006
257	438
310	3065
230	1894
1806	605
2038	6907
254	1576
257	3598
201	3142
152	386
127	2822
154	3616
257	1656
1812	3895
37	2444
1926	1054
2029	6750
164	686
630	4939
257	1978
257	1008
287	779
257	1975
1247	360
56	3411
1848	4435
99	2857
293	3570
623	4855
252	2436
67	831
1821	4079
80	2180
1931	5549
428	628
1306	4161
1978	6039
226	3087
265	1121
87	602
216	2997
257	509
2017	6556
1889	8262
203	3034
1920	3067
1885	5013
2029	6757
1500	4509
287	782
293	3346
293	8282
242	2176
262	931
1985	6143
66	719
1950	2029
254	68
398	4861
265	1547
62	1553
1898	5203
163	2288
36	2824
2001	5993
711	4706
48	689
1475	8842
257	1747
122	1293
112	3614
1900	5214
185	3257
1801	8093
2017	6552
1221	6056
177	2767
1387	7355
257	2745
963	6980
153	2397
1061	4312
162	519
14	4376
189	1165
1905	461
240	179
164	255
700	2959
65	2209
141	2661
1884	5007
191	1821
1071	5999
1844	4386
14	2022
916	2085
1181	2999
1131	6725
257	2868
99	1712
196	2212
1940	1443
1093	5336
1921	369
257	3583
2038	6906
1567	3772
1812	2562
234	6611
1949	5765
541	4736
40	2429
257	1382
1819	4036
257	1702
1801	8128
52	1500
1552	3779
1985	6135
1955	1051
148	373
1891	5102
428	5789
257	2452
1387	7372
254	38
1475	3569
257	408
1080	5798
134	1072
206	303
66	724
265	3765
1801	8091
1722	1292
257	1268
234	687
257	1166
257	2574
1954	8395
991	4224
257	561
78	8942
95	664
1045	4645
33	7484
1918	5442
1131	6734
176	967
178	2692
132	3403
46	3467
1898	461
1387	7346
257	496
1923	3257
242	2174
1911	8741
1474	5347
2040	3710
390	5051
140	3010
2008	3590
1918	4953
1924	5497
96	3569
461	4971
257	789
2038	6902
1843	6984
43	992
1552	844
246	1724
46	3534
257	5845
1988	7324
1801	4516
1722	628
257	667
99	515
99	3617
137	3069
1810	2853
257	566
80	385
1855	8810
219	2229
82	1380
215	1440
180	1626
177	2930
152	7599
1959	3
1357	4017
1887	5070
53	930
257	2875
112	2207
175	2416
1912	5378
119	495
1893	3236
1828	3555
1807	3849
1925	921
2040	4583
257	3286
257	483
2039	964
1940	1438
720	4378
137	3028
1843	3557
1990	6238
1868	7685
931	4922
257	16
1843	4409
1801	8111
257	486
87	1435
144	2629
257	565
249	2617
227	1497
176	955
257	309
99	819
1801	8136
1030	6105
257	425
1868	247
1061	4325
46	2026
257	3284
1475	153
125	2317
189	646
1472	6892
227	1496
261	3617
541	4742
257	877
257	1750
164	1320
1889	1168
262	1213
1849	4459
257	1440
96	3552
1593	5207
278	2758
2026	6683
1951	2953
196	2213
1867	7643
126	3006
73	1529
1955	2255
95	718
215	1443
456	5692
80	2179
1910	2032
32	795
99	801
48	1617
37	2433
1961	599
1889	8251
78	2140
163	1169
99	1288
164	687
58	1911
1982	706
233	848
257	2174
257	1121
1832	7126
55	3293
257	989
479	6627
1937	5658
48	2151
1956	5800
846	3967
153	2307
128	511
180	1622
2017	6558
206	3605
1911	8731
2022	661
148	916
257	1767
1887	5067
257	2152
177	2927
1883	4989
167	1380
1886	5084
230	602
1387	7385
733	6094
1821	4087
35	1790
257	3016
230	1897
99	2511
197	1614
1890	2892
1889	196
219	2234
173	746
257	3476
257	490
733	6095
78	485
153	1245
257	1696
257	1754
461	4965
152	7593
1387	7375
36	2104
176	930
1837	7762
36	7091
1061	4333
1855	8809
1819	3
111	1723
95	174
257	3225
61	949
1798	38
1871	4782
139	1219
257	1258
80	498
1982	6065
175	2644
1916	5418
247	3531
257	2459
257	1992
1845	4397
64	1613
176	966
58	548
3	2892
1711	5358
174	494
1959	3124
1801	8162
257	2179
257	67
1387	7336
1801	5993
176	959
293	3586
206	732
123	2151
1926	3244
234	686
1303	5640
916	5417
1057	6965
1625	5023
257	498
257	1829
931	4883
204	3408
203	2460
1811	2892
1837	7789
1846	3314
250	1121
257	2408
257	2605
93	342
653	4335
223	2165
257	1933
257	3486
78	2133
126	3014
1832	2853
257	643
1225	5132
1083	1803
2024	6659
1825	4176
49	3287
133	2085
84	2457
43	3286
1930	5553
174	3271
1444	6814
2015	6452
130	3253
257	1967
257	1667
294	3391
1885	5021
257	592
965	7042
97	834
1888	5054
278	997
99	1713
67	174
257	1698
1924	5501
280	1780
1961	5903
18	5195
32	2383
257	2412
320	4220
257	1383
66	720
99	1471
176	958
78	482
487	3855
79	825
257	172
264	1863
623	4862
1894	1705
234	174
596	5942
174	1267
190	689
99	3042
257	1966
1801	8048
1247	6567
1387	7381
257	159
257	3581
1855	8799
1843	3766
84	2450
1841	4355
37	2437
1587	6357
162	3291
1889	544
147	703
1686	4711
164	1089
63	366
1955	682
1131	5903
1356	6737
262	737
206	2245
1801	8190
191	1814
257	3263
1974	3216
257	2465
2017	6560
58	2698
1705	5211
1030	2508
175	467
257	2874
197	1648
89	403
34	696
157	2553
141	3026
1819	1195
1722	921
257	2872
257	3571
117	2173
336	6647
1801	8172
1387	7383
1872	4800
257	871
257	493
1861	7178
230	29
1801	4517
963	4367
257	2592
257	3283
49	3291
46	2025
1099	4278
257	2030
134	1840
257	588
127	2818
541	4738
286	669
257	282
1847	4408
1722	7142
623	4872
1587	6368
136	3307
1753	6804
1940	549
36	1567
1801	1473
257	1869
294	3388
257	1699
37	4638
84	2445
247	3535
1954	2375
257	2394
90	2820
1870	7852
1221	6052
1905	5270
237	535
1855	369
338	5300
466	6195
630	4931
257	1010
82	2639
257	2999
1855	8811
257	2077
112	845
1801	2183
257	1540
114	1086
1883	4980
130	1253
99	1473
157	3159
1187	8560
257	3414
1894	5149
1593	5202
209	526
257	601
1117	4618
1801	8046
25	2144
213	3422
175	3626
257	2446
1889	615
484	3702
295	1534
1808	7183
255	1672
175	2418
257	2585
36	38
90	2835
99	277
257	2511
257	1269
42	4735
237	536
67	2011
1753	4434
624	7418
1148	4402
1930	5552
257	523
220	607
610	2581
78	2139
1891	5105
257	1434
1878	4896
106	3204
108	3243
270	1041
257	2991
93	2258
119	883
66	721
235	2427
1356	6738
99	1705
230	603
1996	4112
138	3614
99	5990
59	800
2011	1520
1992	2892
1922	2954
1893	5110
1964	5926
1187	8555
1519	4776
192	481
99	817
257	2520
1722	8863
66	727
99	209
1843	7001
260	3348
257	530
75	2889
257	598
51	2281
46	2027
249	775
257	1746
344	5146
1907	5293
257	2481
40	612
257	1946
257	1983
1027	6221
46	4787
257	2883
180	1182
115	2982
963	4363
257	1857
1931	6286
167	1656
1832	21
9	39
40	611
257	1770
1889	8038
257	1309
1181	3003
257	2193
1500	4507
164	660
172	1909
1875	4827
257	1482
257	874
1940	1441
1722	2708
2040	6928
220	511
123	1848
338	5304
1926	8334
78	1463
257	315
257	549
234	667
257	3060
1543	5164
150	133
1919	5438
1934	1108
47	3479
40	2427
262	3259
285	2720
1925	5521
177	2936
96	3547
126	3012
1915	5405
1387	7363
332	6080
1419	3266
257	3053
78	1059
257	2747
152	2913
48	2155
169	3620
2035	6854
1045	4640
1974	6030
254	1575
1722	3597
1587	5719
199	1406
1846	564
1530	4650
107	3617
93	353
99	280
257	2581
257	313
152	764
257	878
69	2677
1843	6978
80	366
77	1223
93	347
1871	4791
261	515
1554	5801
428	5791
1181	3001
257	661
257	1777
226	2808
1832	7125
99	2297
1990	6232
632	5423
257	3432
257	2806
1834	628
1801	8049
257	2588
1934	1166
1895	2280
257	2184
1653	5778
1974	1474
249	773
78	1523
257	2555
73	1531
1828	199
286	667
270	238
191	1817
1995	5681
257	1952
152	366
257	1912
1472	6894
79	824
1895	8490
244	2578
99	809
90	1185
166	989
257	1963
257	1301
143	488
136	444
1404	1168
171	1420
257	377
1104	7844
84	2446
1873	4809
182	2082
130	3249
233	2340
189	38
59	4529
257	3064
78	1344
140	6151
1904	3674
1815	3953
243	889
257	1755
1915	2856
257	501
2015	6532
49	2858
1925	2878
379	7216
257	3591
1935	5652
112	516
257	2468
1878	4899
627	5254
1832	7116
50	1736
284	1557
264	3259
99	204
257	1307
1686	3069
1387	7388
1932	956
257	1765
220	2772
257	2804
257	2128
1842	681
257	2242
1164	4758
257	858
1187	8554
125	1875
228	1601
1956	5846
187	3617
257	2010
131	223
93	2253
1995	6307
1865	4717
1827	4206
1925	3614
78	2132
127	2823
166	2992
1801	818
862	5309
1875	4828
1801	8173
187	2874
1346	3838
144	2625
123	2188
257	1332
257	665
115	1595
293	3603
1444	6819
1071	6005
257	3442
55	1257
916	5410
1950	2547
53	1848
592	6773
257	113
720	4380
246	1723
99	2041
36	1717
1484	6260
1889	7110
379	7214
1439	3641
1711	5354
1404	2857
1417	5835
1907	5294
1587	6355
310	3997
230	1893
232	1008
1921	5481
18	3650
257	1762
49	506
96	2515
1104	4764
3	7151
1959	6268
294	247
257	21
257	1273
1889	8236
143	3148
257	510
257	640
169	3193
254	1571
1852	2547
98	329
257	2196
1845	4396
1955	5997
257	2169
257	3439
191	2509
1714	6810
1899	5213
1990	6239
1811	850
1387	7374
36	921
155	2843
177	2931
961	4416
257	1766
1955	1291
1722	7150
257	3346
257	3163
87	1108
1387	3975
1914	8867
78	2100
948	5392
61	943
85	2043
175	1749
161	1209
1798	3373
220	1434
266	490
54	667
1926	883
1926	8342
261	2507
237	3429
39	3212
152	3458
1832	1175
80	830
257	1376
1930	5554
257	579
1444	6832
1117	2565
288	2398
1842	4834
379	7215
406	5463
257	600
257	631
152	7595
280	5343
286	671
252	2438
155	602
336	6643
1955	3597
1855	3587
484	3650
1860	4450
1801	8109
257	2072
1530	4646
1869	4749
1104	7846
700	5257
1905	3021
233	2337
1439	3645
47	2664
261	555
1187	4129
264	3256
1961	5901
1801	8183
31	3157
1247	3474
257	2384
1868	934
965	3644
44	1262
257	642
197	1611
257	170
1801	8124
1117	2727
180	1629
1046	3318
31	1147
1474	5346
257	1935
1985	6136
185	3059
167	2639
1753	6803
90	2816
275	8520
257	1392
257	1100
152	1701
191	1921
1093	8719
1959	6261
78	1112
1801	8114
213	2051
2006	2103
1871	13326
1811	2856
1057	6961
1926	280
257	1695
1855	8812
99	1709
1905	5268
37	7162
1869	4755
128	467
1987	6179
93	356
40	2425
257	735
257	2476
70	1307
1843	7008
199	661
150	1334
257	3481
320	4761
547	4725
187	29
218	3414
1873	4808
1846	562
1801	8115
109	847
257	3572
279	984
61	954
31	1490
257	1942
1111	1840
207	1396
288	672
257	1267
257	192
51	860
1722	7146
336	4075
1899	5215
187	1032
257	3165
1862	4652
257	1373
1543	5154
257	657
74	2680
33	614
174	769
1982	6062
257	3599
1475	7151
257	1943
1444	3875
236	1518
257	960
101	830
1961	4975
59	2445
1801	8182
41	1528
5	7748
176	973
2010	1479
238	1654
249	774
257	1112
257	572
257	1939
133	2090
94	1498
257	3433
130	3252
1930	5557
711	3442
257	2751
99	195
257	584
169	3181
1878	4918
59	799
50	1737
69	8573
1961	1195
257	1827
59	1370
1844	3216
846	3979
257	504
623	4875
1955	515
1131	6724
277	735
1842	4835
78	2137
257	372
1891	5099
1552	2508
257	3590
127	685
948	5394
1848	4437
83	1390
1923	682
370	5568
1801	8113
36	7086
2024	6652
2006	6455
1419	3617
68	3435
1587	6358
257	528
601	6526
233	2155
1714	6806
294	3395
3	3597
1832	7113
1951	2954
191	2518
264	515
264	3254
1642	4256
1071	6000
59	798
96	3548
404	7943
623	4870
1253	1528
70	3134
287	253
1552	2509
217	498
1942	313
1948	601
257	169
2005	6465
257	1095
1722	2255
99	196
1891	5098
1924	5500
261	2501
176	972
151	6294
67	2012
295	1532
1821	4084
1444	3078
187	645
1835	4323
257	2194
257	825
265	1021
1348	4491
257	1086
257	29
1905	5276
78	1117
78	7023
174	3267
230	601
99	1165
262	664
1387	7368
78	1114
257	1805
203	38
257	1948
2024	6661
630	4936
177	2932
1235	6442
1844	2426
1889	8070
293	3357
1801	8176
164	1088
42	1598
1982	5366
152	7574
720	4377
191	2508
240	3290
67	671
30	2171
1475	462
141	2670
257	2587
230	8584
257	3477
257	586
1117	2080
404	4821
1135	4844
251	1515
33	2396
257	535
134	3626
1889	7731
862	5305
1982	6060
257	2559
1923	864
61	657
1878	955
700	2953
25	2149
1811	38
257	491
265	1003
424	5412
113	1474
262	1218
93	355
1832	7130
257	2411
1183	3575
177	3314
250	1021
204	2038
134	3624
1061	4320
67	685
1722	7151
264	1862
1686	4707
1357	4626
1345	6497
1840	4369
257	737
257	1272
257	2195
1889	6612
1843	6998
1811	3617
2005	6460
1911	8734
1093	5341
59	794
1801	2103
1810	3871
1223	5683
240	176
257	758
1934	214
266	367
257	2580
2012	6492
257	183
257	506
40	378
1722	1291
78	2796
257	3189
1567	6340
2016	6546
1985	6140
1825	4184
1996	6329
287	781
207	1919
191	1463
257	512
1832	2255
257	860
1891	8426
33	611
711	1401
257	558
1938	1702
203	151
185	1278
257	581
1587	6361
1913	815
254	400
52	1504
257	1969
1587	5030
257	977
257	993
96	2522
257	2474
257	571
118	1612
92	1566
1798	459
1722	7260
1868	461
117	372
99	199
1894	3468
209	525
257	439
237	1489
190	512
141	3027
151	1587
466	6204
1117	4614
257	670
257	1261
1832	7117
237	3428
257	2176
176	931
257	2603
676	4792
1858	4611
1159	2740
1926	1292
379	921
78	519
1348	4489
4	2719
159	1513
1923	3226
1387	7370
2029	6767
278	3085
487	3857
257	2589
127	2827
257	2076
261	3396
99	1717
338	2433
114	1426
219	1815
61	987
1889	864
257	1909
257	1694
1387	1862
257	3217
206	730
624	4726
134	3225
1475	3394
41	1530
135	3300
92	221
2036	6863
80	386
1863	4666
1931	6294
187	2660
99	1175
257	1672
479	6620
1913	926
143	3032
257	3595
1811	3396
846	3969
162	902
84	2447
1806	3839
1387	3679
1134	4583
53	937
1885	1862
1164	1500
176	974
48	1615
257	1523
588	6426
1904	5244
257	2000
257	931
263	2566
1387	4178
191	2512
78	418
2035	6858
99	1714
1991	6243
254	2545
257	824
99	5993
257	1944
1530	7179
1906	5290
99	1700
152	7583
1926	8325
260	3351
78	2098
1046	3315
185	718
1798	2829
1801	8107
257	1848
222	1167
1892	4008
144	2073
35	1779
293	3601
190	2298
257	1312
118	2922
215	1999
261	2506
257	2180
1587	4617
1923	2892
2024	4868
1863	4674
197	1840
61	951
189	3216
257	3167
216	522
2038	6905
65	2211
1982	161
257	3280
157	2791
257	3276
1801	1701
81	522
1844	45
78	1851
134	1071
1802	3731
99	1701
1135	2445
257	2473
1866	490
257	3628
257	2173
1944	5726
159	227
1798	3369
238	5845
226	2804
257	3188
58	2713
257	2011
152	7575
1387	3236
1223	2423
1800	3787
78	1847
257	3473
263	964
183	2309
1541	5087
1567	184
1387	7340
1855	8839
1587	6354
173	752
257	1949
265	1556
257	1932
257	2245
1890	2384
257	3443
87	1358
1974	815
232	1010
93	2264
257	2584
157	2559
78	8449
294	3385
53	928
1567	6342
77	1222
1083	1804
257	2822
175	1746
1530	3903
44	1638
484	4679
36	2106
310	4005
961	4417
98	1382
466	6196
257	2753
257	1271
1855	3359
1404	3617
646	4145
1951	147
135	1485
108	3246
257	1443
180	1627
1931	3648
106	3206
35	1787
257	2352
1923	9056
79	826
1387	31
99	67
1926	8332
630	4937
222	2361
1942	3393
221	913
1955	7133
1948	6272
223	2164
74	1162
230	1901
257	2609
152	247
963	6981
173	740
1891	5094
1889	2034
917	3960
1722	2507
199	1404
1923	3617
1923	1320
1995	3661
1288	3768
1919	1435
257	3001
257	1828
479	6626
260	3347
1806	2507
419	4781
78	1342
261	2660
257	3084
1183	5029
257	2111
1906	5283
257	1003
1982	6071
1855	106
1475	8283
54	2438
209	2092
1920	3068
176	968
110	1152
56	457
1404	4384
59	1372
99	1716
64	1608
220	6864
1931	3647
1846	561
1543	5158
1801	8148
61	944
1842	690
152	7596
36	3317
81	520
1225	5134
1985	6138
138	1840
294	3390
1837	752
257	628
1444	6821
112	3103
1801	3738
1832	1717
107	2870
140	527
186	2043
1187	8551
257	3290
1889	8246
1891	5104
195	3419
257	112
1801	8120
1802	3727
1990	6227
1832	7115
1888	603
99	206
47	3489
195	3421
257	3574
147	2330
257	1950
230	1896
1911	1567
257	1776
1093	5333
246	2487
255	1671
1519	4470
1444	6827
1916	936
76	457
1387	7373
69	2675
1801	7297
1474	5352
257	3340
1057	6005
42	1197
257	4170
1911	1167
860	4952
1815	3952
1937	5685
96	5716
193	239
127	3373
185	3057
78	2101
257	862
152	7571
59	793
257	1772
78	2102
1001	4533
38	2618
185	3062
1923	9073
1444	5777
1221	6055
99	3226
1801	4117
257	2063
1348	3320
1893	931
92	1564
73	1527
93	354
25	2150
207	1917
185	232
1832	7120
1356	6742
547	4723
107	2874
484	4681
1996	5614
255	292
70	1312
51	113
50	3197
1935	5636
1883	4982
70	1362
60	645
1820	530
134	2618
1801	8179
243	3325
93	2263
1686	2460
257	1306
66	722
257	2151
1956	5852
1439	3640
197	2959
59	221
1905	221
42	604
99	1472
169	3198
257	1870
42	544
264	687
66	8415
1306	4171
1801	3517
257	599
99	628
181	1296
1863	2927
257	3201
169	3621
624	4732
257	2738
277	508
125	3217
257	2573
1253	5701
1801	8142
257	3596
189	1425
1955	3266
1882	4963
215	3073
257	173
541	4739
1057	6951
235	112
215	735
1387	7334
257	2404
165	1380
1802	3728
139	1217
74	2682
257	499
257	2002
711	3450
1148	6584
257	2078
145	667
257	1988
2050	2048
1552	2286
1878	4901
1404	628
1835	2507
257	433
174	770
257	157
275	1848
257	3182
120	136
99	208
1587	6363
220	3216
80	829
1801	988
34	701
254	2547
99	3041
199	1400
257	1473
1080	5799
163	2294
588	6439
1801	8070
205	902
197	372
1801	1291
281	3092
225	2951
204	2460
278	1558
1387	7365
1909	5324
1806	3846
257	1377
1843	6911
2006	5063
257	457
177	2928
1910	629
1988	7328
862	5312
109	3732
1907	486
1843	3469
1253	753
67	832
1187	8562
1945	5742
1846	4407
240	178
1140	1719
162	1060
257	634
99	2035
241	2483
59	791
257	2821
235	117
257	3187
99	194
1948	923
257	985
60	2770
1947	5757
260	815
1919	5437
965	7041
200	3364
270	240
1925	5518
257	2617
257	2375
261	2510
257	3293
102	2679
257	1999
58	684
1812	3896
257	1094
338	5301
257	996
257	3775
257	1331
1552	3782
257	2865
1030	6106
257	1692
1918	4951
164	3287
1811	3354
177	1667
1923	1170
257	721
190	1547
1704	6389
257	2812
203	519
176	976
99	815
1404	2035
87	274
1886	5079
1807	3242
257	1991
185	1621
99	818
293	3606
1714	6812
1848	4436
115	1590
145	122
1834	5814
1924	5502
99	1706
152	1245
153	1640
1855	8820
257	1060
1801	8167
1883	4990
1080	1330
1404	2036
338	5299
344	3686
1554	603
1934	2853
1889	8216
173	2223
257	2395
1913	5371
107	29
1940	397
264	45
84	2458
1910	2370
172	1908
257	2583
320	4752
65	5182
257	6817
163	657
1982	926
99	203
281	3089
237	3430
187	2870
257	2175
116	544
1345	6493
257	773
257	1102
1834	378
295	1537
289	543
1992	214
111	1722
1840	6974
1722	45
1834	7953
2029	6746
257	1616
1587	6366
1332	4056
1889	210
1953	5824
1828	3617
284	1559
105	2638
1919	9037
1832	7112
1843	7007
257	1099
239	2684
91	769
1937	5677
963	6987
1825	1476
164	2892
78	1855
257	3180
1552	3820
240	653
1475	3597
36	2119
1905	5262
169	3629
74	2678
78	793
1983	3689
257	3006
134	3198
257	508
240	177
192	235
632	5427
1345	6487
187	1123
1832	2857
624	4724
700	2046
1187	1632
257	3411
257	2756
257	1941
93	2562
257	1768
257	2449
1888	5059
1444	6829
1814	3929
193	1062
1235	6448
1303	5641
257	1670
93	351
157	3161
41	2619
257	3015
179	3493
1798	1114
1884	5003
257	668
261	2511
1587	6349
178	2693
266	1556
257	3177
1904	1169
99	804
1934	5622
1810	3887
50	1739
93	2252
257	3487
2010	864
79	530
160	1059
1884	2837
1825	4181
173	745
30	2166
144	756
1519	4774
257	621
257	1230
257	2704
2010	6475
1954	8398
1995	6305
1887	4855
285	2721
1955	2252
302	3007
1912	5373
1996	6325
257	311
125	2315
255	1677
1923	3266
72	386
278	1809
1849	4460
1844	1175
1858	4612
257	366
257	2007
1903	5233
1891	8434
51	4926
209	3241
54	793
1919	9048
260	3350
191	486
257	3403
49	503
257	2876
257	2471
240	1029
1722	7147
67	669
1848	4439
78	1113
1940	392
1475	1287
93	2260
14	2019
188	2119
1187	1021
77	1220
152	7567
229	689
270	1047
1955	5993
1940	1440
257	1640
1923	9065
1965	5933
257	3359
99	205
1099	4285
257	1947
991	4225
257	1936
220	3327
82	5429
206	733
2015	674
257	1958
1988	921
99	2856
1949	5767
1923	9064
623	4876
36	3263
120	3468
179	2669
69	3216
257	2602
257	3164
293	3607
1905	5272
36	2853
55	1252
1588	1051
1839	3280
131	492
257	2060
1653	381
1356	6732
257	2058
262	1463
257	2302
1869	560
1332	4052
2040	5746
99	21
280	1252
1846	835
151	1582
48	2152
1910	1287
177	2926
1843	1476
1864	4682
1926	7786
1387	7353
257	939
1722	204
126	3013
244	2992
58	547
1223	5678
1940	833
1801	8106
170	1481
95	404
219	2236
1905	333
257	2021
213	2057
1844	1799
1934	5609
1922	1390
1962	5905
1848	4433
257	1438
277	833
257	3578
263	1291
1801	8121
188	38
1722	3359
1985	4865
1863	4670
80	500
173	741
264	3244
254	1647
1843	3900
1974	1166
1001	4525
2019	6591
1897	5176
257	830
1810	3881
257	3162
270	1043
37	2443
1387	7354
1801	8134
419	4775
103	1180
275	3779
257	3402
231	833
1978	6032
99	214
176	68
257	626
43	994
1909	5316
261	552
1878	4905
1926	13325
187	2875
2039	6916
257	1342
275	5196
257	3441
601	1169
257	4026
265	490
1705	2196
96	3553
65	2208
254	29
1134	6423
257	3092
1911	628
1148	4169
270	1056
1181	3004
50	1733
257	3266
264	2892
280	1781
257	2739
293	3597
1935	1621
92	1565
100	1321
169	3197
153	3488
461	519
1112	5092
1810	1292
257	1996
257	714
406	5450
408	5962
277	1060
1930	5550
182	2081
846	457
1159	2741
78	3355
78	2126
1990	6236
180	1621
1819	4043
53	929
379	7213
270	167
145	2200
1919	9042
700	3249
2026	6684
164	1207
127	38
175	2421
257	3065
99	3
257	133
1419	4134
1956	5851
80	3321
1346	3843
1889	628
1001	4530
257	1168
1541	5106
183	2310
257	3281
917	3957
58	2619
206	3259
37	1410
260	3352
230	2121
257	2397
257	2870
253	2976
263	2892
61	1217
257	3009
1855	8815
1918	5441
1387	3977
1891	5095
262	735
58	550
275	5192
257	828
118	1610
1955	2037
257	3484
257	710
257	648
210	3434
1925	1377
257	3614
257	2055
69	1435
193	3259
259	648
2039	6911
1873	4814
257	1832
257	441
1996	4113
257	829
177	674
1832	3226
100	1318
257	3007
1926	935
1801	8087
265	689
1926	3
1940	398
1897	5184
1971	2037
3	3617
257	2884
257	2244
2039	3591
289	541
179	2664
157	2558
257	582
1926	8217
169	3203
456	5694
38	572
230	1886
93	345
1798	45
1860	2585
151	1584
64	1604
222	2359
215	833
1904	3434
199	921
127	2824
1865	4715
144	760
212	2070
1846	4404
1552	2518
78	3291
711	4697
254	924
43	996
2015	3216
42	601
87	1436
257	174
143	485
103	1181
257	476
257	1877
55	3036
257	1590
257	2612
370	5570
230	1891
1924	5506
1475	1054
59	795
257	1801
175	2422
424	5413
35	1783
257	3585
1843	3314
1821	4086
131	2704
141	1192
720	4375
1500	4508
1990	6235
1345	122
1801	7306
1798	2824
2028	6699
245	628
1934	5613
191	1812
1924	3359
1926	8331
1923	1292
192	1849
1057	6954
257	1252
1593	602
58	1902
1837	7787
1990	941
1926	873
92	1246
257	1833
248	1542
1356	6744
3	3346
293	3354
82	2995
59	796
2011	3608
257	2995
1811	1291
2022	6655
257	2599
1093	5335
248	1540
1642	4261
159	1510
106	3202
531	4871
1714	6805
260	3349
131	1556
419	4784
2005	6461
204	2042
1864	4684
1948	5231
1117	4616
1938	5667
119	886
1887	5065
310	3998
187	3411
162	1287
1954	2012
179	174
336	6651
2017	6557
1956	5797
257	430
185	2481
487	3860
1686	4709
257	1982
257	1727
257	664
2017	6561
223	2162
99	3233
1475	3562
158	980
58	1450
58	2710
257	603
80	2722
32	2388
1117	4619
1884	5011
266	2760
733	6097
2029	6753
257	543
159	1512
1891	1316
484	4678
1925	3626
257	2369
257	3072
68	3444
244	2576
210	3256
190	510
1937	5695
1530	3852
166	985
1332	4071
1995	1074
270	237
1840	3748
1247	4674
148	375
1686	2038
257	1490
99	1707
202	2699
257	3261
144	759
1922	5480
132	3402
289	544
281	3088
36	45
1834	7965
1181	3000
164	3216
152	7578
152	4510
86	225
33	610
257	1931
2031	8775
1924	5496
1938	5647
89	408
283	3126
208	2336
249	192
257	578
48	1618
189	1556
1923	515
69	628
1974	1177
50	1741
243	887
141	2665
257	1181
1475	3
2005	6456
287	780
155	3558
46	7923
232	1232
1926	8223
1541	724
1071	6002
210	2945
1903	5227
220	2778
257	2607
48	2161
47	3499
190	1556
1906	5277
257	826
1801	8168
1046	6508
32	4340
152	7573
96	8286
424	993
1868	3393
965	4389
46	4789
150	1331
95	714
1878	4907
2019	4168
206	648
41	457
185	367
1940	394
257	2410
68	3448
41	971
1961	5899
25	1008
153	3287
144	758
257	2187
228	490
35	1789
240	651
262	1461
1855	3763
1962	5907
58	1639
1897	8504
54	2892
257	1763
61	500
264	1291
1940	1999
221	914
1332	4075
1834	376
85	2360
84	2453
1855	8756
1924	664
257	1993
117	1686
257	2593
254	1573
74	2681
257	316
141	1190
332	6081
2040	3708
227	1495
1834	7964
295	1535
281	3090
1923	9067
1235	4557
1801	4200
268	1650
2028	5926
92	1563
1722	38
2015	6529
1907	5297
257	2299
1484	6270
124	2828
1926	8348
2008	3599
93	348
1001	4543
1811	1292
1588	153
130	3245
257	2247
171	270
127	2829
259	649
917	3956
1387	7299
87	1360
70	1309
257	497
103	1176
917	2998
78	2795
1890	8382
1439	497
257	3186
1855	8813
1935	2116
257	2366
1832	7109
18	5204
189	3614
53	481
62	886
83	1274
222	4332
125	1872
1889	8233
239	2687
138	372
257	3273
288	1166
2044	6945
257	775
257	444
78	8959
1926	8286
1541	5107
961	4418
136	436
295	1533
96	3568
236	1516
177	2929
141	3024
257	3593
1288	4223
1898	5209
50	1738
1843	3266
257	1830
257	2873
257	2183
264	214
700	8655
257	3171
257	2155
257	2130
370	5746
1953	5826
147	702
257	2008
66	2696
257	3185
140	529
257	1287
213	1556
71	2871
1898	1370
70	1315
1843	7000
257	3265
70	511
1832	4384
1965	5930
205	2169
623	4867
1961	5910
257	1232
99	210
1948	6271
1922	5477
127	503
189	607
1093	5334
257	607
1902	5228
961	3959
220	2777
192	234
1519	4777
257	994
67	667
176	928
257	1101
177	3569
338	2443
50	1740
171	271
1864	4689
152	2914
1801	8177
1889	39
49	3290
257	2826
257	2594
99	201
162	833
87	601
257	390
36	3294
227	1494
61	942
264	1861
1832	628
1916	5420
257	1528
1832	1473
398	2043
1519	3719
1357	6631
30	2168
183	2311
531	4868
127	3370
80	377
257	3216
255	1676
36	2829
257	1987
257	760
217	230
56	645
1808	7180
1834	3617
257	3470
733	6090
257	2414
257	2669
257	1461
189	828
1801	8103
1911	7334
173	7756
50	297
158	977
1940	2001
205	900
181	1294
1704	2192
140	3006
54	883
344	5138
588	6425
46	7927
132	2188
406	5460
1893	3257
2032	6845
257	637
1924	803
257	589
1847	4410
1811	687
43	689
281	3093
46	3289
1990	3830
1801	3
1867	7039
257	525
541	4743
257	3090
177	3216
1855	1051
257	1717
379	7210
1487	6321
87	873
257	2741
69	544
98	1383
1475	8249
110	1150
2038	6904
257	2192
282	864
4	2715
862	5314
1046	6510
1159	2738
257	2191
202	522
1926	1195
1801	3216
1948	6276
2039	3617
46	2021
860	4948
205	901
177	143
931	4915
257	3169
147	709
1475	3607
265	1546
257	467
1001	4528
1926	3272
257	2881
257	2092
254	2650
147	712
202	2623
1093	5344
1801	8174
676	5247
257	2892
58	3458
320	4756
210	2144
215	1438
78	1169
152	7576
3	2108
142	1934
99	2853
152	7569
184	3456
41	1266
121	1333
58	253
1135	2927
206	1460
1919	1711
181	1295
173	742
78	1857
1907	5298
132	2713
59	792
294	3381
700	6605
257	314
46	923
1801	200
254	401
242	2178
230	1890
78	1854
114	1430
259	1124
1472	3679
257	1103
344	5135
1959	6219
187	3060
846	3968
1905	337
257	848
1852	4556
257	1362
131	494
1937	5700
1798	503
204	491
1889	205
257	1986
257	602
257	417
1356	6735
55	1251
164	987
257	1809
1937	5686
78	484
1543	5157
163	2290
199	1403
1587	6362
230	1899
1951	146
222	1856
46	2030
173	726
1878	4906
59	789
152	377
1898	5205
1753	6807
653	4336
257	1606
80	495
241	1530
257	2757
257	1839
68	135
1808	7182
257	2075
93	350
207	1398
257	1984
257	3192
67	668
46	4793
257	1256
156	1032
257	2003
153	2393
177	2938
187	437
1834	7962
79	2060
1030	1849
1071	6004
379	7208
195	3416
257	2029
257	638
78	7017
67	665
36	67
257	45
176	963
58	2858
1221	6057
1835	8286
61	963
1855	1056
80	3411
60	511
1855	2940
99	811
1935	5638
61	8479
33	613
152	7582
1942	7781
1891	5103
254	661
270	1055
66	723
2	8
1999	4265
49	3411
1808	7181
207	1916
257	3068
121	1326
9	6467
196	2206
42	4734
624	3650
1099	3005
251	1514
257	1633
42	1198
257	2507
1704	6390
257	3575
69	2567
1995	6300
175	2420
379	7212
1984	6101
69	686
257	1165
36	4978
1722	1170
91	494
108	1815
99	805
1855	8805
234	671
1625	5027
1898	612
185	3054
1834	7973
2044	6936
466	6198
1971	1051
243	891
302	3009
1935	661
49	3317
32	2385
3	369
1801	8063
204	2045
257	2350
99	1697
1940	1060
1112	5090
152	2268
100	1314
127	2111
257	1481
1552	2513
191	1818
1947	774
37	2441
96	3550
235	113
1387	7345
1475	2510
191	1925
624	7410
76	693
1985	6142
1306	4069
1924	5491
129	3029
257	492
169	3625
1982	6069
1935	5654
257	1775
34	697
1801	8118
257	168
1332	4050
541	4745
257	2122
257	1825
310	3995
1915	5409
257	774
1819	3597
257	2120
1858	4605
1235	4558
1904	1195
257	1077
189	1183
31	1441
295	1541
266	2111
177	2935
249	664
196	727
228	1606
1543	5166
1875	4829
257	1664
257	1485
1832	1476
49	2892
123	437
36	2892
257	1971
257	325
257	3408
1030	1817
1873	1023
1519	4778
1071	789
257	367
84	2452
1923	9059
157	2555
257	1022
1984	6099
1837	7714
293	3562
2046	6971
176	8974
1843	7002
1987	6180
1891	1320
168	1099
199	1401
69	1316
163	2285
115	1591
991	4226
134	3614
1083	1805
202	2997
53	911
160	2352
1872	4795
257	184
152	2278
1852	4564
41	1260
1554	3665
257	593
1223	5648
257	481
1910	5351
257	822
152	1244
178	2694
1891	3992
257	1955
1800	2366
128	3060
1944	5722
1841	4352
170	2279
1971	13
277	507
1587	6359
257	3594
2016	6545
239	2352
257	1837
2051	7888
257	1701
192	120
99	3049
99	814
1875	4830
99	200
47	2669
623	4868
43	1618
257	422
67	497
257	3474
257	1861
165	1379
61	948
257	1752
213	679
1905	5266
257	2251
1404	3216
257	3579
121	1330
264	1286
1839	4343
77	1224
257	2591
81	521
38	1334
257	2495
262	486
187	174
1686	38
1832	515
249	139
2005	6458
70	1308
1801	8175
105	2637
1889	818
41	228
1187	8559
36	1054
185	1280
1895	8483
257	2553
1811	3266
116	7115
152	646
261	3613
198	3078
97	838
257	997
1099	4275
121	1327
103	1182
257	2527
1474	978
2006	6457
148	919
1870	7862
257	669
257	3624
1837	6850
2051	6301
82	1498
1950	1473
87	1007
107	2875
1953	5822
257	1799
1923	3597
257	2801
860	4954
1543	5160
250	997
1653	5783
653	4337
78	687
1940	2902
61	952
1866	7425
127	2821
1705	3103
257	473
176	970
99	3256
1837	7794
55	2423
266	2894
257	2978
257	988
257	1760
1919	5439
1834	5990
257	2992
230	1905
141	1193
212	3340
78	2141
233	2338
1798	2826
125	3208
173	2221
257	2377
180	1128
257	3480
257	641
185	3061
40	376
31	324
78	481
89	2544
1061	4322
1475	2537
45	2016
1962	5900
257	1262
152	766
257	1351
34	699
46	2631
1909	4008
1061	2598
226	2806
257	605
257	3172
257	2201
69	8574
1825	4178
2	106
257	1962
1942	1166
1342	5729
1956	5844
1104	7851
96	2520
237	2113
95	2481
46	2029
114	1423
257	3277
257	2510
78	670
1926	3368
1995	6308
94	1501
1935	1171
257	3582
1832	3617
1140	6257
59	790
1870	7867
171	366
36	2029
257	340
97	840
1910	2367
257	3436
218	1003
1801	8057
257	3003
257	371
1945	5737
180	1127
169	3195
266	2664
254	1572
1093	5337
95	710
1893	3
58	2704
251	1511
1821	4082
257	1730
1387	7361
1879	4947
93	346
139	1228
185	971
711	939
288	374
99	2032
264	3250
257	3589
82	5432
201	2595
268	1653
1923	9060
1942	726
257	485
1587	3661
99	807
1888	5064
94	1503
1104	7847
1472	6891
148	917
1001	4532
1922	5476
1722	39
2026	5938
212	2064
257	831
257	3179
164	1208
1819	4047
2039	6914
1093	8718
254	923
1469	2726
78	1451
257	620
3	3359
185	3056
119	881
653	4334
147	704
257	517
257	3173
1923	21
158	1870
126	3010
624	4729
127	459
1852	4567
610	1667
178	2695
257	2818
270	1051
1845	4395
39	3211
1587	6356
95	2668
1801	8123
1917	5428
1893	2043
210	2949
1953	5825
1870	7857
135	3298
257	2032
257	573
1930	5551
1978	6036
257	580
33	612
1810	1177
1821	4083
46	4788
1104	4760
229	2143
177	2940
1554	5814
158	4026
295	1538
279	979
646	4146
1847	4415
1905	5260
332	6083
164	656
158	978
1140	6252
257	1724
164	657
257	1951
1475	280
177	2939
282	867
1357	6629
1974	1479
1844	2853
1131	6727
1832	1168
165	1375
1801	8060
1801	1166
152	8636
257	1795
190	511
1801	8117
80	497
2044	6946
1889	199
99	2037
257	1460
257	3166
257	39
1104	2892
1926	1320
1801	758
1855	21
264	1287
99	813
270	1042
1543	3747
257	1595
1863	4667
69	8343
1587	5681
257	2249
198	381
257	2713
264	1292
257	567
257	1366
82	521
1801	5456
1949	5761
1839	4339
1642	4245
1889	611
1888	5055
257	410
112	844
1907	5295
257	1114
1903	5231
1984	6100
230	1892
257	3067
99	806
1798	2821
99	1704
592	6771
153	3491
142	1929
1985	1626
162	599
257	1371
59	797
1937	5662
164	661
1912	5376
249	2615
36	459
270	1039
182	923
90	2828
162	735
370	5580
257	2866
42	1200
1474	5350
282	868
151	1586
1475	8280
1801	8194
143	3150
257	1620
230	1900
257	2997
1519	1632
1911	8446
84	2451
163	1180
1810	460
2029	6760
1225	5130
1801	8180
257	2371
220	2783
320	4754
294	3387
1552	3777
152	738
1543	5156
115	1596
1959	5941
257	2522
1828	9281
1387	7209
1078	6878
223	2163
1946	5751
257	563
257	1968
257	3274
1893	934
1475	2511
188	1024
257	2582
1387	7366
152	2274
164	663
917	3954
2040	2810
80	496
220	646
204	2044
1704	2195
36	40
257	2740
1855	8816
2024	6665
1923	9062
1880	931
220	645
1104	1701
257	1195
940	5637
78	1849
248	1022
2010	2252
624	4733
234	669
1961	5904
141	3025
1878	4904
234	688
127	1114
940	5629
277	509
1846	566
1519	4785
1852	4565
991	3685
1332	4053
257	2998
99	803
234	665
601	6525
152	2916
177	2773
1855	194
1882	4957
1887	5075
1891	5101
1937	5675
257	1367
390	5050
148	118
264	3257
257	2664
2039	965
99	202
255	1673
1919	3654
1722	8858
1868	7686
144	2627
1832	1292
1303	5646
1387	7338
1653	5786
39	3209
120	2390
224	3406
179	1176
257	2618
262	833
255	1678
257	3483
712	5985
79	828
229	2145
260	3434
1987	6192
264	1288
1475	3568
257	161
1926	8339
207	1395
1843	6
93	359
57	411
237	2350
266	1005
257	494
1887	5068
112	1839
1962	5912
1554	3664
1801	4512
288	2097
126	149
1801	1479
257	569
1843	7005
128	3053
152	3500
1223	5674
2040	6927
1810	3256
257	1956
152	2911
36	1072
1855	8797
75	2885
1135	2450
1057	6953
2039	2829
278	499
188	2115
257	171
257	1865
257	2467
1711	5356
54	2436
4	2716
1813	3868
1111	3725
1883	4996
1843	7003
1940	399
1722	1986
1834	13
1846	4406
247	2123
257	2537
1866	478
1832	1861
164	674
1955	661
461	4969
1810	1864
151	1585
2	6
257	2749
257	542
220	2775
183	2344
69	1474
257	632
2022	199
257	1489
282	869
1810	3888
69	2036
257	2396
257	3485
177	1112
1878	4910
1801	7
48	1620
293	5993
1868	7678
257	629
257	2392
207	1392
624	4792
1404	21
184	3453
163	963
1387	7367
293	3566
1910	2372
190	1007
1475	3601
163	2284
257	3434
257	2461
1999	6388
257	1972
155	601
257	2006
113	2388
225	2958
1404	4882
1946	5747
58	549
51	4927
257	6027
1801	8185
2011	6481
1810	461
82	2998
204	2046
82	5435
1030	389
191	1374
166	990
50	1735
1827	38
257	1749
257	1618
1798	2833
257	164
1915	5415
1832	7110
180	1623
44	1641
78	2135
1860	635
257	1274
152	1459
1247	184
78	1116
1871	4783
78	483
175	2419
36	1474
78	8955
46	3213
257	2477
1971	21
252	883
1885	5015
249	3078
52	1507
1593	1926
100	1317
1419	45
257	1558
1890	3881
408	5963
1911	3
2019	2077
153	2460
55	1253
257	2660
131	2664
278	2726
1500	4506
257	1985
2015	3469
1811	3257
257	2639
257	1364
963	4364
231	829
1543	5163
198	3080
257	223
224	3407
244	985
257	923
81	2632
257	1842
81	2636
1800	3786
257	3344
9	602
1955	7131
257	1989
1908	3617
846	3970
1810	3869
80	501
55	2639
257	3151
89	410
1926	8333
58	1640
1475	3617
2036	6869
1801	803
257	1846
257	2064
1897	5174
257	2748
257	568
1356	5877
1253	5702
1798	2818
1806	3829
1951	2962
161	1210
1870	6301
1904	2827
257	2600
265	1632
1387	7371
1847	4413
157	3158
257	1324
81	530
257	1841
1897	3713
332	6091
1099	689
1924	5492
390	5053
257	1759
479	6619
1974	3256
163	3287
338	5308
111	2986
220	3405
30	2170
1722	7149
78	8953
1925	5523
257	1960
254	1578
257	3168
1104	4241
257	1253
257	562
2015	3219
1926	864
257	2374
261	3356
627	3958
97	836
257	2248
1832	2856
1001	4534
261	158
257	3471
139	1325
127	45
1949	5766
1798	2823
646	4149
103	1179
105	476
1907	5291
1801	8098
97	837
257	1838
1923	9072
86	894
166	991
40	379
264	1285
2017	6555
257	3577
257	845
157	2556
1832	3263
36	6284
257	3339
1887	4215
130	3247
255	1669
70	1313
53	938
484	4668
99	1715
183	2308
344	5143
254	1574
257	2754
1061	4316
238	595
99	1086
1801	7265
1894	4019
257	595
2016	6554
243	892
2028	3575
239	2686
25	2148
257	3170
948	5397
257	3175
236	1520
189	282
1999	6392
257	3256
152	2919
46	4794
1078	4907
424	1652
257	2026
1858	2330
244	2575
1988	7332
1888	2103
230	609
1812	3893
257	2879
1889	8253
257	2074
2010	2037
1587	3626
99	3216
257	793
1955	21
257	1096
131	1003
257	1113
162	3040
257	2487
1813	3909
484	7399
213	2056
61	940
275	128
169	3191
294	3392
180	1125
268	1652
78	199
66	190
257	3034
257	1380
1926	3216
71	2858
220	457
1806	3836
257	624
257	1247
268	1651
257	1617
257	2069
58	3460
1944	5724
1387	7396
257	1097
1469	1273
257	437
93	361
332	3930
261	2495
547	4718
31	1489
93	2262
338	2434
1940	551
96	3542
78	8950
264	3617
1844	4383
257	2501
257	3040
40	2424
1812	1639
221	937
1985	664
195	3417
1472	2534
257	2161
162	793
1955	1056
948	5390
143	3152
1387	7387
175	184
1811	3359
610	2588
51	4928
163	2287
58	1672
1801	8090
1057	3724
257	1959
213	2053
1904	921
1235	6446
42	1199
627	8666
1475	8284
1705	1463
1988	7330
96	2537
93	343
1112	8406
398	4854
2026	6680
127	2833
965	7051
59	788
36	3291
1923	4382
1855	8807
1625	5025
239	2685
1071	486
1864	4680
215	3076
103	1178
1404	2856
1855	3569
127	1170
632	5425
1387	7349
222	2360
257	2370
1846	563
257	1831
59	2760
2	4
242	822
1112	5100
289	539
257	1270
49	3408
1801	674
88	2389
257	3573
172	1912
456	2258
257	139
2029	6751
1111	3614
270	478
1587	6367
257	2586
1057	3717
2019	6593
257	488
390	5056
257	547
265	223
1922	5473
257	1751
85	2479
255	1675
150	1337
157	221
36	4384
270	1053
1387	7393
78	1848
49	3294
241	3141
236	987
257	3343
1964	5922
257	2859
164	1087
257	2608
257	1973
1987	6184
257	2368
230	604
257	2073
1342	923
1954	2378
164	659
55	1256
2008	3593
1813	3910
1926	1291
185	3052
254	1569
69	2674
627	5258
257	1691
1387	5614
257	2809
267	1134
257	6843
1552	1747
1974	1712
127	1322
1964	1073
1889	8242
1896	8494
408	5965
67	690
68	3455
257	2178
257	3149
1860	4438
257	2378
71	1747
1827	1165
127	2826
257	880
1926	8344
246	1702
25	6728
1894	199
1891	3692
1891	5096
257	3361
241	2486
181	1298
184	1267
145	2008
320	1552
4	106
80	499
58	457
1475	8282
1934	5608
1842	4626
1099	4283
1940	396
111	1702
50	298
1057	6959
78	8966
36	544
2029	6766
176	961
99	1475
141	1191
257	2376
257	3071
212	3342
261	2493
1834	7133
257	1843
188	1171
461	4967
35	1788
254	925
711	4703
51	862
428	2857
160	2349
58	1907
1001	4545
154	2841
257	873
963	4368
940	5632
257	1395
185	1279
588	6431
257	823
266	1007
1183	5032
257	502
965	4392
257	879
1104	478
1889	8252
1342	921
1714	6427
110	1151
257	2121
259	3344
237	3157
1887	5071
257	832
1543	5151
152	7577
257	792
257	1723
228	493
1971	2252
161	2518
1801	7271
196	2210
1878	4900
103	282
257	1179
257	1753
152	2786
257	196
1935	3101
1046	6505
96	3263
36	3226
99	1703
42	1201
80	2175
254	317
406	5455
257	2356
293	3359
1905	5267
203	842
92	1204
257	590
1855	8282
279	982
223	2167
96	3549
230	2120
285	2725
294	3389
257	2802
1469	183
257	385
93	358
264	1856
257	1804
257	876
1988	7337
1722	3617
310	560
9	6470
25	2154
264	1473
51	2280
220	1177
164	1918
154	3612
257	3011
257	1761
96	2517
171	3287
180	1625
262	1460
77	1221
1935	38
1475	8288
40	2428
257	2389
67	1456
257	1596
68	2381
257	5839
1111	223
280	1784
1920	3064
42	1600
1387	7335
232	2639
56	3414
1387	2829
257	587
1030	6108
1948	2856
52	1509
164	254
53	482
226	2809
200	3365
42	1593
147	707
176	969
1705	4507
150	257
50	1744
175	1748
1915	5408
150	1332
237	3149
257	1835
116	934
1841	4350
105	2642
99	1474
2050	6301
264	1479
1844	4382
237	2346
1940	735
257	2506
66	191
158	543
1919	4218
166	993
1801	8108
310	3999
3	39
187	848
1686	7401
1878	4903
1288	4227
1807	3850
1974	674
257	500
700	8652
1852	4566
1387	7391
1913	5365
1841	4354
1964	5911
279	983
1991	6244
127	3372
1223	5676
189	174
93	357
254	921
1942	2854
257	480
2015	1166
94	1502
247	1089
1844	38
257	2613
210	2943
257	756
1886	5073
1926	1287
1045	4641
344	8459
270	1054
1919	9039
1801	8189
1001	4524
218	1123
257	2393
1811	3258
1959	6264
219	2237
2010	1051
282	866
1104	4507
302	572
1932	5590
1112	5089
257	1953
1801	4486
1543	5152
2015	3766
1475	3587
1117	4613
1839	2439
206	1425
220	894
257	1363
281	3091
257	3472
58	3461
1951	2959
1484	6267
1875	4824
93	2255
78	488
176	956
169	3174
282	865
135	3301
14	2023
257	583
257	633
1866	174
247	2122
80	738
1878	4908
1221	6050
257	2858
67	496
261	513
245	2645
1806	980
1944	5721
257	447
1813	3911
58	825
257	564
213	2054
171	385
1889	661
2011	921
93	352
275	122
136	447
1387	1301
204	3199
257	1976
257	2877
1934	1425
1475	3606
293	3587
257	2012
177	2937
2026	6687
80	390
1722	7727
257	505
265	997
1855	8808
257	2200
134	1068
1997	6345
99	1468
177	1670
138	619
152	762
1955	1207
1722	964
187	489
144	2628
1552	3775
1932	839
1880	1077
168	1096
257	167
257	622
1937	5649
1855	5993
204	1302
1971	5993
940	5630
79	823
1117	3731
2019	2378
390	5049
36	209
1027	6230
257	2823
1923	45
176	971
1487	3656
257	3626
676	5246
1288	4629
257	536
191	1920
1955	6277
265	1548
265	1550
206	735
1942	3259
1183	5036
257	2005
257	2869
151	1589
320	4750
1387	7386
220	2779
1961	1146
1882	4961
288	370
428	3662
1971	1056
58	2714
220	174
344	5137
1974	21
1806	3831
99	2104
1931	3646
257	1722
1530	2996
143	1921
257	1370
125	1873
209	523
180	1628
257	507
275	120
1873	4816
1487	6319
169	1621
1897	1606
36	1476
93	2254
173	7759
36	2108
257	2847
404	4826
2006	873
406	5454
1843	7023
145	251
1988	7322
257	3269
164	683
110	1154
32	2386
36	3370
261	39
140	530
53	912
1949	5764
1813	3905
165	1381
1587	5701
1475	8291
1387	7369
257	1123
257	3089
257	1908
257	3004
36	3257
1828	4259
1835	4328
1419	1292
68	136
36	7100
238	1655
265	1558
257	2794
1387	7395
1071	1849
1840	3742
125	1876
1828	4257
247	3533
257	689
1001	4529
1812	3902
456	5680
2001	2029
257	1836
137	1303
214	648
1475	8286
162	3034
1530	4649
257	759
261	554
257	2590
270	1045
1722	369
220	2774
1837	3809
2022	4975
1475	8290
221	911
2038	6903
257	2813
2050	7878
257	3264
240	654
210	2947
1882	2287
177	793
1387	7344
1924	5493
257	489
1046	1548
1871	13327
257	2863
257	2601
1083	1806
1909	5329
700	8662
1995	4482
129	174
257	903
78	2136
1861	7192
98	2130
1938	5656
1892	4004
99	3568
164	3
2029	6759
1913	5368
173	7755
257	2799
172	305
84	2449
1868	7684
257	1797
198	2617
1889	8035
257	3005
42	1202
76	645
78	8952
36	2358
257	118
111	1724
257	3160
99	1718
105	2641
1985	2886
154	3615
257	574
210	6372
1951	150
1140	6253
78	1852
176	228
916	5416
1061	4318
1811	4332
1587	4221
1894	5084
1990	6240
257	790
1832	7108
1148	4237
37	2434
1099	4277
1955	923
257	1997
228	1633
124	2816
1919	9051
2010	3244
257	2867
1686	4708
1164	1504
55	3038
257	478
155	2841
1926	687
93	349
1909	5326
264	1864
1912	5372
95	451
158	605
92	1562
257	2996
68	3457
257	1844
289	4026
149	2832
257	2071
1346	3837
171	674
257	2595
1887	5069
257	2878
257	1542
1306	4164
237	2355
1899	5212
265	2848
167	291
257	3600
1837	7797
284	3006
257	557
1873	4812
99	193
632	9011
1886	5086
69	3856
176	964
205	904
257	3257
80	3322
254	1577
1843	6995
275	121
257	1840
1866	689
246	1722
1810	2775
176	965
264	1865
107	2873
69	1054
1905	5261
140	528
254	922
116	7785
257	718
257	645
257	630
99	1477
1801	8067
99	1711
4	2718
1895	3575
1845	4400
76	2791
1911	8733
1808	7178
1475	2530
257	585
1926	8336
1722	1116
76	3411
1798	685
61	1904
164	1914
1164	1507
596	5400
257	1773
1843	4
270	236
99	1708
1908	5311
1419	544
1801	8050
280	1782
588	6435
270	1040
265	3411
370	5741
222	1286
261	3
257	3282
41	1460
140	531
1078	6873
191	2513
2012	4372
152	2917
257	2803
109	839
1992	515
257	2824
1864	4685
99	1478
404	4825
1965	1929
257	875
283	3120
531	4870
232	1230
676	5239
177	2757
1801	2423
1955	687
257	1774
93	2259
152	7581
245	2649
177	2760
99	808
1889	1086
265	1549
1969	1160
200	3362
2026	6689
1906	5281
1722	7271
1832	7118
169	667
14	2020
1801	8112
118	2923
124	2519
1722	7145
1798	2111
1926	3617
1801	8119
177	1177
43	1823
1834	7968
2015	2235
36	7069
1046	1547
1346	3833
99	197
1593	2510
67	495
1148	6582
1306	3885
183	2978
1802	1342
71	2876
1045	1262
80	183
1810	3889
99	1469
1753	3785
277	505
1834	7966
1821	3467
257	3314
1984	4674
257	503
257	2470
153	931
164	1091
125	1877
1868	4153
1811	2567
99	1710
241	2490
144	2631
215	3075
257	3176
257	2808
1879	4951
257	2530
1891	8429
257	1904
2029	6752
152	367
122	1290
139	1215
623	4873
257	2190
99	1467
230	1887
236	657
484	4676
1953	5823
204	1301
632	5421
1926	2892
257	2579
257	1250
700	5250
1225	5136
1837	7573
137	3022
208	2332
266	491
257	3208
185	3051
36	3216
1541	5088
95	2667
257	635
1487	6322
257	541
130	2423
89	417
596	5947
257	2355
165	2552
1971	5997
1911	2032
1046	221
1878	4902
93	362
32	3346
164	2966
1926	2507
2016	6553
2008	6480
257	163
257	1778
222	2358
257	1177
1798	2827
2029	6762
283	1986
158	1868
180	1130
1992	5793
1444	6823
245	2648
257	1965
177	795
1891	5093
206	3287
1940	1442
1587	6365
99	1476
36	1165
36	1074
117	1689
37	1412
1947	1505
1387	7347
1923	1288
2039	6912
189	2238
257	1441
144	2425
1940	2669
66	716
1807	3853
257	3157
61	8478
154	3611
152	385
189	511
1923	3368
257	3020
257	833
2026	6679
1890	7668
1001	1480
257	522
266	492
1911	8745
278	2756
37	1411
1801	8058
257	1648
1111	3746
1840	4361
277	1059
136	437
596	5402
1835	2495
30	2058
257	2981
98	180
1223	5681
204	511
265	192
1814	3738
257	918
99	1171
257	2493
1387	7343
257	1368
1722	8859
257	1298
229	476
41	3255
190	2114
1961	5914
257	2767
257	1756
257	2902
266	1693
1885	5012
398	4852
119	884
147	708
1306	3878
1926	2000
257	690
134	3100
1847	4405
1919	5436
1985	6132
428	5793
133	2086
257	1275
80	645
1942	3622
46	3465
257	625
198	3079
46	4792
257	2524
99	275
78	486
169	3207
1811	1288
257	671
338	5310
264	1175
257	495
1904	3469
1346	3840
99	2034
137	3033
61	183
264	3216
1247	735
1889	8247
1944	5730
487	3858
1342	5725
177	2933
257	2250
42	628
1288	4631
40	4698
293	3568
1587	4873
1810	3868
257	2469
257	2798
142	1927
2019	4169
1345	6495
257	544
191	1815
1541	716
257	2698
700	5904
257	1245
44	1258
406	5452
55	1332
1915	5414
107	2660
289	542
1567	3773
1997	6348
257	386
1935	923
159	1506
1828	4251
1722	3265
257	992
146	2669
1387	7351
113	2383
257	559
257	2246
1801	4019
623	4871
173	743
257	2001
1820	4033
2040	6932
257	2359
257	560
81	2633
257	2598
1908	5317
54	2439
1883	4994
1001	4535
257	2810
279	986
1984	6102
1714	6799
257	2623
1235	6445
2010	5990
1909	5327
278	518
257	2415
2029	6770
266	3297
344	5133
215	3074
1926	3763
293	3569
1910	2368
1802	3729
197	1556
201	3137
1356	4321
82	5433
257	511
99	2036
257	1729
136	1023
67	2008
1543	5153
2040	3709
152	2277
1923	1479
1078	6874
125	1874
1810	2768
1965	1927
36	628
1948	6274
216	2623
169	3619
1955	13
75	8786
2036	6870
2032	6825
249	228
1935	2119
78	1858
1801	8104
139	1522
257	2367
162	600
1131	6739
1955	1320
1288	4630
1801	8130
257	639
177	2946
257	484
88	1921
257	636
190	2111
1923	3900
646	3830
2022	6656
257	3617
1588	1056
295	1536
1897	5178
134	1077
627	5255
963	4371
1873	4804
14	2018
1801	3682
1868	742
1904	964
2029	6754
80	367
49	1921
228	491
1625	5024
1992	2115
1642	4254
1801	1961
257	1059
2010	2
1905	5271
265	2847
466	6203
1885	5016
48	1616
1057	3719
99	1466
1852	4559
69	8584
262	485
257	991
108	2048
257	2083
177	2759
96	2530
247	3537
31	1442
1753	3793
257	1463
1951	148
225	2950
257	482
1027	6225
1843	2
1819	3346
257	1961
99	1479
257	1365
1995	6306
257	2391
133	2997
1888	5063
1852	4561
44	1261
1904	337
1855	8802
1722	1476
1855	8804
2015	6528
257	1937
1889	1479
138	618
254	2652
257	2372
231	830
50	1732
257	1176
36	2044
257	1979
211	495
1880	2381
1877	2360
646	4148
257	2346
212	3343
90	2817
1798	1322
257	2807
1852	4563
965	1500
1078	6879
257	3580
257	1398
143	3408
95	667
153	3494
99	3046
1832	2240
257	1486
1978	6031
197	607
1848	4434
1950	5771
1306	4163
1893	672
1342	3491
293	3617
213	2049
404	4823
65	5187
224	3404
257	1940
1954	2384
123	3015
2036	6862
245	2857
257	2746
1798	3372
1837	7792
230	605
64	1607
257	1954
1057	1993
1858	4610
265	2851
220	3411
62	1551
1969	5977
165	262
1926	3568
2	13
2050	7879
1306	3870
257	3287
1942	7268
264	3266
1837	7784
1923	4026
257	1970
219	2233
257	1104
1798	3370
221	912
142	1926
931	4917
155	2837
70	3131
266	493
257	2610
76	1082
484	4675
1567	6334
240	655
1801	8170
1475	2940
1995	6309
262	228
1588	1287
1832	2036
42	1592
97	839
257	519
257	1938
257	1547
1714	6818
1812	3900
229	478
144	2630
91	770
1472	2853
1837	7791
69	2566
87	1359
257	2059
1911	8746
257	2744
991	4222
99	1292
164	1090
40	2426
141	2663
484	4683
1873	4805
1819	2853
610	2550
120	2400
1837	7790
257	1758
257	1068
592	6774
153	1712
64	1605
257	2197
177	144
1475	3763
191	1813
601	6524
1984	6103
1801	8110
99	1168
286	2197
257	403
156	1029
1288	4632
1897	5188
82	1501
257	1748
257	2517
1387	7379
1001	4536
257	1964
2028	6707
178	2690
1855	3266
2011	3021
1843	6993
1937	5672
167	1658
51	112
257	1213
2038	5814
152	2918
204	2047
199	476
69	2676
1847	4409
2010	1056
1885	761
39	3210
1953	5817
1951	3467
1890	461
1985	3748
1104	4236
1342	7232
99	812
257	3501
54	3317
1837	6637
253	2971
250	1005
257	1957
257	3183
257	305
1880	136
1439	3642
408	5954
286	670
1552	3774
257	597
227	519
54	3291
479	6622
1855	4496
2015	6531
1848	4446
1801	3617
66	726
176	960
88	3037
36	1168
160	364
344	5140
1909	5321
1543	5161
257	1998
257	1658
78	2134
257	1806
1387	7247
257	1994
2040	6922
257	3588
257	1374
109	672
257	2864
266	1003
61	2726
92	1561
257	6615
1964	5924
1541	5097
257	2460
99	198
601	6523
210	921
2015	2966
142	1928
42	1594
93	2256
262	1464
1985	6139
1093	5330
204	1303
610	2586
1855	3568
257	1098
58	1854
408	5960
176	975
1798	2822
1001	4540
257	2478
118	2924
1801	8126
541	4744
114	1427
177	2934
257	577
1722	1479
623	721
257	2857
1554	5805
1880	1474
201	3144
1801	8116
1801	8101
206	2733
1839	853
257	1980
1865	4713
1995	6301
733	6093
160	2351
147	713
1903	5237
257	1401
1890	2378
266	223
1711	5360
1911	8742
31	735
1990	6237
265	217
1997	6339
916	2090
257	1396
50	1734
1888	5061
1104	4768
171	367
173	247
1104	2768
153	2392
69	8571
257	293
1898	2426
1966	3672
257	2445
1800	3792
257	2880
390	5052
257	2475
166	988
1832	3216
218	2415
1995	6298
152	2915
336	6648
404	4822
2032	6837
257	1803
89	395
257	2123
257	1945
93	344
2012	6496
1404	2853
99	278
257	165
1914	2119
2032	6840
1134	6415
257	591
270	1050
1357	6628
162	3111
1474	3652
2039	6913
206	3604
1332	4049
216	2996
174	1389
1940	1617
69	8569
65	5185
257	2373
257	162
143	486
257	623
1971	5990
175	1750
187	2873
1472	6893
487	3859
75	2888
55	1250
234	683
36	793
231	501
257	1764
293	8288
193	1067
1879	4177
1911	8736
70	5307
257	791
264	2768
127	3369
242	2169
257	3000
25	2153
45	2013
78	8962
257	3431
1800	1155
131	372
66	2697
1855	8801
125	1869
88	3290
60	2769
46	3285
1587	6350
2039	931
36	4394
99	802
257	594
257	2597
55	1247
1345	6500
257	1530
1930	5560
257	844
286	2199
1837	7786
1384	2959
121	1329
257	3500
1942	461
257	395
93	2261
1945	5736
257	2188
177	2768
1722	7258
206	386
1837	7788
187	2872
257	575
5	38
237	3151
1419	2892
531	4876
1844	4388
199	1407
676	5249
257	3184
164	1204
320	4751
164	1205
36	2103
1722	21
1907	1631
1223	5679
156	386
5	7702
2015	3
257	1124
1880	38
257	1802
1873	939
152	390
398	931
1806	3841
257	1974
1999	6401
257	1771
2017	6519
310	4001
257	3584
95	406
1832	682
203	3514
88	3032
338	5306
51	4929
2010	3601
279	233
265	3287
1909	5325
177	2771
1071	788
203	3044
1722	1474
61	674
1475	8294
