1	1	Drums
1	11	Vocals
1	12	Sax
1	16	Guitar
1	17	Bass & Backing Vocals
1	26	Piano, Organ & Backing Vocals
1	15	Bass & Backing Vocals
1	25	Vocals
1	29	Guitar
1837	7788	Vocals
1837	9096	Vocals
1837	7782	Vocals
1837	7790	Vocals
1837	6850	Vocals
1837	9098	Vocals
1837	9099	Vocals
1837	9094	Vocals
1837	3809	Vocals
37	9104	Drums
37	9105	Drums
37	2437	Drums
700	5904	Bass
700	6605	Bass
700	3249	Bass
1342	7232	Drums
1342	7230	Drums
1808	7178	Vocals
1808	7183	Vocals
1808	7180	Vocals
1808	7181	Vocals
1808	7182	Vocals
1854	9324	Vocals
1854	9325	Vocals
1854	9326	Vocals
1854	9328	Vocals
1829	9334	Vocals
1829	9337	Vocals
1829	241	Vocals
1829	9341	Vocals
1813	3909	Vocals
1813	3910	Vocals
1813	3911	Vocals
1813	3905	Vocals
2037	7704	Vocals
2037	9363	Vocals
2037	3555	Vocals
2037	4251	Vocals
2037	1284	Vocals
156	386	Guitar & Keyboards
156	1029	Bass
156	1032	Drums & Percussion
484	4668	Vocals
275	5196	Bass
1074	621	Guitar & Backing vocals
1074	623	Bass
1074	604	Lead Vocals, Piano & Flute
1074	39	Lead Guitar & Backing vocals
1074	1692	Drums
277	505	Guitar & Lead Vocals
277	507	Guitar, Banjo & Backing Vocals
277	509	Bass & Backing Vocals
277	508	Drums & Backing Vocals
159	227	Lead Vocals & Guitar
159	1506	Guitar & Backing Vocals
1910	2032	Drums
159	1513	Keyboards & Backing Vocals
159	1510	Drums & Backing Vocals
159	1512	Bass & Backing Vocals
197	607	Vocals
338	2443	Bass
197	1556	Guitar & Backing Vocals
197	2959	Drums & Backing Vocals
322	6183	Drums
484	4678	Bass
484	4679	Bass
278	3714	Drums
278	997	Guitar, Keyboards & Percussion
278	518	Drums
197	1648	Bass & Backing Vocals
197	1614	Bass
1008	3680	Lead Vocals
209	523	Guitar & Vocals
209	2092	Bass & Backing Vocals
1775	2866	Bass
1775	2864	Drums
597	3808	Guitar
597	3809	Drums
162	600	Guitar & Vocals
162	3040	Bass
55	2639	Guitar
164	657	Bass & Backing Vocals
164	659	Drums & Backing Vocals
165	3984	Vocals
165	2552	Bass
165	1375	Vocals
1891	5104	Vocals
175	1746	Bass
169	3620	Guitar
169	3619	Bass
169	3198	Drums
169	3191	Percussion & Backing Vocals
169	3197	Trombone
907	2618	Vocals, Guitar, Harmonica & Keyboards
907	4130	Guitar
907	4133	Drums
173	4156	Guitar
173	743	Percussion & Backing Vocals
1805	4162	Bass
1805	4160	Electric Guitar & Cuatro
1805	3816	Ex-Members
37	4638	Vocals
37	4635	Bass
457	2292	Bass & Vocals
457	718	Keyboards & Vocals
320	4752	Vocals
1443	5631	Piano
1443	3396	Drums
1829	246	Keyboards
241	2486	Bass
1831	4308	Vocals, 12 String 2nd Guitar
1831	4309	Lead Guitar, Harmonica & Ciggarbox
1831	4305	6 String Rhytmic Guitar & Backing Vocals
1831	4306	Bass
16	4310	Vocals, Guitar & Bass
653	4335	Lead Vocals & Bass
653	4336	Drums
963	4363	Bass
1840	4369	Bass
963	4371	Bass
1840	3748	Drums
14	2023	Lead Guitar
14	4376	Drums
965	3644	Vocals & Bass
965	4393	Drums
36	1074	Guitar
36	628	Guitar
36	1403	Bass
36	2029	Guitar
36	38	Guitar & Vocals
36	1567	Drums & Percussion
185	1279	Bass
183	2309	Guitar & Synthesizers
1168	4467	Lead Guitar
1168	4464	Lead Vocals
1168	4468	Tenor Sax
981	4475	Electric Guitar & Backing Vocals
981	4471	Lead Vocals, Acoustic Guitar, Guitar & Keyboards
527	4480	Guitar, Piano, Bass & Vocals
981	4476	Drums & Backing Vocals
527	4481	Drums
190	2114	Bass
190	512	Drums
190	2111	Rhythm Guitar, Keyboards & Vocals
190	510	Bass & Vocals
191	2513	Drums
191	2518	Bass
191	2512	Trombone
191	1813	Drums & Percussion
191	2508	Trumpet & Backing Vocals
1851	4551	Guitar
1851	4548	Vocals
1851	4552	Percussion
908	1377	Guitar
908	4575	Second Guitar & Vocals
1856	4587	Vocals
1856	4585	Vocals
1856	4586	Vocals
1856	4583	Guitar
1856	4321	Guitar
1859	4625	Guitar & Backing Vocals
198	3080	Vocals
1859	4626	Bass
198	381	Drums
198	3081	Bass
37	2433	Vocals & Guitar
1530	4650	Bass
37	1410	Drums
278	2756	Bass & Backing Vocals
1840	6974	Lead Vocals & Guitar
232	1008	Vocals
14	2020	Drums
173	2223	Drums
197	1840	Bass & Backing Vocals
1775	2868	Lead Guitar & Vocals
1008	3769	Drums
338	5308	Bass
484	4683	Vocals
484	3702	Bass
278	1558	Guitar & Vocals
278	499	Drums & Percussion
484	4681	Drums
278	3106	Drums
2043	6952	Drums
197	372	Guitar & Backing Vocals
197	1611	Drums & Percussion
1008	3770	Guitar & Vocals
1008	3690	Acoustic & Electric Bass
1775	3802	2nd Guitar & Vocals
1775	3797	Lead Vocals
1775	3806	Keyboards
1775	3805	2nd Guitar & Vocals
597	3811	Lead Vocals
597	2418	Bass
162	599	Guitar & Vocals
162	3034	Drums
164	987	Guitar
165	1379	Guitar
165	2639	Bass
165	3989	Keyboards
165	1381	Drums
165	1380	Guitar
175	1748	Vocals
169	3181	Keyboards & Backing Vocals
169	3193	Guitar
169	3195	Bass
169	3203	Trumpet
169	3207	Sax
907	4128	Vocals & Guitar
907	4127	Drums & Guitar
907	2927	Percussion
907	574	Bass
173	742	Keyboards & Backing Vocals
173	745	Bass
173	247	Keyboards
1805	3816	Vocals
1805	3812	Drums, Keyboards, Synthesizer, Percussion, Foleys & Vocals
1805	3813	Bass & Cuatro
1805	3834	Synthesized, Electro-Acoustic & Electric Guitar
175	3626	Drums & Programming
457	533	Guitar & Vocals
457	4170	Drums
232	1230	Bass
320	4756	Bass
320	4761	Drums
1829	242	Guitar
241	1530	Guitar, Programming & Backing Vocals
1831	4304	Vocals & Backing Vocals
1831	4301	Lead Guitar
16	4313	Drums
653	4337	Guitar
653	4334	Lead Guitar
1840	4370	Lead Vocals
1840	3742	Percussion
963	4368	Drums
963	4364	Drums
963	4367	Lead Vocals
1840	4361	Guitar
14	2022	Keyboards
14	2018	Vocals & 2nd Guitar
14	2019	Bass
965	4392	Guitar
965	4389	Guitar
36	67	Keyboards & Vocals
36	40	Bass & Vocals
36	1474	Guitar & Vocals
36	4391	Bass
36	4394	Bass & Backing Vocals
183	2308	Guitar & Vocals
183	2344	Drums
185	4455	Drums
183	2593	Drums
185	232	Vocals & Guitar
1168	4470	Keyboards & Backing Vocals
1168	4469	Rhythmic Guitar & Backing Vocals
1168	4472	Bass
1168	4474	Drums & Percussion
981	4478	Bass & Backing Vocals
527	4479	Drums
527	4473	Bass
527	4482	Guitar
527	4484	Bass
190	1007	Guitar & Vocals
190	511	Guitar & Backing Vocals
191	1817	Guitar & Vocals
191	1818	Guitar & Vocals
191	2509	Tenor Sax & Backing Vocals
191	1814	Bass & Vocals
191	1920	Congas, Percussion & Backing Vocals
191	1463	Sax & Vocals
1851	4547	Drums
1851	4555	Bass
1851	4553	Vocals
908	4581	Bass
908	4582	Drums
1856	4589	Bass & Backing Vocals
1856	4580	Keyboards & Backing Vocals
1856	4588	Lead Vocals & Guitar
1856	4590	Drums & Percussion
1859	4622	Lead Vocals
198	3079	Guitar
198	3078	Guitar & Backing Vocals
1856	6932	Drums & Percussion
209	525	Drums
164	656	Vocals & Backing Vocals
169	3174	Lead Vocals
1831	519	Drums & Percussion
190	689	Drums
198	2593	Bass
37	2434	Vocals & Guitar
37	2443	Bass
1530	4649	Guitar
1530	4646	Keyboards
484	4676	Vocals
484	3650	Guitar
1686	4711	Bass
1686	4707	Guitar & Violin
624	4732	Bass
624	4729	Drums
41	1260	Guitar & Vocals
41	228	Drums & Vocals
152	366	Lead Vocals
152	386	Guitar
152	367	Percussion & Backing Vocals
42	544	Lead Vocals, Piano, Moog & Synthesizers & Hammond Organ
42	601	Bass & Vocals
42	4735	Bass
152	377	Keyboards & Backing Vocals
42	628	Guitars
43	1823	Drums, Percussion & Backing Vocals
320	4750	Keyboards, Orchestrations & Harsh Vocals
320	4220	Guitar & Vocals
320	4754	Guitar
1104	4764	Guitars
1164	1500	Vocals & Guitar
1104	4236	Lead Vocals
1104	4768	Bass & Backing Vocals
1164	1507	Drums
419	4780	Guitar
419	4784	Drums
46	2026	Guitar
46	2027	Drums
46	4794	Lead Vocals
46	4792	Guitar
46	2631	Lead Vocals
46	3534	Lead Vocals
404	4821	Keyboards
404	4823	Vocals
404	4826	Drums
1083	1803	Bass & Backing Vocals
49	3408	Vocals, Guitar, Bass, Sequences, Theremin & Percussion
49	3290	Vocals, Bass, Guitar, Samples, Sequences, Theremin & Cuatro
49	503	Percussion & Backing Vocals
623	4855	Bass
623	4876	Bass
623	4871	Drums
623	4870	Vocals
623	4873	Drums
1212	2826	Bass & Vocals
1212	3370	Alto Sax & Flute
1212	685	Drums
1212	3372	Background Vocals
1552	3777	Vocals
1552	3775	Guitar & Backing Vocals
1552	3779	Bass
1552	2509	Sax
1806	3829	Lead Guitar & Vocals
1806	3839	Vocals
1806	605	Drums
487	3855	Guitar
487	3857	Guitar
487	3859	Bass
917	3954	Bass
917	3960	Drums
846	3969	Vocals
52	1500	Guitar & Vocals
846	5009	Bass
52	1507	Drums
846	3968	Drums
155	2841	Guitar, Keyboards & Vocals
155	2843	Drums, Percussion & Back Vocals
1820	5047	Guitar
1332	4071	Vocals & Guitar
1332	4049	Guitar & Backing Vocals
1332	4050	Guitar & Vocals
1332	4056	Drums, Percusion & Backing Vocals
55	1251	Guitar
55	1256	Bass
55	1332	Guitar
646	4146	Lead Vocals
646	4145	Bass
1306	5080	Drums
1306	4161	Drums
1306	4163	Bass
58	2698	Lead Vocals & Guitar
58	2713	Drums
58	547	Drums
1541	716	Vocals & Backing Vocals
1112	5100	Keyboards
1541	5088	Guitar, Piano, Synthesizers & Cuatro
1112	5092	Guitar
1541	5106	Sequences, Synthesizers, Machines & Loops
1112	5090	Drums
1891	3692	Congas & Percussion
1891	5102	Keyboards
1891	5098	Lead Vocals & Bass
1891	5096	Drums
1891	3992	Drums
1891	5099	Percussion
59	790	Bass
59	796	Vocals & Backing Vocals
59	4529	Keyboards
58	1672	Bass
46	3467	Lead Vocals
1530	2996	Drums
46	7923	Guitar
43	3286	Drums & Percussion
47	2669	Guitar & Backing Vocals
47	2664	Drums & Backing Vocals
55	3293	Bass
1806	980	Drums
1530	3852	Vocals & Lead Guitar
1530	3903	Drums
484	4675	Drums
1686	4709	Vocals
1686	4708	Drums
624	4733	Vocals
624	4726	Bass
624	4724	Guitar
41	971	Bass & Vocals
42	4734	Lead Guitar, Flute, Saxophone, Harpsichord, Synthesizer, Bass & Vocals
152	390	Bass
152	385	Drums & Backing Vocals
42	1198	Acoustic Guitar, 12 String Guitar & Vocals
42	1197	Drums
42	1593	Drums & Percussion
42	604	Percussion & Vocals
43	992	Vocals, Bass, Guitar, Keyboards & Piano
43	996	Guitar & Backing Vocals
43	994	Violin, Keyboards & Backing Vocals
320	1552	Bass
320	4753	Drums
320	4751	Vocals
1164	4758	Bass
1104	4241	Keyboards & Sax
1164	1504	Lead Guitar
1104	4760	Drums & Backing Vocals
419	4781	Vocals, Guitars, Bass & Drums
419	4775	Keyboards & Synthesizers
46	4793	Bass
46	4789	Lead Vocals
46	2030	Bass & Backing Vocals
46	4788	Lead Vocals
46	3289	Lead Guitar
46	4787	Keyboards
46	4796	Keyboards & Backing Vocals
46	3465	Keyboards & Backing Vocals
404	4825	Bass
1083	1804	Vocals, Guitar & Keyboards
404	4822	Guitar
1083	1805	Drums, Percussion, Sequences & Backing Vocals
623	4875	Vocals
49	504	Scratches
49	506	Sax & Backing Vocals
623	4872	Drums
623	4867	Bass
623	4868	Guitar & Backing Vocals
623	4862	Vocals
1212	2111	Vocals & Keyboards
1212	3369	Guitar & Background Vocals
1212	2824	Tenor Sax
1212	3373	Percussion
1212	2818	Keyboards
1552	2286	Drums
1552	3774	Guitar, Keyboards & Backing Vocals
1552	3820	Bass
1552	1747	Drums
1552	2518	Bass
1806	3831	Bass
1806	3841	Keyboards
1806	2507	Second Guitar & Vocals
1806	3846	Percussion
487	3860	Lead Vocals
487	3858	Drums
917	3956	Vocals
917	4995	Drums
917	3957	Guitar
846	3970	Guitar
52	1509	Bass & Backing Vocals
52	1504	Guitar & Backing Vocals
155	601	2nd Guitar, Keyboards, Harmonica & Vocals
155	2837	Bass, Keyboards, Lead & Backing Vocals
1820	4038	Bass
1820	4033	Vocals, Guitar & Bass
1820	530	Drums
1332	4052	Keyboards, Programming & Backing Vocals
1332	4053	Bass
55	1252	Drums
55	1247	Vocals & Guitar
55	1250	Guitar
55	3038	Drums
646	3830	Drums
1306	3870	Vocals & Guitar
1306	3885	Drums
1306	3878	Guitar
1306	4069	Drums
58	2704	Guitars
58	1640	Bass
58	253	Drums
1891	5095	Bass
1541	5087	Guitar
1541	5107	Timbales
1891	5105	Vocals
1112	5089	Bass
1891	5093	Guitar
1891	560	Vocals
1541	5097	Congas
1891	5094	Guitar
1891	5101	Bass
1891	5103	Lead Guitar
59	1372	Guitar
59	2445	Tenor Sax & Backing Vocals
59	789	Keyboards & Backing Vocals
59	788	Guitar
59	792	Drums
344	5140	Guitar
1225	5134	Drums
49	3411	Drums, Samples, Sequences & Backing Vocals
55	3036	Keyboards & Scratches
484	7399	Bass
1112	8406	Vocals
47	174	Bass & Vocals
59	1370	Vocals & Backing Vocals
59	791	Percussion
1225	5132	Bass & Backing Vocals
344	5138	Lead Vocals & Sequences
61	5144	Vocals & Guitar
1225	5136	Guitar & Backing Vocals
344	5137	Drums
344	5133	Drums
61	4013	Drums
1897	5188	Drums
1897	1606	Drums & Backing vocals
1897	5178	Bass & Backing vocals
1897	5176	Bass & Backing vocals
275	120	Vocals, Acoustic Guitar & Melodica
66	5198	DJ
275	122	Drums
66	723	Keyboards
1593	5207	Drums & Vocals
67	496	Drums, Keyboards & Backing Vocals
1593	2510	Drums & Vocals
1898	2426	Drums & Percussion
1898	5205	Vocals
67	497	Bass
1187	2582	Guitar & Lead Vocals
700	5250	Lead Vocals
627	5255	Bass
700	2959	Drums
70	1309	Vocals, Guitars, Keyboards & Sequences
70	1362	Drums
70	1312	Vocals, Bass, Guitar, Keyboards & Sequences
70	5307	Drums
338	5301	Drums
338	5303	Drums
862	5305	Bass
862	5314	Drums
1093	5341	Vocals
1093	5337	Congas
1093	5344	Minor Percussion & Vocals
1093	5336	Bass
1093	5334	Bass
1474	5352	Bass
1474	5347	Guitar & Vocals
1474	5350	Drums
1910	629	Bass & Backing Vocals
1910	2367	Lead Vocals
1910	5351	Bass & Backing Vocals
75	2885	Vocals & Guitar
78	482	Guitar & Vocals
78	1855	Trombone
78	481	Drums
78	484	Guitar & Vocals
78	485	Sax
78	488	Keyboards
78	3291	Sax
78	793	Trombone
78	486	Trombone
150	133	Vocals & Bass
1013	5949	Bass
424	1652	Guitar & Backing Vocals
916	5416	Drums
424	5413	Vocals & Guitar
80	183	Keyboards, Percussion & Vocals
80	501	Guitar & Vocals
80	499	Drums, Percussion & Backing vocals
632	5421	Drums
81	2636	Guitar
81	521	Bass & Vocals
82	1498	Vocals
82	521	Vocals
81	522	Drums
82	5433	Bass
82	2639	Guitars & Backing Vocals
1918	4951	Guitar
1919	4218	Lead Vocals
1918	5441	Vocals
1919	3654	Guitar
1919	5438	Guitar & Backing Vocals
1926	2507	Vocals
1926	1287	Vocals
827	2959	Drums & Backing Vocals
827	2149	Bass & Backing Vocals
1523	3318	Keyboards & Programming
409	4412	Bass
409	5566	Lead Vocals
409	5561	Drums
409	5572	Keyboards
374	1909	Guitar
92	1561	Vocals
374	5571	Guitar
374	2433	Guitar
374	5563	Drums
409	5558	Bass
92	1246	Drums & Percussion
374	5565	Bass
92	1563	Guitar
702	3658	Vocals
702	5575	Guitar & Back Vocals
702	5576	Keyboards, Guitar & Backing Vocals
1611	5583	Drums & Percussion
702	5580	Guitar, Flute, Sax & Vox
1611	5579	Bass & Backing Vocals
75	8786	Guitar
1226	5544	Bass & Backing Vocals
1226	5543	Guitar & Backing Vocals
1898	1370	Bass
1450	460	Drums
1187	2583	Bass & Vocals
702	5741	Bass
344	5143	Bass
1225	5130	Vocals, Guitar, Programming & Synthesizers
344	5135	Guitar
344	5146	Guitar
61	5142	Guitar
61	5145	Bass & Backing Vocals
1897	3713	Lead Vocals & Guitar
1897	5184	Guitar
1897	5174	Keyboards & Backing vocals
66	720	Drums
275	1848	Guitar & Backing Vocals
66	721	Bass
275	5192	Keyboards
66	716	Vocals & Sequences
1593	5202	Lead Vocals & Rhythmic Guitar
1898	461	Guitars
1593	153	Bass & Vocals
1898	5203	Keyboards
67	495	Guitar, Keyboards & Vocals
1593	1926	Lead Guitar & Vocals
1898	5209	Percussion
1187	2584	Drums
1187	5226	Drums
700	5257	Bass
627	5258	Vocals
700	2953	Guitar
700	2046	2nd. Guitar
627	5254	Drums
70	1315	Drums & Sequences
70	1308	Drums
70	1307	Vocals
338	5299	Lead Vocals & Guitar
338	5306	Vocals & Guitar
338	5300	Drums
338	5304	Bass
862	5309	Guitar
862	5312	Vocals
1093	5335	Timbales
1093	5330	Cuatro & Vocals
1093	5335	Drums & Timbales
1093	5333	Flute & Backing Vocals
1474	3652	Lead Guitar & Vocals
1474	978	Vocals
1474	5346	Guitar
1910	2368	Guitar
1910	2370	Drums
1910	2372	Keyboards
1910	1287	2nd Guitar & Backing Vocals
75	2888	Drums
75	2889	Bass & Backing Vocals
78	483	Bass
78	1848	Guitar
78	1169	Sax
78	1342	Trumpet
78	519	Keyboards
78	1463	Sax
78	1847	Trombone
78	1114	Trumpet
78	1112	Trumpet
150	1337	Drums
916	5410	Bass
424	5412	Drums & Backing Vocals
424	993	Bass & Backing Vocals
916	5417	Keyboards, Melodica & Xylophone
80	498	Vocals, Guitars, Samplers, Synthesizers
632	5425	Bass
80	500	Bass & Vocals
632	5427	Guitar & Backing Vocals
81	2632	Vocals
632	5423	Vocals
81	2633	Guitar & Vocals
81	520	Guitar & Vocals
82	5429	Bass
82	1380	Bass
81	530	Drums
82	2995	Vocals
82	5435	Drums
82	5432	Drums
1918	4953	Drums
1919	5436	Percussion
1918	5442	Bass
1919	5437	Bass
1919	5439	Drums & Backing vocals
1926	864	Vocals
827	2144	Guitar & Backing Vocals
827	5531	Vocals & Backing Vocals
1523	298	Keyboards & Programming
1523	1740	Keyboards & Programming
409	5559	Guitar & Vocals
409	5562	Bass
409	5564	Lead Vocals
92	1564	Bass
409	5555	Percussion
374	5570	Vocals
374	5568	Drums
374	3719	Guitar
409	5556	Guitar & Vocals
92	1562	Guitar & Keyboards
374	5567	Bass
374	5569	Bass
374	5573	Bass
702	3659	Guitar & Vocals
702	5580	Bass, Guitar & Flute
1611	5584	Guitar & Keyboards
702	4566	Drums
702	5581	Cello
1450	5585	Electric Piano
1450	3216	Trumpet & Flugelhorn
1450	2108	Vocals, Bass, Guitar & Keyboards
1593	602	Bass & Vocals
1450	3617	Percussion
1226	5546	Violin
702	5741	Bass & Percussion
1450	461	Guitar
1611	2427	Vocals & Guitar
702	5574	Drums, Guitar & Vocals
188	1865	Keyboards & Backing Vocals
188	5594	Guitars & Backing Vocals
93	2253	Keyboards & Vocals
93	2254	Drums
188	2115	Bass
93	2252	Lead Vocals
93	2255	Bass & Vocals
188	2119	Keyboards
1933	5597	Bass
1933	5627	Guitar & Vocals
719	5618	Drums
924	5623	Bass
719	5616	Guitar & Backing Vocals
924	5615	Vocals
1933	5604	Bass
1933	1930	Flute
1936	1230	Guitar, Harmonica & Vocals
1342	5725	Keyboards
1939	5714	Keyboards & Vocals
1939	5711	Bass & Vocals
1941	3374	Vocals, Guitar, Harmonica
1940	735	Trombone
1940	1441	Guitar
1940	549	Keyboards
1939	5707	Bass
1940	2001	Bass
1939	5708	Drums, Percussion & Vocals
1940	1999	Guitar
644	5723	Vocals & All Instruments
1342	5728	Drums
98	329	Drums
98	1382	Guitar & Vocals
1941	5052	Drums & Back vocals
325	5821	Lead Vocals
325	5808	Bass
325	4826	Drums
325	5819	Keyboards
325	5810	Guitar
1033	5839	Keyboards & Programming
1954	2378	Vocals & Guitar
1957	5859	Drums
105	4626	Bass & Backing Vocals
105	5867	Drums
1957	4406	Drums
1954	2012	Drums & Percussion
105	5854	Guitar & Backing Vocals
105	5856	Bass
105	5853	Drums
1957	5861	Bass
1797	3668	Drums
1522	5874	Piano & Keyboards
1958	5864	Lead Guitar
1958	5877	Congas
1522	5880	Lead Vocals
1522	5870	Bass
1679	5869	Vocals
1679	5873	Bass
1522	5866	Drums
1958	5883	Organ, Sax, Flute & Violin
1679	5863	Drums
485	5893	Vocals
485	5895	Lead Guitar
485	5888	Guitar
485	5891	Drums
485	2953	Guitar
485	5886	Guitar
485	5897	Bass
157	2553	Guitar & Backing vocals
356	5414	Keyboards, Lead & Backing Vocals
157	2558	Bass & Backing vocals
356	5898	2nd Guitar, Lead & Backing Vocals
356	5896	Bass & Backing Vocals
356	276	Drums & Backing Vocals
356	1351	Bass & Backing Vocals
1963	5915	Lead Vocals
1963	5771	Guitar & Vocals
1963	5917	Lead Vocals
1963	5916	Guitar
115	1590	Vocals & Guitar
115	2982	Bass
115	1591	Bass
1013	5950	Lead Vocals
1005	5951	Drums, Guitars, Percussion, Keyboards & Samplers
158	5952	Vocals
158	1870	Piano & Vocals
158	543	Bass & Vocals
158	978	Vocals & Percussion
158	980	Drums
1968	5968	Guitar & Sequences
1968	5956	Lead Vocals
1967	5967	Organ
1967	5973	Cuatro
1229	2927	Drums
1606	6020	Guitar
1606	6014	Keyboards
1606	6024	Lead Vocals
1606	6025	Percussion
1606	6018	Alto Sax & Vocals
1229	2739	Bass
1972	3685	Guitar, Bass, Programming, Keyboards & Drums
1583	1695	Bass & Vocals
1583	1699	Drums
1583	1691	Keyboards
1555	6075	Lead Vocals, Flute, Percussion & Backing Vocals
1555	621	Guitar
1555	6074	Sax
1555	6072	Piano, Keyboards & Effects
1799	3694	Bass
158	29	Lead Guitar
1342	2044	Bass & Vocals
1611	5582	Rhythmic Guitar
188	5602	Vocals
188	38	Guitars & Vocals
188	5591	Bass & Backing Vocals
188	1799	Drums
188	1171	Drums
93	2258	Guitar
93	2256	Percussion & Effects
1933	5607	Guitar & Vocals
1933	5598	Bass
719	5619	Vocals
924	5624	Bass
719	5617	Bass
924	5603	Drums
1933	5635	Drums & Vocals
1933	5631	Piano
1936	6275	Drums
1939	5712	Lead Vocals
1939	1073	Drums & Vocals
1940	1440	Guitar
1940	833	Bass
1940	1438	Vocals
1940	1442	Trumpet
1939	5709	Guitars & Vocals
1939	5713	Keyboards & Vocals
1940	1060	Sax
1940	1443	Drums
1342	921	Lead Vocals
1342	923	Drums
1342	5729	Drums
98	1383	Bass & Vocals
1941	5760	Lead Guitar & Back vocals
325	5812	Guitar
325	5807	Guitar
325	5811	Guitar
325	5809	Drums
1941	1359	Acoustic Guitar & Back vocals
1033	5845	Vocals & Guitar
804	5847	Vocals, Keyboards, Drums Programming, Acoustic Guitar & Cuatro
1954	2384	Bass & Backing vocals
105	2638	Guitar
105	476	Lead Vocals & Bass
105	5860	Bass
1957	4268	Guitar & Harmonica
1954	2375	Keyboards & Backing vocals
105	5855	Lead Vocals
105	5858	Lead Vocals & Keyboards
1957	5857	Lead Vocals & Harmonica
105	2477	Guitar
1797	5868	Lead Guitar & Vocals
1522	5871	Drums
1958	5865	Bass & Lead Vocals
1797	3669	Congas
1522	5875	Guitar
1958	5882	Drums
1797	3667	Bass
1679	5872	Sax
1958	5884	Guitar
1679	5876	Trumpet
485	5894	Drums
485	5890	Guitar
485	5889	Bass
485	5887	Drums
485	5892	Lead Guitar
485	5885	Guitar
485	5881	Bass
157	2559	Keyboards
157	2555	Vocals
157	2556	Drums
356	3671	Lead Guitar & Backing Vocals
356	5902	Lead Guitar & Backing Vocals
356	5409	Drums
1963	5919	Bass
1963	5925	Lead Vocals
1963	5918	Bass
1963	2035	Lead Vocals
1963	5921	Drums
115	1596	Drums
1013	5403	Guitar
1013	5945	Drums
115	1595	Vocals & Guitar
158	4026	Guitar & Vocals
158	605	Drums & Percussion
158	977	Guitar & Vocals
158	873	Drums
1968	1381	Drum & Sequences
1968	262	Bass
1967	5972	Bass
1967	5970	Drums
1606	6015	Bass
1606	6016	Drums
1606	2002	Trumpet
1606	6021	Dj Sample
1229	6027	Drums
1229	6019	Guitar
1583	1696	Vocals
1583	6048	Drums
1583	1694	Guitar & Vocals
1583	6049	Drums
1555	6076	Bass
1555	6077	Percussion & Backing Vocals
1555	6079	Lead Vocals & Backing Vocals
1555	4323	Piano
932	6077	Percussion & Backing Vocals
124	2519	Bass
1799	5104	Vocals
1799	6078	Drums
98	2130	Guitar
1229	1800	Guitar
158	3902	Bass
325	4408	Keyboards
1941	7587	Keyboards & Back vocals
1555	6298	Sax
1555	6082	Drums, Percussion, Trumpet & Flugelhorn
1799	3687	Vocals
932	5343	Guitar
124	2816	Drums
1799	3693	Keyboards
1799	3691	Rhythmic Guitar
1799	3692	Percussion
932	6084	Bass & Backing Vocals
932	6085	Drums & Backing Vocals
932	6088	Bass & Vocals
124	6098	Percussion
130	3247	Guitar & Backing Vocals
1231	6127	Lead Guitar & Vocals
130	1253	Vocals
130	3252	Drums
1231	6122	Guitar
133	2085	Guitar
134	1068	Guitars, Cuatro & Vocals
134	3225	Bass & Back Vocals
133	2086	Bass
134	1071	Drums
138	314	Bass & Backing vocals
1986	5728	Drums
138	3614	Drums & Backing Vocals
1986	6174	Lead & Backing Vocals
1986	6175	Piano, Keyboards & Backing Vocals
1533	6171	Bass
139	2734	Guitar
139	6176	Drums
139	1217	Vocals, Guitar & Programming
141	6181	Lead Vocals
141	2665	Percussion
141	2663	Drums & Percussion
141	1193	Bass & Backing Vocals
322	6187	Keyboards
322	3930	Vocals
322	6188	Guitar
322	5888	Guitar
322	6189	Guitar
322	6200	Drums
144	6215	Lead Guitar & Vocals
144	6213	Drums & Vocals
144	6212	Bass & Vocals
144	6217	Drums & Vocals
148	118	Bass
148	919	Bass
150	1331	Guitar & Backing Vocals
1479	2369	Bass & Vocals
1479	153	Bass
1479	2371	Guitar & Vocals
287	782	Bass & Vocals
287	253	Drums & Vocals
1936	5657	Bass, Keyboards & Backing Vocals
204	1303	Keyboards
204	2038	Keyboards & programming
204	1301	Drums & Vocals
204	491	Keyboards
204	2046	Guitar
206	2733	Drums & Backing Vocals
206	1460	Bass & Backing Vocals
203	842	Guitar
203	3044	Keyboards
914	6330	Guitar & Lead Vocals
914	993	Drums
1998	6353	Vocals & Bass
1998	433	Drums & Backing Vocals
210	3434	Guitar
210	6380	Guitar
210	6370	Drums
210	3256	Bass
210	6371	Guitar
2000	6395	Lead, Backing Vocals, Bass, Keyboards & Sequence Programming
2000	6407	Guitar
2000	2007	Drums
2000	6391	Drums & Backing Vocals
2000	6402	Lead Guitar
2000	6406	Rhythmic Guitar
212	2070	Drums
2011	921	Vocals & Guitars
2011	5711	Vocals, Bass, Viola & Acoustic Guitar
431	6482	Guitar
431	6491	Vocals
218	2415	Drums & Vocals
218	2415	Drums, Bass & Vocals
218	1021	Bass
218	3679	Guitar & Vocals
218	6490	Bass
220	3405	Guitar
971	6517	Guitar
971	6521	Vocals
971	6515	Drums
445	5463	Drums, Keyboards & Bass
445	6535	Guitars
477	6540	Samplers & Backing Vocals
477	6471	Bass
1854	6539	Vocals & Bass
237	535	Bass & Vocals
228	1601	Bass
237	3149	Drums
237	536	Guitar & Backing Vocals
228	490	Guitar
237	2346	Vocals
229	689	Drums
229	478	Guitar & Keyboards
220	3411	Drums
139	2996	Bass, Guitar & Backing Vocals
212	3343	Bass
220	174	Bass
138	618	Keyboards & Sequences
237	3157	Bass
932	6087	Vocals & Guitar
932	6089	Guitar & Backing Vocals
1799	5093	Lead Guitar
124	2828	Guitar
124	2521	Fender Rhodes & Keyboards
130	3245	Bass & Backing Vocals
1231	6129	Drums
130	3249	Guitar
1231	6124	Bass
1231	2173	Drums
133	2090	Synthesizer & Guitar
134	1840	Bass & Back Vocals
134	3614	Drums
138	372	Vocals, Guitar & Backing vocals
1986	6169	Bass, Guitar & Backing Vocals
1986	6170	Percussion
1533	6168	Drums
138	502	Drums & Percussion
1533	6173	Acoustic Guitar, Keyboards & Harmonica
138	1840	Bass & Backing vocals
1986	6177	Guitar
139	1219	Drums & Backing Vocals
138	2173	Drums
139	1215	Bass & Backing Vocals
141	2046	Guitar & Backing Vocals
141	1191	Vocals
141	1190	Guitar & Backing Vocals
322	6193	Guitar
322	6190	Vocals
322	3700	Bass
322	5677	Guitar
322	180	Keyboards
322	6191	Drums
322	6197	Drums
144	6213	Vocals
144	6213	Lead Guitar & Vocals
144	6216	Vocals
144	6213	Bass & Vocals
148	917	Drums
148	916	Guitar & Vocals
150	1332	Guitar
1479	2032	Drums & Vocals
1479	2366	Guitar & Vocals
1479	6247	Lead Vocals
287	781	Guitar & Vocals
287	780	Guitar & Vocals
287	779	Accordion, Keyboards & Vocals
204	1306	Bass
204	2042	Lead Vocals & Acoustic Guitar
204	1302	Vocals
206	733	Guitar & Backing Vocals
206	730	Lead Vocals & Guitar
206	732	Drums
203	3034	Drums
203	3040	Bass
914	6337	Drums
914	6336	Bass
982	6335	Guitar, Bass, Keyboards & Programming
1998	6347	Piano & Keyboards
1998	6351	Guitar & Backing Vocals
210	6379	Vocals
210	6369	Bass
210	921	Vocals
210	6372	Drums
210	6382	Bass
2000	6404	Lead Guitar
2000	6403	Keybords & Percussion
2000	6396	Keyboards & Backing Vocals
2000	6393	Percussion & Backing Vocals
2000	2212	Bass
212	2064	Vocals & Guitar
2011	3608	Guitars, Viola & Backing Vocals
2011	6481	Vocals, Guitars, Drums Programming & Keyboards
431	6484	Drums
431	6488	Bass
218	6489	Vocals
218	1003	Bass, Guitar & Vocals
218	1003	Guitar & Vocals
220	607	Vocals
220	457	Bass
220	646	Drums
971	6516	Keyboards
971	6522	Drums
971	6518	Bass
477	6541	Guitar
477	6543	Vocals
477	6550	Drums
477	6533	Lead Guitar
477	6478	Drums
1854	6547	Vocals
228	1633	Bass, Samplers & Programming
228	493	Lead Vocals
228	1606	Drums
237	3151	Guitar & Vocals
237	1489	Guitar & Backing Vocals
228	491	Keyboards, Samplers & Programming
229	476	Vocals, Bass & Acoustic Guitar
229	2143	Guitar & Keyboards
1826	4179	Vocals
1826	6602	Rhythm Guitar
1826	6600	Vocals
1826	6594	Bass
204	2460	Lead Vocals
218	1123	Guitar & Vocals
204	3199	Guitar
133	2997	Drums
212	3340	Guitar
229	2145	Guitar
1479	325	Lead Vocals
134	3198	Drums & Percussion
212	5309	Vocals
1826	6599	Bass
792	6605	Bass
1826	6598	Lead Guitar
1826	6604	Bass
792	5108	Drums
792	6437	Drums
889	2584	Drums
889	5226	Drums
232	2639	Guitar
232	1232	Guitar & Backing Vocals
235	112	Vocals & Guitar
1443	2424	Guitar & Vocals
1443	45	Guitar & Vocals
1443	6617	Guitar & Vocals
1829	243	Drums
254	38	Guitars & Vocals
254	923	Drums & Percussion
254	661	Keyboards
254	921	Vocals
254	922	Keyboards
254	2547	Bass
2023	6674	Vocals, Guitar, Bass & Keyboards
2025	6681	Vocals
2025	2696	Bass
2027	6692	Guitar & Backing Vocals
2027	3442	Guitars, Guitar Synthesizer & Backing Vocals
247	2122	Vocals & Acoustic Guitar
247	2123	Vocals & Electric Guitar
249	2617	Drums & Backing Vocals
25	1659	Vocals & Guitar
25	6728	Vocals
25	3181	Guitar
25	4314	Keyboards
25	2144	Guitar
2030	2377	Guitar & Vocals
2030	2373	Guitar & Vocals
489	6813	Drums
489	6815	Bass & Vocals
1813	3868	Vocals
1023	6850	Drums
1023	6851	Vocals, Guitar & Keyboards
259	648	Lead Vocals & Guitar
259	3344	Drums
259	2731	Guitar
897	6900	All Instruments
298	6923	Bass
266	490	Guitar
266	2664	Drums & Percussion
266	494	Bass
2043	6944	Guitar
2043	6940	Vocals & Guitar
2045	5607	Guitar, Vocals & Keyboards
249	774	Lead Vocals, Bass & Keyboards
241	2490	Drums
249	773	Drums
1023	3293	Bass
792	6603	Vocals & Keyboards
792	2953	Lead & Acoustic Guitar
1826	6597	Drums
792	6601	Guitar
889	2582	Guitar & Lead Vocals
792	3249	Guitar
232	1010	Drums
235	2427	Lead Guitar & Keyboards
235	117	Bass
235	113	Drums
1443	2883	Guitar & Vocals
1443	939	Bass
1829	6637	Bass
241	3141	Drums
254	317	Bass & Acoustic Guitar
254	2545	Vocals
254	6642	Electric Piano & Keyboards
254	1647	Guitar
254	924	Guitar
2023	6668	Drums & Percussion
2025	6685	Drums & Percussion
2027	6695	Drums, Percussion & Backing Vocals
2027	4697	Electric Piano, Fender Rhodes, Mini Moog, Clavinet & Backing Vocals
2027	939	Bass & Backing Vocals
2027	4703	Vocals & Percussion
249	6721	Drums
25	6720	Bass
25	2148	Guitar
25	2149	Bass & Acoustic Guitar
25	2154	Drums
2030	2376	Bass & Vocals
2030	2374	Cello
489	6817	Guitar & Vocals
489	6816	Drums
489	773	Drums
1023	6843	Guitar & Backing Vocals
1023	6852	Bass
1023	3299	Bass
2033	2580	Bass
2033	6859	Drums
259	649	Bass & Synthesizers
2033	6856	Vocals
298	6924	Vocals
298	6930	Drums
266	492	Drums
266	491	Keyboards
266	493	Vocals
266	1007	Drums
2043	6939	Bass
2045	6962	Drums & Background Vocals
2045	6958	Bass & Keyboards
338	5310	Bass
338	5310	Bass
289	544	Keyboards
289	543	Bass
289	541	Guitar
289	4026	Lead Vocals & Guitar
289	542	Drums
220	511	Guitar
78	1113	Percussion
173	2221	Guitar
203	2460	Lead Vocals
139	1522	Guitar, Synths & Backing Vocals
169	1621	Drums
78	1523	Keyboards
158	1868	Vocals & Percussion
2037	9281	Vocals
289	539	Keyboards
249	775	Slide, Acoustic & Electric Guitar
183	2978	Bass & Programming
93	2562	Rythmic & Acoustic Guitar
241	2483	Lead Vocals
105	2642	Lead Vocals
82	2998	Drums
632	9011	Vocals
1226	5545	Guitar & Keyboards
1226	5548	Drums, Percussion & Backing Vocals
1226	5547	Vocals & Electro-acoustic Guitar
1074	620	Drums
1074	2510	Drums
165	1381	Keyboards & Sequences
165	1379	Keyboards & Sequences
173	740	Lead Vocals
173	741	Lead Vocals
175	1749	Guitar
175	1750	Guitar
1831	13289	Drums
1831	13290	Drums
963	6981	Guitar
963	6980	Guitar
963	6982	Guitar
963	6987	Guitar
185	3052	Guitar
527	13292	Guitar
527	13293	Guitar
624	4792	Guitar
624	7410	Guitar
1212	2822	Trumpet
1212	459	Trumpet
846	457	Guitar
846	3979	Guitar
646	4148	Guitar
646	4149	Guitar
66	722	Guitar
627	8666	Guitar
627	3958	Guitar
700	13295	Lead Vocals
700	8662	Lead Vocals
916	2090	Guitar
66	719	Guitar
254	29	Guitar
220	645	Guitar
889	2583	Bass & Vocals
916	2085	Guitar
1679	13302	Guitar
1679	13303	Guitar
1829	13312	Percussion
1829	3626	Percussion
259	3339	Bass
259	1124	Bass
702	13296	Drums
702	13297	Drums
1522	3833	Lead Vocals
1522	4491	Lead Vocals
298	13316	Guitar
298	13317	Guitar
924	13298	Guitar
924	13299	Guitar
1967	13304	Vocals
1967	13305	Vocals
2025	5567	Guitar
2025	13313	Guitar
1342	6169	Bass
1342	7228	Bass
1854	13309	Vocals & Percussion
1854	13310	Vocals & Percussion
249	139	Guitar
249	192	Guitar
1955	13300	Lead Vocals
1955	2255	Lead Vocals
1533	13306	Vocals & Guitar
1533	13307	Vocals & Guitar
2033	13314	Guitar
2033	6080	Guitar
1033	2007	Keyboards
1033	13301	Keyboards
2007	1284	Vocals
2007	7704	Vocals
792	1367	Guitar
792	13311	Guitar
2861	850	Miembro
1850	1021	Miembro
1336	1143	Miembro
565	1262	Miembro
1019	1330	Miembro
1833	1505	Miembro
1628	1528	Miembro
295	1875	Miembro
109	1911	Miembro
1973	2108	Miembro
1445	2160	Miembro
1250	2528	Miembro
1928	2572	Miembro
1411	2820	Miembro
1970	2869	Miembro
399	2945	Miembro
912	3022	Miembro
1818	3033	Miembro
184	3270	Miembro
1681	337	Miembro
1993	3408	Miembro
179	3493	Miembro
1617	3526	Miembro
1413	4128	Miembro
264	4332	Miembro
1344	4616	Miembro
683	4752	Miembro
693	5249	Miembro
1976	5793	Miembro
1570	600	Miembro
1471	6052	Miembro
2003	615	Miembro
583	6193	Miembro
521	645	Miembro
1924	6850	Miembro
1817	7313	Miembro
72	7564	Miembro
1304	7910	Miembro
2038	8295	Miembro
1975	83	Miembro
1830	8405	Miembro
211	8505	Miembro
2	8835	Miembro
402	9277	Miembro
1446	9379	Miembro
230	9477	Miembro
349	976	Miembro
1738	9927	Miembro
2138	5826	Miembro
2231	11868	Miembro
2237	2035	Miembro
2243	5631	Miembro
2236	9064	Miembro
2245	9926	Miembro
2332	1434	Miembro
2328	1953	Miembro
2330	1957	Miembro
2460	25	Miembro
2462	3449	Miembro
2471	442	Miembro
2676	11914	Miembro
2785	1231	Miembro
2814	12478	Miembro
2872	12517	Miembro
2856	1272	Miembro
2855	133	Miembro
2794	1390	Miembro
2854	1556	Miembro
2724	2242	Miembro
2719	2247	Miembro
2722	2248	Miembro
2717	2249	Miembro
2720	2250	Miembro
2721	2251	Miembro
2677	2359	Miembro
2665	2529	Miembro
2843	2569	Miembro
2718	3294	Miembro
2812	449	Miembro
2862	450	Miembro
2868	452	Miembro
2786	5211	Miembro
2842	5244	Miembro
2568	718	Miembro
2604	7546	Miembro
2626	855	Miembro
2726	8761	Miembro
1816	610	Miembro
1107	230	Miembro
1980	13288	Miembro
486	13299	Miembro
185	1278	Guitar
577	38	Titular del proyecto
5	38	Titular del proyecto
1387	7209	Titular del proyecto
1722	3346	Titular del proyecto
1801	4117	Titular del proyecto
1475	1287	Titular del proyecto
189	607	Titular del proyecto
1914	8867	Titular del proyecto
1890	2378	Titular del proyecto
1925	3626	Titular del proyecto
379	921	Titular del proyecto
120	2390	Titular del proyecto
1384	4861	Titular del proyecto
1810	3868	Titular del proyecto
1843	3767	Titular del proyecto
1863	4670	Titular del proyecto
1866	490	Titular del proyecto
1870	6301	Titular del proyecto
1880	1077	Titular del proyecto
1889	6612	Titular del proyecto
1893	5110	Titular del proyecto
1911	3100	Titular del proyecto
1923	4026	Titular del proyecto
1942	3393	Titular del proyecto
1947	5757	Titular del proyecto
1951	3467	Titular del proyecto
1991	6243	Titular del proyecto
2001	2029	Titular del proyecto
263	1291	Titular del proyecto
3	39	Titular del proyecto
57	411	Titular del proyecto
